data;tipo;categoria;descricao;valor;metodo
2026-02-16T22:48:00.000Z;ENTRADA;Venda;Venda #685958;170;Pix
2026-02-16T21:29:00.000Z;ENTRADA;Venda;Venda #685958;85;Pix
2026-02-16T21:05:00.000Z;ENTRADA;Venda;Venda #685958;360;Pix
2026-02-16T20:58:00.000Z;ENTRADA;Venda;Venda #685958;360;Pix
2026-02-16T19:28:00.000Z;ENTRADA;Venda;Venda #685958;255;Pix
2026-02-16T19:12:00.000Z;ENTRADA;Venda;Venda #685958;8;Pix
2026-02-16T18:06:00.000Z;ENTRADA;Venda;Venda #685958;170;Pix
2026-02-15T03:00:00.000Z;SAÍDA;DESPESAS OPERACIONAIS;Compra de Insumos Reposição;-2291.52889657845;Dinheiro/Banco
2026-02-13T20:06:00.000Z;ENTRADA;Venda;Venda #685958;135;Pix
2026-02-13T19:24:00.000Z;ENTRADA;Venda;Venda #685958;255;Pix
2026-02-13T19:14:00.000Z;ENTRADA;Venda;Venda #685958;90;Pix
2026-02-13T18:19:00.000Z;ENTRADA;Venda;Venda #685958;360;Pix
2026-02-13T17:33:00.000Z;ENTRADA;Venda;Venda #685958;8;Pix
2026-02-13T15:42:00.000Z;ENTRADA;Venda;Venda #685958;240;Pix
2026-02-13T15:08:00.000Z;ENTRADA;Venda;Venda #685958;135;Pix
2026-02-12T22:39:00.000Z;ENTRADA;Venda;Venda #685958;135;Pix
2026-02-12T22:27:00.000Z;ENTRADA;Venda;Venda #685958;135;Pix
2026-02-12T20:58:00.000Z;ENTRADA;Venda;Venda #685958;360;Pix
2026-02-12T15:23:00.000Z;ENTRADA;Venda;Venda #685958;240;Pix
2026-02-12T15:11:00.000Z;ENTRADA;Venda;Venda #685958;255;Pix
2026-02-12T15:02:00.000Z;ENTRADA;Venda;Venda #685958;45;Pix
2026-02-12T03:00:00.000Z;SAÍDA;DESPESAS OPERACIONAIS;Compra de Insumos Reposição;-2010.045180125027;Dinheiro/Banco
2026-02-11T21:42:00.000Z;ENTRADA;Venda;Venda #685958;120;Pix
2026-02-11T20:43:00.000Z;ENTRADA;Venda;Venda #685958;120;Pix
2026-02-11T18:48:00.000Z;ENTRADA;Venda;Venda #685958;255;Pix
2026-02-11T18:39:00.000Z;ENTRADA;Venda;Venda #685958;24;Pix
2026-02-11T17:37:00.000Z;ENTRADA;Venda;Venda #685958;135;Pix
2026-02-11T16:23:00.000Z;ENTRADA;Venda;Venda #685958;255;Pix
2026-02-11T16:10:00.000Z;ENTRADA;Venda;Venda #685958;360;Pix
2026-02-11T15:03:00.000Z;ENTRADA;Venda;Venda #685958;45;Pix
2026-02-10T21:04:00.000Z;ENTRADA;Venda;Venda #685958;24;Pix
2026-02-10T20:53:00.000Z;ENTRADA;Venda;Venda #685958;24;Pix
2026-02-10T20:50:00.000Z;ENTRADA;Venda;Venda #685958;170;Pix
2026-02-10T20:24:00.000Z;ENTRADA;Venda;Venda #685958;24;Pix
2026-02-10T19:49:00.000Z;ENTRADA;Venda;Venda #685958;240;Pix
2026-02-10T18:32:00.000Z;ENTRADA;Venda;Venda #685958;85;Pix
2026-02-10T17:52:00.000Z;ENTRADA;Venda;Venda #685958;255;Pix
2026-02-10T17:44:00.000Z;ENTRADA;Venda;Venda #685958;135;Pix
2026-02-10T15:10:00.000Z;ENTRADA;Venda;Venda #685958;120;Pix
2026-02-09T18:29:00.000Z;ENTRADA;Venda;Venda #685958;170;Pix
2026-02-09T17:57:00.000Z;ENTRADA;Venda;Venda #685958;8;Pix
2026-02-09T17:56:00.000Z;ENTRADA;Venda;Venda #685958;170;Pix
2026-02-09T16:57:00.000Z;ENTRADA;Venda;Venda #685958;360;Pix
2026-02-09T16:03:00.000Z;ENTRADA;Venda;Venda #685958;135;Pix
2026-02-09T16:03:00.000Z;ENTRADA;Venda;Venda #685958;240;Pix
2026-02-09T15:50:00.000Z;ENTRADA;Venda;Venda #685958;45;Pix
2026-02-09T15:24:00.000Z;ENTRADA;Venda;Venda #685958;90;Pix
2026-02-09T15:10:00.000Z;ENTRADA;Venda;Venda #685958;8;Pix
2026-02-09T03:00:00.000Z;SAÍDA;DESPESAS OPERACIONAIS;Compra de Insumos Reposição;-1604.9523036319486;Dinheiro/Banco
2026-02-06T21:43:00.000Z;ENTRADA;Venda;Venda #685958;170;Pix
2026-02-06T21:19:00.000Z;ENTRADA;Venda;Venda #685958;170;Pix
2026-02-06T21:14:00.000Z;ENTRADA;Venda;Venda #685958;85;Pix
2026-02-06T19:29:00.000Z;ENTRADA;Venda;Venda #685958;170;Pix
2026-02-06T19:01:00.000Z;ENTRADA;Venda;Venda #685958;90;Pix
2026-02-06T18:09:00.000Z;ENTRADA;Venda;Venda #685958;85;Pix
2026-02-06T17:48:00.000Z;ENTRADA;Venda;Venda #685958;170;Pix
2026-02-06T17:47:00.000Z;ENTRADA;Venda;Venda #685958;24;Pix
2026-02-06T16:48:00.000Z;ENTRADA;Venda;Venda #685958;45;Pix
2026-02-06T15:06:00.000Z;ENTRADA;Venda;Venda #685958;90;Pix
2026-02-06T03:00:00.000Z;SAÍDA;DESPESAS OPERACIONAIS;Compra de Insumos Reposição;-2048.283521804663;Dinheiro/Banco
2026-02-05T21:12:00.000Z;ENTRADA;Venda;Venda #685958;255;Pix
2026-02-05T20:38:00.000Z;ENTRADA;Venda;Venda #685958;16;Pix
2026-02-05T20:31:00.000Z;ENTRADA;Venda;Venda #685958;360;Pix
2026-02-05T19:37:00.000Z;ENTRADA;Venda;Venda #685958;8;Pix
2026-02-05T19:36:00.000Z;ENTRADA;Venda;Venda #685958;16;Pix
2026-02-05T17:42:00.000Z;ENTRADA;Venda;Venda #685958;90;Pix
2026-02-05T17:34:00.000Z;ENTRADA;Venda;Venda #685958;255;Pix
2026-02-05T17:26:00.000Z;ENTRADA;Venda;Venda #685958;8;Pix
2026-02-05T15:56:00.000Z;ENTRADA;Venda;Venda #685958;120;Pix
2026-02-04T22:25:00.000Z;ENTRADA;Venda;Venda #685958;170;Pix
2026-02-04T21:10:00.000Z;ENTRADA;Venda;Venda #685958;85;Pix
2026-02-04T19:25:00.000Z;ENTRADA;Venda;Venda #685958;8;Pix
2026-02-04T19:05:00.000Z;ENTRADA;Venda;Venda #685958;85;Pix
2026-02-04T19:01:00.000Z;ENTRADA;Venda;Venda #685958;90;Pix
2026-02-04T18:28:00.000Z;ENTRADA;Venda;Venda #685958;85;Pix
2026-02-04T18:09:00.000Z;ENTRADA;Venda;Venda #685958;90;Pix
2026-02-04T17:04:00.000Z;ENTRADA;Venda;Venda #685958;8;Pix
2026-02-04T16:57:00.000Z;ENTRADA;Venda;Venda #685958;170;Pix
2026-02-04T16:39:00.000Z;ENTRADA;Venda;Venda #685958;45;Pix
2026-02-04T16:34:00.000Z;ENTRADA;Venda;Venda #685958;135;Pix
2026-02-04T16:27:00.000Z;ENTRADA;Venda;Venda #685958;120;Pix
2026-02-03T22:33:00.000Z;ENTRADA;Venda;Venda #685958;8;Pix
2026-02-03T21:55:00.000Z;ENTRADA;Venda;Venda #685958;120;Pix
2026-02-03T21:54:00.000Z;ENTRADA;Venda;Venda #685958;240;Pix
2026-02-03T20:51:00.000Z;ENTRADA;Venda;Venda #685958;120;Pix
2026-02-03T20:41:00.000Z;ENTRADA;Venda;Venda #685958;85;Pix
2026-02-03T19:50:00.000Z;ENTRADA;Venda;Venda #685958;8;Pix
2026-02-03T18:57:00.000Z;ENTRADA;Venda;Venda #685958;90;Pix
2026-02-03T18:45:00.000Z;ENTRADA;Venda;Venda #685958;135;Pix
2026-02-03T15:41:00.000Z;ENTRADA;Venda;Venda #685958;360;Pix
2026-02-03T15:31:00.000Z;ENTRADA;Venda;Venda #685958;16;Pix
2026-02-03T03:00:00.000Z;SAÍDA;DESPESAS OPERACIONAIS;Compra de Insumos Reposição;-2181.138772778906;Dinheiro/Banco
2026-02-02T22:48:00.000Z;ENTRADA;Venda;Venda #685958;8;Pix
2026-02-02T22:20:00.000Z;ENTRADA;Venda;Venda #685958;85;Pix
2026-02-02T21:39:00.000Z;ENTRADA;Venda;Venda #685958;170;Pix
2026-02-02T21:27:00.000Z;ENTRADA;Venda;Venda #685958;8;Pix
2026-02-02T21:24:00.000Z;ENTRADA;Venda;Venda #685958;170;Pix
2026-02-02T21:04:00.000Z;ENTRADA;Venda;Venda #685958;24;Pix
2026-02-02T20:30:00.000Z;ENTRADA;Venda;Venda #685958;16;Pix
2026-02-02T20:27:00.000Z;ENTRADA;Venda;Venda #685958;170;Pix
2026-02-02T19:39:00.000Z;ENTRADA;Venda;Venda #685958;120;Pix
2026-02-02T18:51:00.000Z;ENTRADA;Venda;Venda #685958;170;Pix
2026-02-02T18:48:00.000Z;ENTRADA;Venda;Venda #685958;16;Pix
2026-02-02T17:54:00.000Z;ENTRADA;Venda;Venda #685958;120;Pix
2026-02-02T15:51:00.000Z;ENTRADA;Venda;Venda #685958;85;Pix
2026-01-30T22:56:00.000Z;ENTRADA;Venda;Venda #685958;135;Pix
2026-01-30T22:33:00.000Z;ENTRADA;Venda;Venda #685958;135;Pix
2026-01-30T22:16:00.000Z;ENTRADA;Venda;Venda #685958;8;Pix
2026-01-30T21:26:00.000Z;ENTRADA;Venda;Venda #685958;90;Pix
2026-01-30T21:19:00.000Z;ENTRADA;Venda;Venda #685958;8;Pix
2026-01-30T21:14:00.000Z;ENTRADA;Venda;Venda #685958;24;Pix
2026-01-30T21:14:00.000Z;ENTRADA;Venda;Venda #685958;45;Pix
2026-01-30T21:14:00.000Z;ENTRADA;Venda;Venda #685958;135;Pix
2026-01-30T21:12:00.000Z;ENTRADA;Venda;Venda #685958;85;Pix
2026-01-30T21:04:00.000Z;ENTRADA;Venda;Venda #685958;170;Pix
2026-01-30T21:04:00.000Z;ENTRADA;Venda;Venda #685958;24;Pix
2026-01-30T21:02:00.000Z;ENTRADA;Venda;Venda #685958;135;Pix
2026-01-30T20:58:00.000Z;ENTRADA;Venda;Venda #685958;85;Pix
2026-01-30T20:45:00.000Z;ENTRADA;Venda;Venda #685958;16;Pix
2026-01-30T20:44:00.000Z;ENTRADA;Venda;Venda #685958;240;Pix
2026-01-30T20:40:00.000Z;ENTRADA;Venda;Venda #685958;135;Pix
2026-01-30T20:34:00.000Z;ENTRADA;Venda;Venda #685958;120;Pix
2026-01-30T20:26:00.000Z;ENTRADA;Venda;Venda #685958;90;Pix
2026-01-30T20:23:00.000Z;ENTRADA;Venda;Venda #685958;45;Pix
2026-01-30T20:16:00.000Z;ENTRADA;Venda;Venda #685958;24;Pix
2026-01-30T19:53:00.000Z;ENTRADA;Venda;Venda #685958;120;Pix
2026-01-30T19:51:00.000Z;ENTRADA;Venda;Venda #685958;16;Pix
2026-01-30T19:31:00.000Z;ENTRADA;Venda;Venda #685958;120;Pix
2026-01-30T19:20:00.000Z;ENTRADA;Venda;Venda #685958;85;Pix
2026-01-30T19:01:00.000Z;ENTRADA;Venda;Venda #685958;24;Pix
2026-01-30T19:00:00.000Z;ENTRADA;Venda;Venda #685958;8;Pix
2026-01-30T18:57:00.000Z;ENTRADA;Venda;Venda #685958;85;Pix
2026-01-30T18:39:00.000Z;ENTRADA;Venda;Venda #685958;120;Pix
2026-01-30T18:35:00.000Z;ENTRADA;Venda;Venda #685958;120;Pix
2026-01-30T18:29:00.000Z;ENTRADA;Venda;Venda #685958;170;Pix
2026-01-30T18:23:00.000Z;ENTRADA;Venda;Venda #685958;240;Pix
2026-01-30T18:19:00.000Z;ENTRADA;Venda;Venda #685958;255;Pix
2026-01-30T18:16:00.000Z;ENTRADA;Venda;Venda #685958;90;Pix
2026-01-30T18:11:00.000Z;ENTRADA;Venda;Venda #685958;255;Pix
2026-01-30T18:10:00.000Z;ENTRADA;Venda;Venda #685958;360;Pix
2026-01-30T17:58:00.000Z;ENTRADA;Venda;Venda #685958;85;Pix
2026-01-30T17:56:00.000Z;ENTRADA;Venda;Venda #685958;120;Pix
2026-01-30T17:37:00.000Z;ENTRADA;Venda;Venda #685958;24;Pix
2026-01-30T17:36:00.000Z;ENTRADA;Venda;Venda #685958;45;Pix
2026-01-30T17:29:00.000Z;ENTRADA;Venda;Venda #685958;240;Pix
2026-01-30T17:23:00.000Z;ENTRADA;Venda;Venda #685958;135;Pix
2026-01-30T17:11:00.000Z;ENTRADA;Venda;Venda #685958;360;Pix
2026-01-30T17:10:00.000Z;ENTRADA;Venda;Venda #685958;90;Pix
2026-01-30T17:00:00.000Z;ENTRADA;Venda;Venda #685958;8;Pix
2026-01-30T16:46:00.000Z;ENTRADA;Venda;Venda #685958;170;Pix
2026-01-30T16:44:00.000Z;ENTRADA;Venda;Venda #685958;255;Pix
2026-01-30T16:43:00.000Z;ENTRADA;Venda;Venda #685958;120;Pix
2026-01-30T16:18:00.000Z;ENTRADA;Venda;Venda #685958;85;Pix
2026-01-30T16:02:00.000Z;ENTRADA;Venda;Venda #685958;360;Pix
2026-01-30T16:01:00.000Z;ENTRADA;Venda;Venda #685958;135;Pix
2026-01-30T15:44:00.000Z;ENTRADA;Venda;Venda #685958;120;Pix
2026-01-30T15:33:00.000Z;ENTRADA;Venda;Venda #685958;45;Pix
2026-01-30T15:17:00.000Z;ENTRADA;Venda;Venda #685958;240;Pix
2026-01-30T15:13:00.000Z;ENTRADA;Venda;Venda #685958;45;Pix
2026-01-30T15:09:00.000Z;ENTRADA;Venda;Venda #685958;24;Pix
2026-01-30T15:07:00.000Z;ENTRADA;Venda;Venda #685958;85;Pix
2026-01-30T03:00:00.000Z;SAÍDA;DESPESAS OPERACIONAIS;Compra de Insumos Reposição;-2423.7438213704017;Dinheiro/Banco
2026-01-29T22:41:00.000Z;ENTRADA;Venda;Venda #685958;240;Pix
2026-01-29T22:25:00.000Z;ENTRADA;Venda;Venda #685958;135;Pix
2026-01-29T21:44:00.000Z;ENTRADA;Venda;Venda #685958;170;Pix
2026-01-29T21:19:00.000Z;ENTRADA;Venda;Venda #685958;170;Pix
2026-01-29T21:13:00.000Z;ENTRADA;Venda;Venda #685958;135;Pix
2026-01-29T21:11:00.000Z;ENTRADA;Venda;Venda #685958;360;Pix
2026-01-29T21:10:00.000Z;ENTRADA;Venda;Venda #685958;170;Pix
2026-01-29T21:05:00.000Z;ENTRADA;Venda;Venda #685958;45;Pix
2026-01-29T20:49:00.000Z;ENTRADA;Venda;Venda #685958;135;Pix
2026-01-29T20:46:00.000Z;ENTRADA;Venda;Venda #685958;170;Pix
2026-01-29T20:27:00.000Z;ENTRADA;Venda;Venda #685958;240;Pix
2026-01-29T20:25:00.000Z;ENTRADA;Venda;Venda #685958;255;Pix
2026-01-29T20:16:00.000Z;ENTRADA;Venda;Venda #685958;135;Pix
2026-01-29T19:40:00.000Z;ENTRADA;Venda;Venda #685958;120;Pix
2026-01-29T19:32:00.000Z;ENTRADA;Venda;Venda #685958;255;Pix
2026-01-29T19:27:00.000Z;ENTRADA;Venda;Venda #685958;85;Pix
2026-01-29T19:02:00.000Z;ENTRADA;Venda;Venda #685958;85;Pix
2026-01-29T18:56:00.000Z;ENTRADA;Venda;Venda #685958;16;Pix
2026-01-29T18:44:00.000Z;ENTRADA;Venda;Venda #685958;85;Pix
2026-01-29T18:37:00.000Z;ENTRADA;Venda;Venda #685958;90;Pix
2026-01-29T18:34:00.000Z;ENTRADA;Venda;Venda #685958;90;Pix
2026-01-29T18:33:00.000Z;ENTRADA;Venda;Venda #685958;135;Pix
2026-01-29T18:24:00.000Z;ENTRADA;Venda;Venda #685958;360;Pix
2026-01-29T18:17:00.000Z;ENTRADA;Venda;Venda #685958;16;Pix
2026-01-29T18:16:00.000Z;ENTRADA;Venda;Venda #685958;85;Pix
2026-01-29T18:09:00.000Z;ENTRADA;Venda;Venda #685958;120;Pix
2026-01-29T18:07:00.000Z;ENTRADA;Venda;Venda #685958;85;Pix
2026-01-29T17:53:00.000Z;ENTRADA;Venda;Venda #685958;16;Pix
2026-01-29T17:42:00.000Z;ENTRADA;Venda;Venda #685958;24;Pix
2026-01-29T17:37:00.000Z;ENTRADA;Venda;Venda #685958;170;Pix
2026-01-29T17:33:00.000Z;ENTRADA;Venda;Venda #685958;90;Pix
2026-01-29T17:12:00.000Z;ENTRADA;Venda;Venda #685958;360;Pix
2026-01-29T17:05:00.000Z;ENTRADA;Venda;Venda #685958;135;Pix
2026-01-29T17:00:00.000Z;ENTRADA;Venda;Venda #685958;24;Pix
2026-01-29T16:51:00.000Z;ENTRADA;Venda;Venda #685958;90;Pix
2026-01-29T16:39:00.000Z;ENTRADA;Venda;Venda #685958;85;Pix
2026-01-29T16:39:00.000Z;ENTRADA;Venda;Venda #685958;120;Pix
2026-01-29T16:38:00.000Z;ENTRADA;Venda;Venda #685958;360;Pix
2026-01-29T16:19:00.000Z;ENTRADA;Venda;Venda #685958;360;Pix
2026-01-29T16:15:00.000Z;ENTRADA;Venda;Venda #685958;120;Pix
2026-01-29T16:13:00.000Z;ENTRADA;Venda;Venda #685958;16;Pix
2026-01-29T16:04:00.000Z;ENTRADA;Venda;Venda #685958;90;Pix
2026-01-29T16:00:00.000Z;ENTRADA;Venda;Venda #685958;120;Pix
2026-01-29T15:49:00.000Z;ENTRADA;Venda;Venda #685958;255;Pix
2026-01-29T15:21:00.000Z;ENTRADA;Venda;Venda #685958;90;Pix
2026-01-29T15:14:00.000Z;ENTRADA;Venda;Venda #685958;24;Pix
2026-01-29T15:09:00.000Z;ENTRADA;Venda;Venda #685958;135;Pix
2026-01-28T22:56:00.000Z;ENTRADA;Venda;Venda #685958;8;Pix
2026-01-28T22:55:00.000Z;ENTRADA;Venda;Venda #685958;120;Pix
2026-01-28T22:53:00.000Z;ENTRADA;Venda;Venda #685958;170;Pix
2026-01-28T22:47:00.000Z;ENTRADA;Venda;Venda #685958;16;Pix
2026-01-28T22:39:00.000Z;ENTRADA;Venda;Venda #685958;8;Pix
2026-01-28T22:24:00.000Z;ENTRADA;Venda;Venda #685958;120;Pix
2026-01-28T22:19:00.000Z;ENTRADA;Venda;Venda #685958;45;Pix
2026-01-28T22:16:00.000Z;ENTRADA;Venda;Venda #685958;170;Pix
2026-01-28T22:07:00.000Z;ENTRADA;Venda;Venda #685958;170;Pix
2026-01-28T22:01:00.000Z;ENTRADA;Venda;Venda #685958;255;Pix
2026-01-28T21:25:00.000Z;ENTRADA;Venda;Venda #685958;240;Pix
2026-01-28T21:22:00.000Z;ENTRADA;Venda;Venda #685958;24;Pix
2026-01-28T21:09:00.000Z;ENTRADA;Venda;Venda #685958;90;Pix
2026-01-28T21:06:00.000Z;ENTRADA;Venda;Venda #685958;120;Pix
2026-01-28T21:06:00.000Z;ENTRADA;Venda;Venda #685958;16;Pix
2026-01-28T20:52:00.000Z;ENTRADA;Venda;Venda #685958;8;Pix
2026-01-28T20:36:00.000Z;ENTRADA;Venda;Venda #685958;85;Pix
2026-01-28T20:31:00.000Z;ENTRADA;Venda;Venda #685958;45;Pix
2026-01-28T20:12:00.000Z;ENTRADA;Venda;Venda #685958;90;Pix
2026-01-28T20:08:00.000Z;ENTRADA;Venda;Venda #685958;120;Pix
2026-01-28T20:05:00.000Z;ENTRADA;Venda;Venda #685958;135;Pix
2026-01-28T20:03:00.000Z;ENTRADA;Venda;Venda #685958;135;Pix
2026-01-28T19:51:00.000Z;ENTRADA;Venda;Venda #685958;8;Pix
2026-01-28T19:46:00.000Z;ENTRADA;Venda;Venda #685958;8;Pix
2026-01-28T19:42:00.000Z;ENTRADA;Venda;Venda #685958;24;Pix
2026-01-28T19:26:00.000Z;ENTRADA;Venda;Venda #685958;45;Pix
2026-01-28T19:10:00.000Z;ENTRADA;Venda;Venda #685958;16;Pix
2026-01-28T18:55:00.000Z;ENTRADA;Venda;Venda #685958;360;Pix
2026-01-28T18:53:00.000Z;ENTRADA;Venda;Venda #685958;255;Pix
2026-01-28T18:44:00.000Z;ENTRADA;Venda;Venda #685958;255;Pix
2026-01-28T18:41:00.000Z;ENTRADA;Venda;Venda #685958;85;Pix
2026-01-28T18:39:00.000Z;ENTRADA;Venda;Venda #685958;255;Pix
2026-01-28T18:17:00.000Z;ENTRADA;Venda;Venda #685958;360;Pix
2026-01-28T18:12:00.000Z;ENTRADA;Venda;Venda #685958;170;Pix
2026-01-28T18:11:00.000Z;ENTRADA;Venda;Venda #685958;240;Pix
2026-01-28T17:25:00.000Z;ENTRADA;Venda;Venda #685958;8;Pix
2026-01-28T17:20:00.000Z;ENTRADA;Venda;Venda #685958;85;Pix
2026-01-28T17:15:00.000Z;ENTRADA;Venda;Venda #685958;170;Pix
2026-01-28T17:09:00.000Z;ENTRADA;Venda;Venda #685958;24;Pix
2026-01-28T16:57:00.000Z;ENTRADA;Venda;Venda #685958;240;Pix
2026-01-28T16:49:00.000Z;ENTRADA;Venda;Venda #685958;24;Pix
2026-01-28T16:42:00.000Z;ENTRADA;Venda;Venda #685958;24;Pix
2026-01-28T16:29:00.000Z;ENTRADA;Venda;Venda #685958;360;Pix
2026-01-28T16:15:00.000Z;ENTRADA;Venda;Venda #685958;85;Pix
2026-01-28T16:10:00.000Z;ENTRADA;Venda;Venda #685958;240;Pix
2026-01-28T15:43:00.000Z;ENTRADA;Venda;Venda #685958;8;Pix
2026-01-28T15:33:00.000Z;ENTRADA;Venda;Venda #685958;360;Pix
2026-01-28T15:28:00.000Z;ENTRADA;Venda;Venda #685958;360;Pix
2026-01-28T15:03:00.000Z;ENTRADA;Venda;Venda #685958;360;Pix
2026-01-27T22:58:00.000Z;ENTRADA;Venda;Venda #685958;90;Pix
2026-01-27T22:42:00.000Z;ENTRADA;Venda;Venda #685958;24;Pix
2026-01-27T22:23:00.000Z;ENTRADA;Venda;Venda #685958;360;Pix
2026-01-27T22:02:00.000Z;ENTRADA;Venda;Venda #685958;45;Pix
2026-01-27T22:01:00.000Z;ENTRADA;Venda;Venda #685958;240;Pix
2026-01-27T21:44:00.000Z;ENTRADA;Venda;Venda #685958;135;Pix
2026-01-27T21:41:00.000Z;ENTRADA;Venda;Venda #685958;45;Pix
2026-01-27T21:23:00.000Z;ENTRADA;Venda;Venda #685958;16;Pix
2026-01-27T21:22:00.000Z;ENTRADA;Venda;Venda #685958;170;Pix
2026-01-27T20:44:00.000Z;ENTRADA;Venda;Venda #685958;90;Pix
2026-01-27T20:40:00.000Z;ENTRADA;Venda;Venda #685958;170;Pix
2026-01-27T20:29:00.000Z;ENTRADA;Venda;Venda #685958;360;Pix
2026-01-27T20:23:00.000Z;ENTRADA;Venda;Venda #685958;24;Pix
2026-01-27T20:19:00.000Z;ENTRADA;Venda;Venda #685958;170;Pix
2026-01-27T20:18:00.000Z;ENTRADA;Venda;Venda #685958;170;Pix
2026-01-27T20:11:00.000Z;ENTRADA;Venda;Venda #685958;24;Pix
2026-01-27T19:53:00.000Z;ENTRADA;Venda;Venda #685958;90;Pix
2026-01-27T19:51:00.000Z;ENTRADA;Venda;Venda #685958;8;Pix
2026-01-27T19:36:00.000Z;ENTRADA;Venda;Venda #685958;45;Pix
2026-01-27T19:25:00.000Z;ENTRADA;Venda;Venda #685958;170;Pix
2026-01-27T19:20:00.000Z;ENTRADA;Venda;Venda #685958;85;Pix
2026-01-27T19:19:00.000Z;ENTRADA;Venda;Venda #685958;90;Pix
2026-01-27T19:18:00.000Z;ENTRADA;Venda;Venda #685958;255;Pix
2026-01-27T19:09:00.000Z;ENTRADA;Venda;Venda #685958;24;Pix
2026-01-27T19:04:00.000Z;ENTRADA;Venda;Venda #685958;90;Pix
2026-01-27T19:00:00.000Z;ENTRADA;Venda;Venda #685958;8;Pix
2026-01-27T18:58:00.000Z;ENTRADA;Venda;Venda #685958;135;Pix
2026-01-27T18:54:00.000Z;ENTRADA;Venda;Venda #685958;45;Pix
2026-01-27T18:53:00.000Z;ENTRADA;Venda;Venda #685958;8;Pix
2026-01-27T18:42:00.000Z;ENTRADA;Venda;Venda #685958;240;Pix
2026-01-27T18:18:00.000Z;ENTRADA;Venda;Venda #685958;240;Pix
2026-01-27T18:16:00.000Z;ENTRADA;Venda;Venda #685958;255;Pix
2026-01-27T18:10:00.000Z;ENTRADA;Venda;Venda #685958;45;Pix
2026-01-27T18:04:00.000Z;ENTRADA;Venda;Venda #685958;170;Pix
2026-01-27T17:58:00.000Z;ENTRADA;Venda;Venda #685958;16;Pix
2026-01-27T17:58:00.000Z;ENTRADA;Venda;Venda #685958;240;Pix
2026-01-27T17:40:00.000Z;ENTRADA;Venda;Venda #685958;170;Pix
2026-01-27T17:35:00.000Z;ENTRADA;Venda;Venda #685958;45;Pix
2026-01-27T17:35:00.000Z;ENTRADA;Venda;Venda #685958;8;Pix
2026-01-27T17:30:00.000Z;ENTRADA;Venda;Venda #685958;90;Pix
2026-01-27T17:25:00.000Z;ENTRADA;Venda;Venda #685958;240;Pix
2026-01-27T17:19:00.000Z;ENTRADA;Venda;Venda #685958;170;Pix
2026-01-27T17:18:00.000Z;ENTRADA;Venda;Venda #685958;255;Pix
2026-01-27T17:07:00.000Z;ENTRADA;Venda;Venda #685958;16;Pix
2026-01-27T17:05:00.000Z;ENTRADA;Venda;Venda #685958;16;Pix
2026-01-27T17:00:00.000Z;ENTRADA;Venda;Venda #685958;8;Pix
2026-01-27T16:48:00.000Z;ENTRADA;Venda;Venda #685958;90;Pix
2026-01-27T16:48:00.000Z;ENTRADA;Venda;Venda #685958;120;Pix
2026-01-27T16:44:00.000Z;ENTRADA;Venda;Venda #685958;120;Pix
2026-01-27T16:41:00.000Z;ENTRADA;Venda;Venda #685958;8;Pix
2026-01-27T16:41:00.000Z;ENTRADA;Venda;Venda #685958;240;Pix
2026-01-27T16:28:00.000Z;ENTRADA;Venda;Venda #685958;120;Pix
2026-01-27T16:16:00.000Z;ENTRADA;Venda;Venda #685958;170;Pix
2026-01-27T15:54:00.000Z;ENTRADA;Venda;Venda #685958;170;Pix
2026-01-27T15:33:00.000Z;ENTRADA;Venda;Venda #685958;16;Pix
2026-01-27T15:19:00.000Z;ENTRADA;Venda;Venda #685958;90;Pix
2026-01-27T15:00:00.000Z;ENTRADA;Venda;Venda #685958;135;Pix
2026-01-27T03:00:00.000Z;SAÍDA;DESPESAS OPERACIONAIS;Compra de Insumos Reposição;-2392.747802977573;Dinheiro/Banco
2026-01-26T22:46:00.000Z;ENTRADA;Venda;Venda #685958;170;Pix
2026-01-26T22:43:00.000Z;ENTRADA;Venda;Venda #685958;120;Pix
2026-01-26T22:35:00.000Z;ENTRADA;Venda;Venda #685958;90;Pix
2026-01-26T22:33:00.000Z;ENTRADA;Venda;Venda #685958;85;Pix
2026-01-26T22:27:00.000Z;ENTRADA;Venda;Venda #685958;135;Pix
2026-01-26T22:24:00.000Z;ENTRADA;Venda;Venda #685958;170;Pix
2026-01-26T22:16:00.000Z;ENTRADA;Venda;Venda #685958;255;Pix
2026-01-26T22:01:00.000Z;ENTRADA;Venda;Venda #685958;16;Pix
2026-01-26T21:37:00.000Z;ENTRADA;Venda;Venda #685958;135;Pix
2026-01-26T21:31:00.000Z;ENTRADA;Venda;Venda #685958;240;Pix
2026-01-26T21:28:00.000Z;ENTRADA;Venda;Venda #685958;45;Pix
2026-01-26T21:08:00.000Z;ENTRADA;Venda;Venda #685958;255;Pix
2026-01-26T21:02:00.000Z;ENTRADA;Venda;Venda #685958;360;Pix
2026-01-26T20:55:00.000Z;ENTRADA;Venda;Venda #685958;8;Pix
2026-01-26T20:55:00.000Z;ENTRADA;Venda;Venda #685958;120;Pix
2026-01-26T20:54:00.000Z;ENTRADA;Venda;Venda #685958;45;Pix
2026-01-26T20:53:00.000Z;ENTRADA;Venda;Venda #685958;45;Pix
2026-01-26T20:47:00.000Z;ENTRADA;Venda;Venda #685958;255;Pix
2026-01-26T20:32:00.000Z;ENTRADA;Venda;Venda #685958;255;Pix
2026-01-26T20:31:00.000Z;ENTRADA;Venda;Venda #685958;240;Pix
2026-01-26T20:30:00.000Z;ENTRADA;Venda;Venda #685958;85;Pix
2026-01-26T20:16:00.000Z;ENTRADA;Venda;Venda #685958;90;Pix
2026-01-26T20:08:00.000Z;ENTRADA;Venda;Venda #685958;8;Pix
2026-01-26T20:06:00.000Z;ENTRADA;Venda;Venda #685958;360;Pix
2026-01-26T20:06:00.000Z;ENTRADA;Venda;Venda #685958;45;Pix
2026-01-26T19:55:00.000Z;ENTRADA;Venda;Venda #685958;8;Pix
2026-01-26T19:39:00.000Z;ENTRADA;Venda;Venda #685958;8;Pix
2026-01-26T19:29:00.000Z;ENTRADA;Venda;Venda #685958;135;Pix
2026-01-26T19:14:00.000Z;ENTRADA;Venda;Venda #685958;8;Pix
2026-01-26T19:09:00.000Z;ENTRADA;Venda;Venda #685958;24;Pix
2026-01-26T18:44:00.000Z;ENTRADA;Venda;Venda #685958;170;Pix
2026-01-26T18:25:00.000Z;ENTRADA;Venda;Venda #685958;170;Pix
2026-01-26T18:19:00.000Z;ENTRADA;Venda;Venda #685958;45;Pix
2026-01-26T18:06:00.000Z;ENTRADA;Venda;Venda #685958;8;Pix
2026-01-26T18:03:00.000Z;ENTRADA;Venda;Venda #685958;45;Pix
2026-01-26T17:55:00.000Z;ENTRADA;Venda;Venda #685958;120;Pix
2026-01-26T17:51:00.000Z;ENTRADA;Venda;Venda #685958;8;Pix
2026-01-26T17:11:00.000Z;ENTRADA;Venda;Venda #685958;8;Pix
2026-01-26T17:10:00.000Z;ENTRADA;Venda;Venda #685958;170;Pix
2026-01-26T16:58:00.000Z;ENTRADA;Venda;Venda #685958;8;Pix
2026-01-26T16:58:00.000Z;ENTRADA;Venda;Venda #685958;24;Pix
2026-01-26T16:52:00.000Z;ENTRADA;Venda;Venda #685958;85;Pix
2026-01-26T16:51:00.000Z;ENTRADA;Venda;Venda #685958;120;Pix
2026-01-26T16:51:00.000Z;ENTRADA;Venda;Venda #685958;135;Pix
2026-01-26T16:46:00.000Z;ENTRADA;Venda;Venda #685958;8;Pix
2026-01-26T16:42:00.000Z;ENTRADA;Venda;Venda #685958;8;Pix
2026-01-26T16:40:00.000Z;ENTRADA;Venda;Venda #685958;16;Pix
2026-01-26T16:37:00.000Z;ENTRADA;Venda;Venda #685958;135;Pix
2026-01-26T16:35:00.000Z;ENTRADA;Venda;Venda #685958;24;Pix
2026-01-26T16:34:00.000Z;ENTRADA;Venda;Venda #685958;360;Pix
2026-01-26T16:05:00.000Z;ENTRADA;Venda;Venda #685958;85;Pix
2026-01-26T15:47:00.000Z;ENTRADA;Venda;Venda #685958;170;Pix
2026-01-26T15:45:00.000Z;ENTRADA;Venda;Venda #685958;135;Pix
2026-01-26T15:45:00.000Z;ENTRADA;Venda;Venda #685958;170;Pix
2026-01-26T15:28:00.000Z;ENTRADA;Venda;Venda #685958;360;Pix
2026-01-26T15:17:00.000Z;ENTRADA;Venda;Venda #685958;170;Pix
2026-01-24T03:00:00.000Z;SAÍDA;DESPESAS OPERACIONAIS;Compra de Insumos Reposição;-1560.040690888787;Dinheiro/Banco
2026-01-23T22:35:00.000Z;ENTRADA;Venda;Venda #685958;170;Pix
2026-01-23T22:28:00.000Z;ENTRADA;Venda;Venda #685958;24;Pix
2026-01-23T22:25:00.000Z;ENTRADA;Venda;Venda #685958;240;Pix
2026-01-23T22:12:00.000Z;ENTRADA;Venda;Venda #685958;255;Pix
2026-01-23T22:08:00.000Z;ENTRADA;Venda;Venda #685958;240;Pix
2026-01-23T22:07:00.000Z;ENTRADA;Venda;Venda #685958;170;Pix
2026-01-23T22:05:00.000Z;ENTRADA;Venda;Venda #685958;90;Pix
2026-01-23T22:02:00.000Z;ENTRADA;Venda;Venda #685958;16;Pix
2026-01-23T21:55:00.000Z;ENTRADA;Venda;Venda #685958;120;Pix
2026-01-23T21:54:00.000Z;ENTRADA;Venda;Venda #685958;24;Pix
2026-01-23T21:52:00.000Z;ENTRADA;Venda;Venda #685958;90;Pix
2026-01-23T21:42:00.000Z;ENTRADA;Venda;Venda #685958;24;Pix
2026-01-23T21:29:00.000Z;ENTRADA;Venda;Venda #685958;135;Pix
2026-01-23T21:17:00.000Z;ENTRADA;Venda;Venda #685958;120;Pix
2026-01-23T21:16:00.000Z;ENTRADA;Venda;Venda #685958;90;Pix
2026-01-23T21:13:00.000Z;ENTRADA;Venda;Venda #685958;45;Pix
2026-01-23T21:09:00.000Z;ENTRADA;Venda;Venda #685958;240;Pix
2026-01-23T20:32:00.000Z;ENTRADA;Venda;Venda #685958;360;Pix
2026-01-23T20:17:00.000Z;ENTRADA;Venda;Venda #685958;90;Pix
2026-01-23T20:17:00.000Z;ENTRADA;Venda;Venda #685958;8;Pix
2026-01-23T20:12:00.000Z;ENTRADA;Venda;Venda #685958;255;Pix
2026-01-23T20:09:00.000Z;ENTRADA;Venda;Venda #685958;16;Pix
2026-01-23T19:54:00.000Z;ENTRADA;Venda;Venda #685958;120;Pix
2026-01-23T19:53:00.000Z;ENTRADA;Venda;Venda #685958;90;Pix
2026-01-23T19:43:00.000Z;ENTRADA;Venda;Venda #685958;16;Pix
2026-01-23T19:21:00.000Z;ENTRADA;Venda;Venda #685958;360;Pix
2026-01-23T19:08:00.000Z;ENTRADA;Venda;Venda #685958;8;Pix
2026-01-23T19:00:00.000Z;ENTRADA;Venda;Venda #685958;120;Pix
2026-01-23T18:56:00.000Z;ENTRADA;Venda;Venda #685958;135;Pix
2026-01-23T18:23:00.000Z;ENTRADA;Venda;Venda #685958;85;Pix
2026-01-23T18:21:00.000Z;ENTRADA;Venda;Venda #685958;16;Pix
2026-01-23T18:20:00.000Z;ENTRADA;Venda;Venda #685958;85;Pix
2026-01-23T18:01:00.000Z;ENTRADA;Venda;Venda #685958;16;Pix
2026-01-23T17:55:00.000Z;ENTRADA;Venda;Venda #685958;360;Pix
2026-01-23T17:43:00.000Z;ENTRADA;Venda;Venda #685958;8;Pix
2026-01-23T17:39:00.000Z;ENTRADA;Venda;Venda #685958;120;Pix
2026-01-23T17:07:00.000Z;ENTRADA;Venda;Venda #685958;240;Pix
2026-01-23T16:44:00.000Z;ENTRADA;Venda;Venda #685958;170;Pix
2026-01-23T16:37:00.000Z;ENTRADA;Venda;Venda #685958;16;Pix
2026-01-23T16:26:00.000Z;ENTRADA;Venda;Venda #685958;135;Pix
2026-01-23T16:16:00.000Z;ENTRADA;Venda;Venda #685958;85;Pix
2026-01-23T16:10:00.000Z;ENTRADA;Venda;Venda #685958;170;Pix
2026-01-23T16:09:00.000Z;ENTRADA;Venda;Venda #685958;240;Pix
2026-01-23T16:03:00.000Z;ENTRADA;Venda;Venda #685958;360;Pix
2026-01-23T15:43:00.000Z;ENTRADA;Venda;Venda #685958;360;Pix
2026-01-23T15:37:00.000Z;ENTRADA;Venda;Venda #685958;16;Pix
2026-01-23T15:35:00.000Z;ENTRADA;Venda;Venda #685958;360;Pix
2026-01-23T15:24:00.000Z;ENTRADA;Venda;Venda #685958;24;Pix
2026-01-23T15:17:00.000Z;ENTRADA;Venda;Venda #685958;16;Pix
2026-01-22T22:51:00.000Z;ENTRADA;Venda;Venda #685958;360;Pix
2026-01-22T22:41:00.000Z;ENTRADA;Venda;Venda #685957;24;Pix
2026-01-22T22:36:00.000Z;ENTRADA;Venda;Venda #685958;135;Pix
2026-01-22T22:27:00.000Z;ENTRADA;Venda;Venda #685957;90;Pix
2026-01-22T22:23:00.000Z;ENTRADA;Venda;Venda #685957;360;Pix
2026-01-22T21:51:00.000Z;ENTRADA;Venda;Venda #685957;135;Pix
2026-01-22T21:43:00.000Z;ENTRADA;Venda;Venda #685958;170;Pix
2026-01-22T21:40:00.000Z;ENTRADA;Venda;Venda #685958;255;Pix
2026-01-22T21:38:00.000Z;ENTRADA;Venda;Venda #685957;16;Pix
2026-01-22T21:29:00.000Z;ENTRADA;Venda;Venda #685957;170;Pix
2026-01-22T21:27:00.000Z;ENTRADA;Venda;Venda #685957;16;Pix
2026-01-22T21:26:00.000Z;ENTRADA;Venda;Venda #685957;360;Pix
2026-01-22T21:24:00.000Z;ENTRADA;Venda;Venda #685958;16;Pix
2026-01-22T21:18:00.000Z;ENTRADA;Venda;Venda #685958;45;Pix
2026-01-22T21:06:00.000Z;ENTRADA;Venda;Venda #685958;8;Pix
2026-01-22T20:44:00.000Z;ENTRADA;Venda;Venda #685957;90;Pix
2026-01-22T20:44:00.000Z;ENTRADA;Venda;Venda #685957;135;Pix
2026-01-22T20:41:00.000Z;ENTRADA;Venda;Venda #685958;255;Pix
2026-01-22T20:27:00.000Z;ENTRADA;Venda;Venda #685957;16;Pix
2026-01-22T20:07:00.000Z;ENTRADA;Venda;Venda #685957;24;Pix
2026-01-22T20:07:00.000Z;ENTRADA;Venda;Venda #685957;8;Pix
2026-01-22T19:43:00.000Z;ENTRADA;Venda;Venda #685958;240;Pix
2026-01-22T19:35:00.000Z;ENTRADA;Venda;Venda #685957;360;Pix
2026-01-22T19:29:00.000Z;ENTRADA;Venda;Venda #685957;170;Pix
2026-01-22T19:22:00.000Z;ENTRADA;Venda;Venda #685957;360;Pix
2026-01-22T19:20:00.000Z;ENTRADA;Venda;Venda #685957;135;Pix
2026-01-22T19:19:00.000Z;ENTRADA;Venda;Venda #685958;90;Pix
2026-01-22T19:13:00.000Z;ENTRADA;Venda;Venda #685957;45;Pix
2026-01-22T18:52:00.000Z;ENTRADA;Venda;Venda #685957;45;Pix
2026-01-22T18:46:00.000Z;ENTRADA;Venda;Venda #685958;85;Pix
2026-01-22T18:19:00.000Z;ENTRADA;Venda;Venda #685957;170;Pix
2026-01-22T18:14:00.000Z;ENTRADA;Venda;Venda #685957;240;Pix
2026-01-22T18:10:00.000Z;ENTRADA;Venda;Venda #685957;16;Pix
2026-01-22T17:52:00.000Z;ENTRADA;Venda;Venda #685957;16;Pix
2026-01-22T17:39:00.000Z;ENTRADA;Venda;Venda #685958;8;Pix
2026-01-22T17:38:00.000Z;ENTRADA;Venda;Venda #685957;24;Pix
2026-01-22T17:31:00.000Z;ENTRADA;Venda;Venda #685957;240;Pix
2026-01-22T17:18:00.000Z;ENTRADA;Venda;Venda #685957;120;Pix
2026-01-22T17:06:00.000Z;ENTRADA;Venda;Venda #685958;85;Pix
2026-01-22T16:51:00.000Z;ENTRADA;Venda;Venda #685958;24;Pix
2026-01-22T16:47:00.000Z;ENTRADA;Venda;Venda #685957;360;Pix
2026-01-22T16:33:00.000Z;ENTRADA;Venda;Venda #685957;24;Pix
2026-01-22T16:18:00.000Z;ENTRADA;Venda;Venda #685957;170;Pix
2026-01-22T15:52:00.000Z;ENTRADA;Venda;Venda #685958;170;Pix
2026-01-22T15:37:00.000Z;ENTRADA;Venda;Venda #685957;85;Pix
2026-01-22T15:28:00.000Z;ENTRADA;Venda;Venda #685957;135;Pix
2026-01-22T15:20:00.000Z;ENTRADA;Venda;Venda #685957;8;Pix
2026-01-22T15:19:00.000Z;ENTRADA;Venda;Venda #685957;90;Pix
2026-01-22T15:18:00.000Z;ENTRADA;Venda;Venda #685957;45;Pix
2026-01-22T15:09:00.000Z;ENTRADA;Venda;Venda #685957;16;Pix
2026-01-22T15:07:00.000Z;ENTRADA;Venda;Venda #685958;170;Pix
2026-01-22T15:04:00.000Z;ENTRADA;Venda;Venda #685957;120;Pix
2026-01-21T22:54:00.000Z;ENTRADA;Venda;Venda #685957;16;Pix
2026-01-21T22:44:00.000Z;ENTRADA;Venda;Venda #685957;16;Pix
2026-01-21T22:34:00.000Z;ENTRADA;Venda;Venda #685957;85;Pix
2026-01-21T22:27:00.000Z;ENTRADA;Venda;Venda #685957;45;Pix
2026-01-21T22:26:00.000Z;ENTRADA;Venda;Venda #685957;255;Pix
2026-01-21T22:22:00.000Z;ENTRADA;Venda;Venda #685957;255;Pix
2026-01-21T22:20:00.000Z;ENTRADA;Venda;Venda #685957;8;Pix
2026-01-21T22:01:00.000Z;ENTRADA;Venda;Venda #685957;135;Pix
2026-01-21T21:44:00.000Z;ENTRADA;Venda;Venda #685957;90;Pix
2026-01-21T21:39:00.000Z;ENTRADA;Venda;Venda #685957;45;Pix
2026-01-21T21:27:00.000Z;ENTRADA;Venda;Venda #685957;170;Pix
2026-01-21T21:27:00.000Z;ENTRADA;Venda;Venda #685957;8;Pix
2026-01-21T21:22:00.000Z;ENTRADA;Venda;Venda #685957;135;Pix
2026-01-21T21:14:00.000Z;ENTRADA;Venda;Venda #685957;16;Pix
2026-01-21T21:06:00.000Z;ENTRADA;Venda;Venda #685957;255;Pix
2026-01-21T21:04:00.000Z;ENTRADA;Venda;Venda #685957;120;Pix
2026-01-21T20:52:00.000Z;ENTRADA;Venda;Venda #685957;240;Pix
2026-01-21T20:43:00.000Z;ENTRADA;Venda;Venda #685957;24;Pix
2026-01-21T20:31:00.000Z;ENTRADA;Venda;Venda #685957;24;Pix
2026-01-21T20:27:00.000Z;ENTRADA;Venda;Venda #685957;135;Pix
2026-01-21T20:27:00.000Z;ENTRADA;Venda;Venda #685957;8;Pix
2026-01-21T20:16:00.000Z;ENTRADA;Venda;Venda #685957;255;Pix
2026-01-21T20:07:00.000Z;ENTRADA;Venda;Venda #685957;8;Pix
2026-01-21T19:50:00.000Z;ENTRADA;Venda;Venda #685957;16;Pix
2026-01-21T19:50:00.000Z;ENTRADA;Venda;Venda #685957;45;Pix
2026-01-21T19:49:00.000Z;ENTRADA;Venda;Venda #685957;85;Pix
2026-01-21T19:25:00.000Z;ENTRADA;Venda;Venda #685957;45;Pix
2026-01-21T19:22:00.000Z;ENTRADA;Venda;Venda #685957;120;Pix
2026-01-21T19:21:00.000Z;ENTRADA;Venda;Venda #685957;120;Pix
2026-01-21T19:01:00.000Z;ENTRADA;Venda;Venda #685957;255;Pix
2026-01-21T18:35:00.000Z;ENTRADA;Venda;Venda #685957;24;Pix
2026-01-21T18:33:00.000Z;ENTRADA;Venda;Venda #685957;45;Pix
2026-01-21T18:32:00.000Z;ENTRADA;Venda;Venda #685957;120;Pix
2026-01-21T18:25:00.000Z;ENTRADA;Venda;Venda #685957;45;Pix
2026-01-21T18:16:00.000Z;ENTRADA;Venda;Venda #685957;255;Pix
2026-01-21T18:15:00.000Z;ENTRADA;Venda;Venda #685957;85;Pix
2026-01-21T18:14:00.000Z;ENTRADA;Venda;Venda #685957;85;Pix
2026-01-21T18:04:00.000Z;ENTRADA;Venda;Venda #685957;90;Pix
2026-01-21T18:02:00.000Z;ENTRADA;Venda;Venda #685957;8;Pix
2026-01-21T18:00:00.000Z;ENTRADA;Venda;Venda #685957;135;Pix
2026-01-21T17:58:00.000Z;ENTRADA;Venda;Venda #685957;85;Pix
2026-01-21T17:51:00.000Z;ENTRADA;Venda;Venda #685957;8;Pix
2026-01-21T17:39:00.000Z;ENTRADA;Venda;Venda #685957;24;Pix
2026-01-21T17:36:00.000Z;ENTRADA;Venda;Venda #685957;85;Pix
2026-01-21T17:27:00.000Z;ENTRADA;Venda;Venda #685957;90;Pix
2026-01-21T17:27:00.000Z;ENTRADA;Venda;Venda #685957;135;Pix
2026-01-21T17:26:00.000Z;ENTRADA;Venda;Venda #685957;85;Pix
2026-01-21T16:58:00.000Z;ENTRADA;Venda;Venda #685957;170;Pix
2026-01-21T16:57:00.000Z;ENTRADA;Venda;Venda #685957;120;Pix
2026-01-21T16:36:00.000Z;ENTRADA;Venda;Venda #685957;24;Pix
2026-01-21T16:31:00.000Z;ENTRADA;Venda;Venda #685957;240;Pix
2026-01-21T16:28:00.000Z;ENTRADA;Venda;Venda #685957;90;Pix
2026-01-21T16:21:00.000Z;ENTRADA;Venda;Venda #685957;45;Pix
2026-01-21T16:20:00.000Z;ENTRADA;Venda;Venda #685957;85;Pix
2026-01-21T16:18:00.000Z;ENTRADA;Venda;Venda #685957;120;Pix
2026-01-21T16:17:00.000Z;ENTRADA;Venda;Venda #685957;170;Pix
2026-01-21T16:09:00.000Z;ENTRADA;Venda;Venda #685957;16;Pix
2026-01-21T16:05:00.000Z;ENTRADA;Venda;Venda #685957;170;Pix
2026-01-21T15:42:00.000Z;ENTRADA;Venda;Venda #685957;45;Pix
2026-01-21T15:33:00.000Z;ENTRADA;Venda;Venda #685957;24;Pix
2026-01-21T15:15:00.000Z;ENTRADA;Venda;Venda #685957;255;Pix
2026-01-21T15:14:00.000Z;ENTRADA;Venda;Venda #685957;240;Pix
2026-01-21T15:03:00.000Z;ENTRADA;Venda;Venda #685957;120;Pix
2026-01-21T15:01:00.000Z;ENTRADA;Venda;Venda #685957;170;Pix
2026-01-21T03:00:00.000Z;SAÍDA;DESPESAS OPERACIONAIS;Compra de Insumos Reposição;-2058.401762862042;Dinheiro/Banco
2026-01-20T22:58:00.000Z;ENTRADA;Venda;Venda #685957;255;Pix
2026-01-20T22:17:00.000Z;ENTRADA;Venda;Venda #685957;45;Pix
2026-01-20T22:16:00.000Z;ENTRADA;Venda;Venda #685957;240;Pix
2026-01-20T22:01:00.000Z;ENTRADA;Venda;Venda #685957;120;Pix
2026-01-20T21:47:00.000Z;ENTRADA;Venda;Venda #685957;120;Pix
2026-01-20T21:43:00.000Z;ENTRADA;Venda;Venda #685957;24;Pix
2026-01-20T21:32:00.000Z;ENTRADA;Venda;Venda #685957;24;Pix
2026-01-20T21:26:00.000Z;ENTRADA;Venda;Venda #685957;255;Pix
2026-01-20T21:24:00.000Z;ENTRADA;Venda;Venda #685957;240;Pix
2026-01-20T21:20:00.000Z;ENTRADA;Venda;Venda #685957;85;Pix
2026-01-20T21:11:00.000Z;ENTRADA;Venda;Venda #685957;255;Pix
2026-01-20T20:58:00.000Z;ENTRADA;Venda;Venda #685957;45;Pix
2026-01-20T20:56:00.000Z;ENTRADA;Venda;Venda #685957;90;Pix
2026-01-20T20:54:00.000Z;ENTRADA;Venda;Venda #685957;85;Pix
2026-01-20T20:49:00.000Z;ENTRADA;Venda;Venda #685957;240;Pix
2026-01-20T20:35:00.000Z;ENTRADA;Venda;Venda #685957;240;Pix
2026-01-20T20:27:00.000Z;ENTRADA;Venda;Venda #685957;45;Pix
2026-01-20T20:26:00.000Z;ENTRADA;Venda;Venda #685957;240;Pix
2026-01-20T20:18:00.000Z;ENTRADA;Venda;Venda #685957;135;Pix
2026-01-20T19:44:00.000Z;ENTRADA;Venda;Venda #685957;24;Pix
2026-01-20T19:41:00.000Z;ENTRADA;Venda;Venda #685957;8;Pix
2026-01-20T19:31:00.000Z;ENTRADA;Venda;Venda #685957;24;Pix
2026-01-20T19:30:00.000Z;ENTRADA;Venda;Venda #685957;135;Pix
2026-01-20T19:28:00.000Z;ENTRADA;Venda;Venda #685957;8;Pix
2026-01-20T19:14:00.000Z;ENTRADA;Venda;Venda #685957;24;Pix
2026-01-20T19:10:00.000Z;ENTRADA;Venda;Venda #685957;255;Pix
2026-01-20T18:46:00.000Z;ENTRADA;Venda;Venda #685957;8;Pix
2026-01-20T18:33:00.000Z;ENTRADA;Venda;Venda #685957;360;Pix
2026-01-20T18:22:00.000Z;ENTRADA;Venda;Venda #685957;360;Pix
2026-01-20T18:21:00.000Z;ENTRADA;Venda;Venda #685957;120;Pix
2026-01-20T18:10:00.000Z;ENTRADA;Venda;Venda #685957;170;Pix
2026-01-20T17:48:00.000Z;ENTRADA;Venda;Venda #685957;170;Pix
2026-01-20T17:43:00.000Z;ENTRADA;Venda;Venda #685957;24;Pix
2026-01-20T17:42:00.000Z;ENTRADA;Venda;Venda #685957;90;Pix
2026-01-20T17:41:00.000Z;ENTRADA;Venda;Venda #685957;8;Pix
2026-01-20T17:20:00.000Z;ENTRADA;Venda;Venda #685957;120;Pix
2026-01-20T17:17:00.000Z;ENTRADA;Venda;Venda #685957;16;Pix
2026-01-20T17:03:00.000Z;ENTRADA;Venda;Venda #685957;45;Pix
2026-01-20T17:02:00.000Z;ENTRADA;Venda;Venda #685957;16;Pix
2026-01-20T16:50:00.000Z;ENTRADA;Venda;Venda #685957;90;Pix
2026-01-20T16:41:00.000Z;ENTRADA;Venda;Venda #685957;170;Pix
2026-01-20T16:40:00.000Z;ENTRADA;Venda;Venda #685957;255;Pix
2026-01-20T16:28:00.000Z;ENTRADA;Venda;Venda #685957;255;Pix
2026-01-20T16:25:00.000Z;ENTRADA;Venda;Venda #685957;24;Pix
2026-01-20T16:02:00.000Z;ENTRADA;Venda;Venda #685957;85;Pix
2026-01-20T16:01:00.000Z;ENTRADA;Venda;Venda #685957;45;Pix
2026-01-20T15:55:00.000Z;ENTRADA;Venda;Venda #685957;255;Pix
2026-01-20T15:53:00.000Z;ENTRADA;Venda;Venda #685957;90;Pix
2026-01-20T15:48:00.000Z;ENTRADA;Venda;Venda #685957;8;Pix
2026-01-20T15:35:00.000Z;ENTRADA;Venda;Venda #685957;45;Pix
2026-01-20T15:34:00.000Z;ENTRADA;Venda;Venda #685957;360;Pix
2026-01-20T15:29:00.000Z;ENTRADA;Venda;Venda #685957;240;Pix
2026-01-20T15:27:00.000Z;ENTRADA;Venda;Venda #685957;85;Pix
2026-01-19T22:53:00.000Z;ENTRADA;Venda;Venda #685957;85;Pix
2026-01-19T22:49:00.000Z;ENTRADA;Venda;Venda #685957;170;Pix
2026-01-19T22:46:00.000Z;ENTRADA;Venda;Venda #685957;120;Pix
2026-01-19T22:30:00.000Z;ENTRADA;Venda;Venda #685957;45;Pix
2026-01-19T22:27:00.000Z;ENTRADA;Venda;Venda #685957;90;Pix
2026-01-19T22:09:00.000Z;ENTRADA;Venda;Venda #685957;16;Pix
2026-01-19T22:08:00.000Z;ENTRADA;Venda;Venda #685957;8;Pix
2026-01-19T22:02:00.000Z;ENTRADA;Venda;Venda #685957;16;Pix
2026-01-19T22:02:00.000Z;ENTRADA;Venda;Venda #685957;360;Pix
2026-01-19T21:25:00.000Z;ENTRADA;Venda;Venda #685957;16;Pix
2026-01-19T21:15:00.000Z;ENTRADA;Venda;Venda #685957;8;Pix
2026-01-19T21:11:00.000Z;ENTRADA;Venda;Venda #685957;85;Pix
2026-01-19T21:11:00.000Z;ENTRADA;Venda;Venda #685957;240;Pix
2026-01-19T20:51:00.000Z;ENTRADA;Venda;Venda #685957;360;Pix
2026-01-19T20:37:00.000Z;ENTRADA;Venda;Venda #685957;16;Pix
2026-01-19T20:34:00.000Z;ENTRADA;Venda;Venda #685957;170;Pix
2026-01-19T20:19:00.000Z;ENTRADA;Venda;Venda #685957;85;Pix
2026-01-19T20:16:00.000Z;ENTRADA;Venda;Venda #685957;240;Pix
2026-01-19T20:13:00.000Z;ENTRADA;Venda;Venda #685957;240;Pix
2026-01-19T19:56:00.000Z;ENTRADA;Venda;Venda #685957;360;Pix
2026-01-19T19:50:00.000Z;ENTRADA;Venda;Venda #685957;360;Pix
2026-01-19T19:46:00.000Z;ENTRADA;Venda;Venda #685957;360;Pix
2026-01-19T19:38:00.000Z;ENTRADA;Venda;Venda #685957;90;Pix
2026-01-19T19:33:00.000Z;ENTRADA;Venda;Venda #685957;16;Pix
2026-01-19T19:31:00.000Z;ENTRADA;Venda;Venda #685957;360;Pix
2026-01-19T19:29:00.000Z;ENTRADA;Venda;Venda #685957;120;Pix
2026-01-19T19:13:00.000Z;ENTRADA;Venda;Venda #685957;16;Pix
2026-01-19T19:01:00.000Z;ENTRADA;Venda;Venda #685957;85;Pix
2026-01-19T18:24:00.000Z;ENTRADA;Venda;Venda #685957;255;Pix
2026-01-19T18:16:00.000Z;ENTRADA;Venda;Venda #685957;16;Pix
2026-01-19T18:05:00.000Z;ENTRADA;Venda;Venda #685957;255;Pix
2026-01-19T18:02:00.000Z;ENTRADA;Venda;Venda #685957;135;Pix
2026-01-19T17:52:00.000Z;ENTRADA;Venda;Venda #685957;8;Pix
2026-01-19T17:49:00.000Z;ENTRADA;Venda;Venda #685957;45;Pix
2026-01-19T17:29:00.000Z;ENTRADA;Venda;Venda #685957;120;Pix
2026-01-19T17:16:00.000Z;ENTRADA;Venda;Venda #685957;8;Pix
2026-01-19T17:15:00.000Z;ENTRADA;Venda;Venda #685957;45;Pix
2026-01-19T17:15:00.000Z;ENTRADA;Venda;Venda #685957;240;Pix
2026-01-19T17:14:00.000Z;ENTRADA;Venda;Venda #685957;90;Pix
2026-01-19T17:13:00.000Z;ENTRADA;Venda;Venda #685957;16;Pix
2026-01-19T16:58:00.000Z;ENTRADA;Venda;Venda #685957;120;Pix
2026-01-19T16:53:00.000Z;ENTRADA;Venda;Venda #685957;16;Pix
2026-01-19T16:16:00.000Z;ENTRADA;Venda;Venda #685957;90;Pix
2026-01-19T16:11:00.000Z;ENTRADA;Venda;Venda #685957;255;Pix
2026-01-19T16:02:00.000Z;ENTRADA;Venda;Venda #685957;45;Pix
2026-01-19T15:48:00.000Z;ENTRADA;Venda;Venda #685957;90;Pix
2026-01-19T15:34:00.000Z;ENTRADA;Venda;Venda #685957;8;Pix
2026-01-19T15:27:00.000Z;ENTRADA;Venda;Venda #685957;90;Pix
2026-01-19T15:26:00.000Z;ENTRADA;Venda;Venda #685957;8;Pix
2026-01-19T15:18:00.000Z;ENTRADA;Venda;Venda #685957;240;Pix
2026-01-19T15:15:00.000Z;ENTRADA;Venda;Venda #685957;90;Pix
2026-01-19T15:05:00.000Z;ENTRADA;Venda;Venda #685957;45;Pix
2026-01-19T15:04:00.000Z;ENTRADA;Venda;Venda #685957;135;Pix
2026-01-18T03:00:00.000Z;SAÍDA;DESPESAS OPERACIONAIS;Compra de Insumos Reposição;-2068.157671993294;Dinheiro/Banco
2026-01-16T22:49:00.000Z;ENTRADA;Venda;Venda #685957;170;Pix
2026-01-16T22:43:00.000Z;ENTRADA;Venda;Venda #685957;8;Pix
2026-01-16T22:38:00.000Z;ENTRADA;Venda;Venda #685957;16;Pix
2026-01-16T22:21:00.000Z;ENTRADA;Venda;Venda #685957;240;Pix
2026-01-16T22:13:00.000Z;ENTRADA;Venda;Venda #685957;24;Pix
2026-01-16T22:10:00.000Z;ENTRADA;Venda;Venda #685957;120;Pix
2026-01-16T21:57:00.000Z;ENTRADA;Venda;Venda #685957;170;Pix
2026-01-16T21:45:00.000Z;ENTRADA;Venda;Venda #685957;135;Pix
2026-01-16T21:23:00.000Z;ENTRADA;Venda;Venda #685957;16;Pix
2026-01-16T21:11:00.000Z;ENTRADA;Venda;Venda #685957;16;Pix
2026-01-16T21:09:00.000Z;ENTRADA;Venda;Venda #685957;120;Pix
2026-01-16T21:06:00.000Z;ENTRADA;Venda;Venda #685957;360;Pix
2026-01-16T20:58:00.000Z;ENTRADA;Venda;Venda #685957;135;Pix
2026-01-16T20:56:00.000Z;ENTRADA;Venda;Venda #685957;135;Pix
2026-01-16T20:53:00.000Z;ENTRADA;Venda;Venda #685957;90;Pix
2026-01-16T20:52:00.000Z;ENTRADA;Venda;Venda #685957;16;Pix
2026-01-16T20:37:00.000Z;ENTRADA;Venda;Venda #685957;135;Pix
2026-01-16T20:34:00.000Z;ENTRADA;Venda;Venda #685957;85;Pix
2026-01-16T20:28:00.000Z;ENTRADA;Venda;Venda #685957;135;Pix
2026-01-16T20:28:00.000Z;ENTRADA;Venda;Venda #685957;135;Pix
2026-01-16T19:58:00.000Z;ENTRADA;Venda;Venda #685957;45;Pix
2026-01-16T19:48:00.000Z;ENTRADA;Venda;Venda #685957;8;Pix
2026-01-16T19:31:00.000Z;ENTRADA;Venda;Venda #685957;135;Pix
2026-01-16T19:29:00.000Z;ENTRADA;Venda;Venda #685957;135;Pix
2026-01-16T19:25:00.000Z;ENTRADA;Venda;Venda #685957;360;Pix
2026-01-16T19:22:00.000Z;ENTRADA;Venda;Venda #685957;360;Pix
2026-01-16T19:22:00.000Z;ENTRADA;Venda;Venda #685957;240;Pix
2026-01-16T19:17:00.000Z;ENTRADA;Venda;Venda #685957;16;Pix
2026-01-16T19:12:00.000Z;ENTRADA;Venda;Venda #685957;8;Pix
2026-01-16T18:57:00.000Z;ENTRADA;Venda;Venda #685957;24;Pix
2026-01-16T18:54:00.000Z;ENTRADA;Venda;Venda #685957;8;Pix
2026-01-16T18:44:00.000Z;ENTRADA;Venda;Venda #685957;240;Pix
2026-01-16T18:10:00.000Z;ENTRADA;Venda;Venda #685957;45;Pix
2026-01-16T18:07:00.000Z;ENTRADA;Venda;Venda #685957;24;Pix
2026-01-16T18:01:00.000Z;ENTRADA;Venda;Venda #685957;360;Pix
2026-01-16T17:35:00.000Z;ENTRADA;Venda;Venda #685957;24;Pix
2026-01-16T17:30:00.000Z;ENTRADA;Venda;Venda #685957;16;Pix
2026-01-16T17:22:00.000Z;ENTRADA;Venda;Venda #685957;45;Pix
2026-01-16T17:14:00.000Z;ENTRADA;Venda;Venda #685957;120;Pix
2026-01-16T17:14:00.000Z;ENTRADA;Venda;Venda #685957;120;Pix
2026-01-16T17:06:00.000Z;ENTRADA;Venda;Venda #685957;120;Pix
2026-01-16T17:04:00.000Z;ENTRADA;Venda;Venda #685957;360;Pix
2026-01-16T16:56:00.000Z;ENTRADA;Venda;Venda #685957;135;Pix
2026-01-16T16:29:00.000Z;ENTRADA;Venda;Venda #685957;120;Pix
2026-01-16T16:29:00.000Z;ENTRADA;Venda;Venda #685957;90;Pix
2026-01-16T15:47:00.000Z;ENTRADA;Venda;Venda #685957;255;Pix
2026-01-16T15:42:00.000Z;ENTRADA;Venda;Venda #685957;170;Pix
2026-01-16T15:35:00.000Z;ENTRADA;Venda;Venda #685957;90;Pix
2026-01-16T15:34:00.000Z;ENTRADA;Venda;Venda #685957;170;Pix
2026-01-16T15:31:00.000Z;ENTRADA;Venda;Venda #685957;240;Pix
2026-01-16T15:06:00.000Z;ENTRADA;Venda;Venda #685957;135;Pix
2026-01-16T15:05:00.000Z;ENTRADA;Venda;Venda #685957;120;Pix
2026-01-16T15:02:00.000Z;ENTRADA;Venda;Venda #685957;24;Pix
2026-01-15T22:53:00.000Z;ENTRADA;Venda;Venda #685957;90;Pix
2026-01-15T22:52:00.000Z;ENTRADA;Venda;Venda #685957;90;Pix
2026-01-15T22:38:00.000Z;ENTRADA;Venda;Venda #685957;360;Pix
2026-01-15T22:36:00.000Z;ENTRADA;Venda;Venda #685957;135;Pix
2026-01-15T22:25:00.000Z;ENTRADA;Venda;Venda #685957;170;Pix
2026-01-15T22:22:00.000Z;ENTRADA;Venda;Venda #685957;135;Pix
2026-01-15T22:18:00.000Z;ENTRADA;Venda;Venda #685957;255;Pix
2026-01-15T22:08:00.000Z;ENTRADA;Venda;Venda #685957;170;Pix
2026-01-15T22:06:00.000Z;ENTRADA;Venda;Venda #685957;90;Pix
2026-01-15T21:44:00.000Z;ENTRADA;Venda;Venda #685957;120;Pix
2026-01-15T21:34:00.000Z;ENTRADA;Venda;Venda #685957;16;Pix
2026-01-15T21:16:00.000Z;ENTRADA;Venda;Venda #685957;360;Pix
2026-01-15T21:16:00.000Z;ENTRADA;Venda;Venda #685957;45;Pix
2026-01-15T21:09:00.000Z;ENTRADA;Venda;Venda #685957;240;Pix
2026-01-15T20:58:00.000Z;ENTRADA;Venda;Venda #685957;240;Pix
2026-01-15T20:55:00.000Z;ENTRADA;Venda;Venda #685957;45;Pix
2026-01-15T20:52:00.000Z;ENTRADA;Venda;Venda #685957;170;Pix
2026-01-15T20:30:00.000Z;ENTRADA;Venda;Venda #685957;170;Pix
2026-01-15T20:26:00.000Z;ENTRADA;Venda;Venda #685957;135;Pix
2026-01-15T20:21:00.000Z;ENTRADA;Venda;Venda #685957;255;Pix
2026-01-15T20:05:00.000Z;ENTRADA;Venda;Venda #685957;255;Pix
2026-01-15T20:01:00.000Z;ENTRADA;Venda;Venda #685957;45;Pix
2026-01-15T20:00:00.000Z;ENTRADA;Venda;Venda #685957;240;Pix
2026-01-15T19:41:00.000Z;ENTRADA;Venda;Venda #685957;8;Pix
2026-01-15T19:28:00.000Z;ENTRADA;Venda;Venda #685957;240;Pix
2026-01-15T19:00:00.000Z;ENTRADA;Venda;Venda #685957;360;Pix
2026-01-15T18:16:00.000Z;ENTRADA;Venda;Venda #685957;85;Pix
2026-01-15T18:05:00.000Z;ENTRADA;Venda;Venda #685957;170;Pix
2026-01-15T16:44:00.000Z;ENTRADA;Venda;Venda #685957;240;Pix
2026-01-15T16:36:00.000Z;ENTRADA;Venda;Venda #685957;45;Pix
2026-01-15T16:35:00.000Z;ENTRADA;Venda;Venda #685957;85;Pix
2026-01-15T16:29:00.000Z;ENTRADA;Venda;Venda #685957;255;Pix
2026-01-15T16:25:00.000Z;ENTRADA;Venda;Venda #685957;16;Pix
2026-01-15T16:24:00.000Z;ENTRADA;Venda;Venda #685957;360;Pix
2026-01-15T16:18:00.000Z;ENTRADA;Venda;Venda #685957;255;Pix
2026-01-15T16:10:00.000Z;ENTRADA;Venda;Venda #685957;170;Pix
2026-01-15T16:05:00.000Z;ENTRADA;Venda;Venda #685957;45;Pix
2026-01-15T15:54:00.000Z;ENTRADA;Venda;Venda #685957;16;Pix
2026-01-15T15:32:00.000Z;ENTRADA;Venda;Venda #685957;24;Pix
2026-01-15T15:21:00.000Z;ENTRADA;Venda;Venda #685957;170;Pix
2026-01-15T15:09:00.000Z;ENTRADA;Venda;Venda #685957;135;Pix
2026-01-15T15:06:00.000Z;ENTRADA;Venda;Venda #685957;45;Pix
2026-01-15T03:00:00.000Z;SAÍDA;DESPESAS OPERACIONAIS;Compra de Insumos Reposição;-2022.4010729680933;Dinheiro/Banco
2026-01-14T22:48:00.000Z;ENTRADA;Venda;Venda #685957;255;Pix
2026-01-14T22:45:00.000Z;ENTRADA;Venda;Venda #685957;170;Pix
2026-01-14T22:41:00.000Z;ENTRADA;Venda;Venda #685957;45;Pix
2026-01-14T22:40:00.000Z;ENTRADA;Venda;Venda #685957;24;Pix
2026-01-14T22:24:00.000Z;ENTRADA;Venda;Venda #685957;24;Pix
2026-01-14T22:19:00.000Z;ENTRADA;Venda;Venda #685957;120;Pix
2026-01-14T21:51:00.000Z;ENTRADA;Venda;Venda #685957;120;Pix
2026-01-14T21:47:00.000Z;ENTRADA;Venda;Venda #685957;135;Pix
2026-01-14T21:44:00.000Z;ENTRADA;Venda;Venda #685957;135;Pix
2026-01-14T21:25:00.000Z;ENTRADA;Venda;Venda #685957;240;Pix
2026-01-14T21:23:00.000Z;ENTRADA;Venda;Venda #685957;24;Pix
2026-01-14T21:22:00.000Z;ENTRADA;Venda;Venda #685957;170;Pix
2026-01-14T21:18:00.000Z;ENTRADA;Venda;Venda #685957;240;Pix
2026-01-14T21:11:00.000Z;ENTRADA;Venda;Venda #685957;8;Pix
2026-01-14T21:02:00.000Z;ENTRADA;Venda;Venda #685957;360;Pix
2026-01-14T21:00:00.000Z;ENTRADA;Venda;Venda #685957;135;Pix
2026-01-14T20:49:00.000Z;ENTRADA;Venda;Venda #685957;255;Pix
2026-01-14T20:47:00.000Z;ENTRADA;Venda;Venda #685957;8;Pix
2026-01-14T20:06:00.000Z;ENTRADA;Venda;Venda #685957;90;Pix
2026-01-14T20:05:00.000Z;ENTRADA;Venda;Venda #685957;85;Pix
2026-01-14T19:57:00.000Z;ENTRADA;Venda;Venda #685957;45;Pix
2026-01-14T19:55:00.000Z;ENTRADA;Venda;Venda #685957;16;Pix
2026-01-14T19:55:00.000Z;ENTRADA;Venda;Venda #685957;135;Pix
2026-01-14T19:50:00.000Z;ENTRADA;Venda;Venda #685957;135;Pix
2026-01-14T19:41:00.000Z;ENTRADA;Venda;Venda #685957;135;Pix
2026-01-14T19:23:00.000Z;ENTRADA;Venda;Venda #685957;45;Pix
2026-01-14T19:22:00.000Z;ENTRADA;Venda;Venda #685957;90;Pix
2026-01-14T19:21:00.000Z;ENTRADA;Venda;Venda #685957;16;Pix
2026-01-14T19:15:00.000Z;ENTRADA;Venda;Venda #685957;135;Pix
2026-01-14T19:14:00.000Z;ENTRADA;Venda;Venda #685957;170;Pix
2026-01-14T19:10:00.000Z;ENTRADA;Venda;Venda #685957;255;Pix
2026-01-14T19:09:00.000Z;ENTRADA;Venda;Venda #685957;16;Pix
2026-01-14T19:05:00.000Z;ENTRADA;Venda;Venda #685957;170;Pix
2026-01-14T18:39:00.000Z;ENTRADA;Venda;Venda #685957;360;Pix
2026-01-14T18:29:00.000Z;ENTRADA;Venda;Venda #685957;240;Pix
2026-01-14T18:29:00.000Z;ENTRADA;Venda;Venda #685957;170;Pix
2026-01-14T18:20:00.000Z;ENTRADA;Venda;Venda #685957;135;Pix
2026-01-14T18:18:00.000Z;ENTRADA;Venda;Venda #685957;255;Pix
2026-01-14T18:11:00.000Z;ENTRADA;Venda;Venda #685957;24;Pix
2026-01-14T17:54:00.000Z;ENTRADA;Venda;Venda #685957;360;Pix
2026-01-14T17:34:00.000Z;ENTRADA;Venda;Venda #685957;85;Pix
2026-01-14T17:24:00.000Z;ENTRADA;Venda;Venda #685957;85;Pix
2026-01-14T17:00:00.000Z;ENTRADA;Venda;Venda #685957;135;Pix
2026-01-14T16:07:00.000Z;ENTRADA;Venda;Venda #685957;120;Pix
2026-01-14T16:05:00.000Z;ENTRADA;Venda;Venda #685957;45;Pix
2026-01-14T15:54:00.000Z;ENTRADA;Venda;Venda #685957;45;Pix
2026-01-14T15:53:00.000Z;ENTRADA;Venda;Venda #685957;8;Pix
2026-01-14T15:51:00.000Z;ENTRADA;Venda;Venda #685957;120;Pix
2026-01-14T15:43:00.000Z;ENTRADA;Venda;Venda #685957;360;Pix
2026-01-14T15:24:00.000Z;ENTRADA;Venda;Venda #685957;24;Pix
2026-01-13T22:14:00.000Z;ENTRADA;Venda;Venda #685957;240;Pix
2026-01-13T22:13:00.000Z;ENTRADA;Venda;Venda #685957;135;Pix
2026-01-13T22:08:00.000Z;ENTRADA;Venda;Venda #685957;170;Pix
2026-01-13T22:04:00.000Z;ENTRADA;Venda;Venda #685957;45;Pix
2026-01-13T21:52:00.000Z;ENTRADA;Venda;Venda #685957;16;Pix
2026-01-13T21:44:00.000Z;ENTRADA;Venda;Venda #685957;24;Pix
2026-01-13T21:22:00.000Z;ENTRADA;Venda;Venda #685957;90;Pix
2026-01-13T21:13:00.000Z;ENTRADA;Venda;Venda #685957;360;Pix
2026-01-13T21:02:00.000Z;ENTRADA;Venda;Venda #685957;135;Pix
2026-01-13T20:42:00.000Z;ENTRADA;Venda;Venda #685957;170;Pix
2026-01-13T20:39:00.000Z;ENTRADA;Venda;Venda #685957;24;Pix
2026-01-13T20:33:00.000Z;ENTRADA;Venda;Venda #685957;255;Pix
2026-01-13T20:31:00.000Z;ENTRADA;Venda;Venda #685957;120;Pix
2026-01-13T20:25:00.000Z;ENTRADA;Venda;Venda #685957;255;Pix
2026-01-13T20:24:00.000Z;ENTRADA;Venda;Venda #685957;8;Pix
2026-01-13T20:15:00.000Z;ENTRADA;Venda;Venda #685957;8;Pix
2026-01-13T20:00:00.000Z;ENTRADA;Venda;Venda #685957;8;Pix
2026-01-13T19:46:00.000Z;ENTRADA;Venda;Venda #685957;360;Pix
2026-01-13T19:34:00.000Z;ENTRADA;Venda;Venda #685957;255;Pix
2026-01-13T19:25:00.000Z;ENTRADA;Venda;Venda #685957;360;Pix
2026-01-13T19:19:00.000Z;ENTRADA;Venda;Venda #685957;45;Pix
2026-01-13T19:15:00.000Z;ENTRADA;Venda;Venda #685957;85;Pix
2026-01-13T19:15:00.000Z;ENTRADA;Venda;Venda #685957;90;Pix
2026-01-13T19:13:00.000Z;ENTRADA;Venda;Venda #685957;360;Pix
2026-01-13T19:12:00.000Z;ENTRADA;Venda;Venda #685957;85;Pix
2026-01-13T19:09:00.000Z;ENTRADA;Venda;Venda #685957;90;Pix
2026-01-13T19:09:00.000Z;ENTRADA;Venda;Venda #685957;135;Pix
2026-01-13T19:08:00.000Z;ENTRADA;Venda;Venda #685957;85;Pix
2026-01-13T19:04:00.000Z;ENTRADA;Venda;Venda #685957;120;Pix
2026-01-13T18:35:00.000Z;ENTRADA;Venda;Venda #685957;90;Pix
2026-01-13T18:35:00.000Z;ENTRADA;Venda;Venda #685957;8;Pix
2026-01-13T18:08:00.000Z;ENTRADA;Venda;Venda #685957;90;Pix
2026-01-13T18:06:00.000Z;ENTRADA;Venda;Venda #685957;8;Pix
2026-01-13T18:03:00.000Z;ENTRADA;Venda;Venda #685957;90;Pix
2026-01-13T17:46:00.000Z;ENTRADA;Venda;Venda #685957;240;Pix
2026-01-13T17:44:00.000Z;ENTRADA;Venda;Venda #685957;90;Pix
2026-01-13T17:42:00.000Z;ENTRADA;Venda;Venda #685957;8;Pix
2026-01-13T17:41:00.000Z;ENTRADA;Venda;Venda #685957;135;Pix
2026-01-13T17:26:00.000Z;ENTRADA;Venda;Venda #685957;85;Pix
2026-01-13T17:08:00.000Z;ENTRADA;Venda;Venda #685957;24;Pix
2026-01-13T17:06:00.000Z;ENTRADA;Venda;Venda #685957;8;Pix
2026-01-13T16:51:00.000Z;ENTRADA;Venda;Venda #685957;170;Pix
2026-01-13T16:48:00.000Z;ENTRADA;Venda;Venda #685957;8;Pix
2026-01-13T16:47:00.000Z;ENTRADA;Venda;Venda #685957;255;Pix
2026-01-13T16:41:00.000Z;ENTRADA;Venda;Venda #685957;45;Pix
2026-01-13T16:39:00.000Z;ENTRADA;Venda;Venda #685957;8;Pix
2026-01-13T16:27:00.000Z;ENTRADA;Venda;Venda #685957;120;Pix
2026-01-13T16:09:00.000Z;ENTRADA;Venda;Venda #685957;90;Pix
2026-01-13T15:36:00.000Z;ENTRADA;Venda;Venda #685957;170;Pix
2026-01-13T15:32:00.000Z;ENTRADA;Venda;Venda #685957;240;Pix
2026-01-13T15:28:00.000Z;ENTRADA;Venda;Venda #685957;170;Pix
2026-01-13T15:19:00.000Z;ENTRADA;Venda;Venda #685957;85;Pix
2026-01-13T15:18:00.000Z;ENTRADA;Venda;Venda #685957;16;Pix
2026-01-13T15:06:00.000Z;ENTRADA;Venda;Venda #685957;170;Pix
2026-01-12T22:54:00.000Z;ENTRADA;Venda;Venda #685957;45;Pix
2026-01-12T22:48:00.000Z;ENTRADA;Venda;Venda #685957;360;Pix
2026-01-12T22:27:00.000Z;ENTRADA;Venda;Venda #685957;85;Pix
2026-01-12T22:26:00.000Z;ENTRADA;Venda;Venda #685957;45;Pix
2026-01-12T22:23:00.000Z;ENTRADA;Venda;Venda #685957;16;Pix
2026-01-12T22:16:00.000Z;ENTRADA;Venda;Venda #685957;170;Pix
2026-01-12T22:05:00.000Z;ENTRADA;Venda;Venda #685957;16;Pix
2026-01-12T22:05:00.000Z;ENTRADA;Venda;Venda #685957;8;Pix
2026-01-12T22:03:00.000Z;ENTRADA;Venda;Venda #685957;16;Pix
2026-01-12T21:53:00.000Z;ENTRADA;Venda;Venda #685957;360;Pix
2026-01-12T21:51:00.000Z;ENTRADA;Venda;Venda #685957;240;Pix
2026-01-12T21:50:00.000Z;ENTRADA;Venda;Venda #685957;24;Pix
2026-01-12T21:48:00.000Z;ENTRADA;Venda;Venda #685957;170;Pix
2026-01-12T21:47:00.000Z;ENTRADA;Venda;Venda #685957;360;Pix
2026-01-12T21:34:00.000Z;ENTRADA;Venda;Venda #685957;90;Pix
2026-01-12T21:16:00.000Z;ENTRADA;Venda;Venda #685957;85;Pix
2026-01-12T21:10:00.000Z;ENTRADA;Venda;Venda #685957;90;Pix
2026-01-12T20:58:00.000Z;ENTRADA;Venda;Venda #685957;170;Pix
2026-01-12T20:50:00.000Z;ENTRADA;Venda;Venda #685957;85;Pix
2026-01-12T20:21:00.000Z;ENTRADA;Venda;Venda #685957;360;Pix
2026-01-12T20:21:00.000Z;ENTRADA;Venda;Venda #685957;90;Pix
2026-01-12T20:16:00.000Z;ENTRADA;Venda;Venda #685957;240;Pix
2026-01-12T19:49:00.000Z;ENTRADA;Venda;Venda #685957;135;Pix
2026-01-12T19:32:00.000Z;ENTRADA;Venda;Venda #685957;90;Pix
2026-01-12T19:31:00.000Z;ENTRADA;Venda;Venda #685957;90;Pix
2026-01-12T19:29:00.000Z;ENTRADA;Venda;Venda #685957;16;Pix
2026-01-12T19:29:00.000Z;ENTRADA;Venda;Venda #685957;85;Pix
2026-01-12T19:23:00.000Z;ENTRADA;Venda;Venda #685957;255;Pix
2026-01-12T19:20:00.000Z;ENTRADA;Venda;Venda #685957;8;Pix
2026-01-12T18:57:00.000Z;ENTRADA;Venda;Venda #685957;120;Pix
2026-01-12T18:41:00.000Z;ENTRADA;Venda;Venda #685957;45;Pix
2026-01-12T18:26:00.000Z;ENTRADA;Venda;Venda #685957;255;Pix
2026-01-12T18:24:00.000Z;ENTRADA;Venda;Venda #685957;360;Pix
2026-01-12T17:34:00.000Z;ENTRADA;Venda;Venda #685957;8;Pix
2026-01-12T17:30:00.000Z;ENTRADA;Venda;Venda #685957;90;Pix
2026-01-12T17:24:00.000Z;ENTRADA;Venda;Venda #685957;170;Pix
2026-01-12T17:22:00.000Z;ENTRADA;Venda;Venda #685957;360;Pix
2026-01-12T17:07:00.000Z;ENTRADA;Venda;Venda #685957;135;Pix
2026-01-12T17:01:00.000Z;ENTRADA;Venda;Venda #685957;360;Pix
2026-01-12T16:49:00.000Z;ENTRADA;Venda;Venda #685957;8;Pix
2026-01-12T16:49:00.000Z;ENTRADA;Venda;Venda #685957;8;Pix
2026-01-12T16:44:00.000Z;ENTRADA;Venda;Venda #685957;85;Pix
2026-01-12T16:37:00.000Z;ENTRADA;Venda;Venda #685957;170;Pix
2026-01-12T16:11:00.000Z;ENTRADA;Venda;Venda #685957;85;Pix
2026-01-12T16:09:00.000Z;ENTRADA;Venda;Venda #685957;8;Pix
2026-01-12T16:08:00.000Z;ENTRADA;Venda;Venda #685957;85;Pix
2026-01-12T15:42:00.000Z;ENTRADA;Venda;Venda #685957;120;Pix
2026-01-12T15:38:00.000Z;ENTRADA;Venda;Venda #685957;90;Pix
2026-01-12T15:37:00.000Z;ENTRADA;Venda;Venda #685957;360;Pix
2026-01-12T03:00:00.000Z;SAÍDA;DESPESAS OPERACIONAIS;Compra de Insumos Reposição;-2461.699932454432;Dinheiro/Banco
2026-01-09T22:57:00.000Z;ENTRADA;Venda;Venda #685956;240;Pix
2026-01-09T22:54:00.000Z;ENTRADA;Venda;Venda #685957;24;Pix
2026-01-09T22:42:00.000Z;ENTRADA;Venda;Venda #685957;24;Pix
2026-01-09T22:33:00.000Z;ENTRADA;Venda;Venda #685957;135;Pix
2026-01-09T22:29:00.000Z;ENTRADA;Venda;Venda #685956;240;Pix
2026-01-09T22:18:00.000Z;ENTRADA;Venda;Venda #685956;255;Pix
2026-01-09T22:13:00.000Z;ENTRADA;Venda;Venda #685956;45;Pix
2026-01-09T21:52:00.000Z;ENTRADA;Venda;Venda #685956;85;Pix
2026-01-09T21:47:00.000Z;ENTRADA;Venda;Venda #685956;240;Pix
2026-01-09T21:46:00.000Z;ENTRADA;Venda;Venda #685956;255;Pix
2026-01-09T21:40:00.000Z;ENTRADA;Venda;Venda #685956;255;Pix
2026-01-09T21:28:00.000Z;ENTRADA;Venda;Venda #685956;240;Pix
2026-01-09T21:04:00.000Z;ENTRADA;Venda;Venda #685957;16;Pix
2026-01-09T20:41:00.000Z;ENTRADA;Venda;Venda #685956;120;Pix
2026-01-09T20:39:00.000Z;ENTRADA;Venda;Venda #685956;135;Pix
2026-01-09T20:30:00.000Z;ENTRADA;Venda;Venda #685956;170;Pix
2026-01-09T19:58:00.000Z;ENTRADA;Venda;Venda #685956;120;Pix
2026-01-09T19:56:00.000Z;ENTRADA;Venda;Venda #685956;255;Pix
2026-01-09T19:18:00.000Z;ENTRADA;Venda;Venda #685956;16;Pix
2026-01-09T19:15:00.000Z;ENTRADA;Venda;Venda #685956;45;Pix
2026-01-09T19:14:00.000Z;ENTRADA;Venda;Venda #685956;120;Pix
2026-01-09T19:14:00.000Z;ENTRADA;Venda;Venda #685956;255;Pix
2026-01-09T19:00:00.000Z;ENTRADA;Venda;Venda #685957;24;Pix
2026-01-09T18:56:00.000Z;ENTRADA;Venda;Venda #685956;85;Pix
2026-01-09T18:47:00.000Z;ENTRADA;Venda;Venda #685957;360;Pix
2026-01-09T18:42:00.000Z;ENTRADA;Venda;Venda #685957;85;Pix
2026-01-09T18:34:00.000Z;ENTRADA;Venda;Venda #685956;135;Pix
2026-01-09T18:30:00.000Z;ENTRADA;Venda;Venda #685956;85;Pix
2026-01-09T18:27:00.000Z;ENTRADA;Venda;Venda #685956;45;Pix
2026-01-09T18:15:00.000Z;ENTRADA;Venda;Venda #685956;24;Pix
2026-01-09T18:08:00.000Z;ENTRADA;Venda;Venda #685956;240;Pix
2026-01-09T18:07:00.000Z;ENTRADA;Venda;Venda #685956;16;Pix
2026-01-09T17:55:00.000Z;ENTRADA;Venda;Venda #685956;135;Pix
2026-01-09T17:49:00.000Z;ENTRADA;Venda;Venda #685956;360;Pix
2026-01-09T17:48:00.000Z;ENTRADA;Venda;Venda #685957;85;Pix
2026-01-09T17:36:00.000Z;ENTRADA;Venda;Venda #685956;90;Pix
2026-01-09T17:33:00.000Z;ENTRADA;Venda;Venda #685957;120;Pix
2026-01-09T16:36:00.000Z;ENTRADA;Venda;Venda #685956;255;Pix
2026-01-09T16:17:00.000Z;ENTRADA;Venda;Venda #685956;120;Pix
2026-01-09T16:14:00.000Z;ENTRADA;Venda;Venda #685957;120;Pix
2026-01-09T16:00:00.000Z;ENTRADA;Venda;Venda #685956;240;Pix
2026-01-09T15:47:00.000Z;ENTRADA;Venda;Venda #685956;135;Pix
2026-01-09T15:29:00.000Z;ENTRADA;Venda;Venda #685956;85;Pix
2026-01-09T15:22:00.000Z;ENTRADA;Venda;Venda #685956;45;Pix
2026-01-09T15:20:00.000Z;ENTRADA;Venda;Venda #685956;45;Pix
2026-01-09T15:15:00.000Z;ENTRADA;Venda;Venda #685956;90;Pix
2026-01-09T15:04:00.000Z;ENTRADA;Venda;Venda #685956;240;Pix
2026-01-09T15:03:00.000Z;ENTRADA;Venda;Venda #685956;45;Pix
2026-01-09T15:00:00.000Z;ENTRADA;Venda;Venda #685956;16;Pix
2026-01-09T03:00:00.000Z;SAÍDA;DESPESAS OPERACIONAIS;Compra de Insumos Reposição;-2012.1556133899917;Dinheiro/Banco
2026-01-08T22:45:00.000Z;ENTRADA;Venda;Venda #685956;360;Pix
2026-01-08T22:17:00.000Z;ENTRADA;Venda;Venda #685956;24;Pix
2026-01-08T22:14:00.000Z;ENTRADA;Venda;Venda #685956;135;Pix
2026-01-08T21:53:00.000Z;ENTRADA;Venda;Venda #685956;360;Pix
2026-01-08T21:48:00.000Z;ENTRADA;Venda;Venda #685956;360;Pix
2026-01-08T21:30:00.000Z;ENTRADA;Venda;Venda #685956;16;Pix
2026-01-08T21:29:00.000Z;ENTRADA;Venda;Venda #685956;240;Pix
2026-01-08T21:22:00.000Z;ENTRADA;Venda;Venda #685956;255;Pix
2026-01-08T20:28:00.000Z;ENTRADA;Venda;Venda #685956;120;Pix
2026-01-08T20:10:00.000Z;ENTRADA;Venda;Venda #685956;90;Pix
2026-01-08T20:04:00.000Z;ENTRADA;Venda;Venda #685956;255;Pix
2026-01-08T19:22:00.000Z;ENTRADA;Venda;Venda #685956;90;Pix
2026-01-08T19:15:00.000Z;ENTRADA;Venda;Venda #685956;120;Pix
2026-01-08T19:13:00.000Z;ENTRADA;Venda;Venda #685956;135;Pix
2026-01-08T18:49:00.000Z;ENTRADA;Venda;Venda #685956;16;Pix
2026-01-08T18:37:00.000Z;ENTRADA;Venda;Venda #685956;255;Pix
2026-01-08T18:28:00.000Z;ENTRADA;Venda;Venda #685956;360;Pix
2026-01-08T18:27:00.000Z;ENTRADA;Venda;Venda #685956;8;Pix
2026-01-08T18:25:00.000Z;ENTRADA;Venda;Venda #685956;24;Pix
2026-01-08T18:22:00.000Z;ENTRADA;Venda;Venda #685956;240;Pix
2026-01-08T18:04:00.000Z;ENTRADA;Venda;Venda #685956;135;Pix
2026-01-08T18:04:00.000Z;ENTRADA;Venda;Venda #685956;255;Pix
2026-01-08T17:54:00.000Z;ENTRADA;Venda;Venda #685956;90;Pix
2026-01-08T17:52:00.000Z;ENTRADA;Venda;Venda #685956;85;Pix
2026-01-08T17:48:00.000Z;ENTRADA;Venda;Venda #685956;360;Pix
2026-01-08T17:37:00.000Z;ENTRADA;Venda;Venda #685956;135;Pix
2026-01-08T17:28:00.000Z;ENTRADA;Venda;Venda #685956;360;Pix
2026-01-08T17:20:00.000Z;ENTRADA;Venda;Venda #685956;255;Pix
2026-01-08T17:18:00.000Z;ENTRADA;Venda;Venda #685956;255;Pix
2026-01-08T17:18:00.000Z;ENTRADA;Venda;Venda #685956;8;Pix
2026-01-08T17:10:00.000Z;ENTRADA;Venda;Venda #685956;120;Pix
2026-01-08T17:10:00.000Z;ENTRADA;Venda;Venda #685956;85;Pix
2026-01-08T17:01:00.000Z;ENTRADA;Venda;Venda #685956;120;Pix
2026-01-08T17:01:00.000Z;ENTRADA;Venda;Venda #685956;8;Pix
2026-01-08T17:00:00.000Z;ENTRADA;Venda;Venda #685956;135;Pix
2026-01-08T16:55:00.000Z;ENTRADA;Venda;Venda #685956;8;Pix
2026-01-08T16:44:00.000Z;ENTRADA;Venda;Venda #685956;360;Pix
2026-01-08T16:24:00.000Z;ENTRADA;Venda;Venda #685956;45;Pix
2026-01-08T16:07:00.000Z;ENTRADA;Venda;Venda #685956;255;Pix
2026-01-08T15:35:00.000Z;ENTRADA;Venda;Venda #685956;16;Pix
2026-01-07T22:54:00.000Z;ENTRADA;Venda;Venda #685956;85;Pix
2026-01-07T22:53:00.000Z;ENTRADA;Venda;Venda #685956;120;Pix
2026-01-07T22:53:00.000Z;ENTRADA;Venda;Venda #685956;120;Pix
2026-01-07T22:39:00.000Z;ENTRADA;Venda;Venda #685956;8;Pix
2026-01-07T22:26:00.000Z;ENTRADA;Venda;Venda #685956;85;Pix
2026-01-07T22:21:00.000Z;ENTRADA;Venda;Venda #685956;240;Pix
2026-01-07T22:18:00.000Z;ENTRADA;Venda;Venda #685956;120;Pix
2026-01-07T22:12:00.000Z;ENTRADA;Venda;Venda #685956;360;Pix
2026-01-07T22:07:00.000Z;ENTRADA;Venda;Venda #685956;85;Pix
2026-01-07T22:03:00.000Z;ENTRADA;Venda;Venda #685956;255;Pix
2026-01-07T21:29:00.000Z;ENTRADA;Venda;Venda #685956;85;Pix
2026-01-07T21:22:00.000Z;ENTRADA;Venda;Venda #685956;170;Pix
2026-01-07T21:21:00.000Z;ENTRADA;Venda;Venda #685956;90;Pix
2026-01-07T21:11:00.000Z;ENTRADA;Venda;Venda #685956;170;Pix
2026-01-07T21:01:00.000Z;ENTRADA;Venda;Venda #685956;360;Pix
2026-01-07T20:36:00.000Z;ENTRADA;Venda;Venda #685956;170;Pix
2026-01-07T20:19:00.000Z;ENTRADA;Venda;Venda #685956;135;Pix
2026-01-07T20:14:00.000Z;ENTRADA;Venda;Venda #685956;90;Pix
2026-01-07T20:07:00.000Z;ENTRADA;Venda;Venda #685956;24;Pix
2026-01-07T19:34:00.000Z;ENTRADA;Venda;Venda #685956;24;Pix
2026-01-07T19:14:00.000Z;ENTRADA;Venda;Venda #685956;255;Pix
2026-01-07T19:13:00.000Z;ENTRADA;Venda;Venda #685956;360;Pix
2026-01-07T18:55:00.000Z;ENTRADA;Venda;Venda #685956;135;Pix
2026-01-07T18:26:00.000Z;ENTRADA;Venda;Venda #685956;24;Pix
2026-01-07T18:19:00.000Z;ENTRADA;Venda;Venda #685956;85;Pix
2026-01-07T18:00:00.000Z;ENTRADA;Venda;Venda #685956;85;Pix
2026-01-07T17:53:00.000Z;ENTRADA;Venda;Venda #685956;24;Pix
2026-01-07T17:45:00.000Z;ENTRADA;Venda;Venda #685956;240;Pix
2026-01-07T17:44:00.000Z;ENTRADA;Venda;Venda #685956;45;Pix
2026-01-07T17:35:00.000Z;ENTRADA;Venda;Venda #685956;8;Pix
2026-01-07T17:31:00.000Z;ENTRADA;Venda;Venda #685956;240;Pix
2026-01-07T17:23:00.000Z;ENTRADA;Venda;Venda #685956;360;Pix
2026-01-07T17:22:00.000Z;ENTRADA;Venda;Venda #685956;360;Pix
2026-01-07T17:02:00.000Z;ENTRADA;Venda;Venda #685956;170;Pix
2026-01-07T16:57:00.000Z;ENTRADA;Venda;Venda #685956;360;Pix
2026-01-07T16:53:00.000Z;ENTRADA;Venda;Venda #685956;170;Pix
2026-01-07T16:50:00.000Z;ENTRADA;Venda;Venda #685956;24;Pix
2026-01-07T16:29:00.000Z;ENTRADA;Venda;Venda #685956;45;Pix
2026-01-07T16:27:00.000Z;ENTRADA;Venda;Venda #685956;24;Pix
2026-01-07T16:24:00.000Z;ENTRADA;Venda;Venda #685956;170;Pix
2026-01-07T16:19:00.000Z;ENTRADA;Venda;Venda #685956;8;Pix
2026-01-07T16:09:00.000Z;ENTRADA;Venda;Venda #685956;90;Pix
2026-01-07T16:08:00.000Z;ENTRADA;Venda;Venda #685956;120;Pix
2026-01-07T16:06:00.000Z;ENTRADA;Venda;Venda #685956;16;Pix
2026-01-07T15:07:00.000Z;ENTRADA;Venda;Venda #685956;360;Pix
2026-01-07T15:07:00.000Z;ENTRADA;Venda;Venda #685956;45;Pix
2026-01-06T22:57:00.000Z;ENTRADA;Venda;Venda #685956;24;Pix
2026-01-06T22:49:00.000Z;ENTRADA;Venda;Venda #685956;24;Pix
2026-01-06T22:45:00.000Z;ENTRADA;Venda;Venda #685956;170;Pix
2026-01-06T22:41:00.000Z;ENTRADA;Venda;Venda #685956;8;Pix
2026-01-06T22:11:00.000Z;ENTRADA;Venda;Venda #685956;85;Pix
2026-01-06T22:00:00.000Z;ENTRADA;Venda;Venda #685956;360;Pix
2026-01-06T21:40:00.000Z;ENTRADA;Venda;Venda #685956;255;Pix
2026-01-06T21:34:00.000Z;ENTRADA;Venda;Venda #685956;360;Pix
2026-01-06T21:33:00.000Z;ENTRADA;Venda;Venda #685956;120;Pix
2026-01-06T21:02:00.000Z;ENTRADA;Venda;Venda #685956;45;Pix
2026-01-06T21:01:00.000Z;ENTRADA;Venda;Venda #685956;120;Pix
2026-01-06T20:57:00.000Z;ENTRADA;Venda;Venda #685956;135;Pix
2026-01-06T20:56:00.000Z;ENTRADA;Venda;Venda #685956;45;Pix
2026-01-06T20:48:00.000Z;ENTRADA;Venda;Venda #685956;170;Pix
2026-01-06T20:40:00.000Z;ENTRADA;Venda;Venda #685956;45;Pix
2026-01-06T20:35:00.000Z;ENTRADA;Venda;Venda #685956;135;Pix
2026-01-06T20:34:00.000Z;ENTRADA;Venda;Venda #685956;16;Pix
2026-01-06T20:32:00.000Z;ENTRADA;Venda;Venda #685956;360;Pix
2026-01-06T20:26:00.000Z;ENTRADA;Venda;Venda #685956;24;Pix
2026-01-06T20:20:00.000Z;ENTRADA;Venda;Venda #685956;16;Pix
2026-01-06T20:16:00.000Z;ENTRADA;Venda;Venda #685956;90;Pix
2026-01-06T20:12:00.000Z;ENTRADA;Venda;Venda #685956;135;Pix
2026-01-06T20:08:00.000Z;ENTRADA;Venda;Venda #685956;85;Pix
2026-01-06T20:05:00.000Z;ENTRADA;Venda;Venda #685956;120;Pix
2026-01-06T20:04:00.000Z;ENTRADA;Venda;Venda #685956;255;Pix
2026-01-06T20:01:00.000Z;ENTRADA;Venda;Venda #685956;240;Pix
2026-01-06T19:45:00.000Z;ENTRADA;Venda;Venda #685956;170;Pix
2026-01-06T19:19:00.000Z;ENTRADA;Venda;Venda #685956;120;Pix
2026-01-06T19:05:00.000Z;ENTRADA;Venda;Venda #685956;90;Pix
2026-01-06T18:56:00.000Z;ENTRADA;Venda;Venda #685956;170;Pix
2026-01-06T18:53:00.000Z;ENTRADA;Venda;Venda #685956;8;Pix
2026-01-06T18:43:00.000Z;ENTRADA;Venda;Venda #685956;135;Pix
2026-01-06T18:28:00.000Z;ENTRADA;Venda;Venda #685956;8;Pix
2026-01-06T18:24:00.000Z;ENTRADA;Venda;Venda #685956;8;Pix
2026-01-06T18:08:00.000Z;ENTRADA;Venda;Venda #685956;135;Pix
2026-01-06T18:05:00.000Z;ENTRADA;Venda;Venda #685956;24;Pix
2026-01-06T18:00:00.000Z;ENTRADA;Venda;Venda #685956;135;Pix
2026-01-06T17:57:00.000Z;ENTRADA;Venda;Venda #685956;16;Pix
2026-01-06T17:48:00.000Z;ENTRADA;Venda;Venda #685956;170;Pix
2026-01-06T17:27:00.000Z;ENTRADA;Venda;Venda #685956;120;Pix
2026-01-06T17:19:00.000Z;ENTRADA;Venda;Venda #685956;240;Pix
2026-01-06T17:16:00.000Z;ENTRADA;Venda;Venda #685956;120;Pix
2026-01-06T17:00:00.000Z;ENTRADA;Venda;Venda #685956;8;Pix
2026-01-06T17:00:00.000Z;ENTRADA;Venda;Venda #685956;255;Pix
2026-01-06T16:57:00.000Z;ENTRADA;Venda;Venda #685956;85;Pix
2026-01-06T16:52:00.000Z;ENTRADA;Venda;Venda #685956;8;Pix
2026-01-06T16:47:00.000Z;ENTRADA;Venda;Venda #685956;255;Pix
2026-01-06T16:42:00.000Z;ENTRADA;Venda;Venda #685956;120;Pix
2026-01-06T16:38:00.000Z;ENTRADA;Venda;Venda #685956;24;Pix
2026-01-06T16:20:00.000Z;ENTRADA;Venda;Venda #685956;135;Pix
2026-01-06T16:03:00.000Z;ENTRADA;Venda;Venda #685956;120;Pix
2026-01-06T15:38:00.000Z;ENTRADA;Venda;Venda #685956;170;Pix
2026-01-06T15:32:00.000Z;ENTRADA;Venda;Venda #685956;16;Pix
2026-01-06T15:26:00.000Z;ENTRADA;Venda;Venda #685956;135;Pix
2026-01-06T15:03:00.000Z;ENTRADA;Venda;Venda #685956;85;Pix
2026-01-06T03:00:00.000Z;SAÍDA;DESPESAS OPERACIONAIS;Compra de Insumos Reposição;-1813.0990753714934;Dinheiro/Banco
2026-01-05T22:54:00.000Z;ENTRADA;Venda;Venda #685956;24;Pix
2026-01-05T22:48:00.000Z;ENTRADA;Venda;Venda #685956;24;Pix
2026-01-05T22:47:00.000Z;ENTRADA;Venda;Venda #685956;45;Pix
2026-01-05T22:33:00.000Z;ENTRADA;Venda;Venda #685956;24;Pix
2026-01-05T22:29:00.000Z;ENTRADA;Venda;Venda #685956;90;Pix
2026-01-05T22:29:00.000Z;ENTRADA;Venda;Venda #685956;45;Pix
2026-01-05T22:29:00.000Z;ENTRADA;Venda;Venda #685956;8;Pix
2026-01-05T22:16:00.000Z;ENTRADA;Venda;Venda #685956;240;Pix
2026-01-05T22:10:00.000Z;ENTRADA;Venda;Venda #685956;360;Pix
2026-01-05T22:08:00.000Z;ENTRADA;Venda;Venda #685956;170;Pix
2026-01-05T22:01:00.000Z;ENTRADA;Venda;Venda #685956;360;Pix
2026-01-05T21:52:00.000Z;ENTRADA;Venda;Venda #685956;120;Pix
2026-01-05T21:32:00.000Z;ENTRADA;Venda;Venda #685956;240;Pix
2026-01-05T21:32:00.000Z;ENTRADA;Venda;Venda #685956;120;Pix
2026-01-05T21:26:00.000Z;ENTRADA;Venda;Venda #685956;45;Pix
2026-01-05T21:24:00.000Z;ENTRADA;Venda;Venda #685956;240;Pix
2026-01-05T21:21:00.000Z;ENTRADA;Venda;Venda #685956;170;Pix
2026-01-05T21:16:00.000Z;ENTRADA;Venda;Venda #685956;90;Pix
2026-01-05T21:14:00.000Z;ENTRADA;Venda;Venda #685956;24;Pix
2026-01-05T21:07:00.000Z;ENTRADA;Venda;Venda #685956;85;Pix
2026-01-05T20:57:00.000Z;ENTRADA;Venda;Venda #685956;8;Pix
2026-01-05T20:56:00.000Z;ENTRADA;Venda;Venda #685956;170;Pix
2026-01-05T20:48:00.000Z;ENTRADA;Venda;Venda #685956;24;Pix
2026-01-05T20:34:00.000Z;ENTRADA;Venda;Venda #685956;120;Pix
2026-01-05T20:20:00.000Z;ENTRADA;Venda;Venda #685956;135;Pix
2026-01-05T20:20:00.000Z;ENTRADA;Venda;Venda #685956;8;Pix
2026-01-05T20:06:00.000Z;ENTRADA;Venda;Venda #685956;360;Pix
2026-01-05T20:02:00.000Z;ENTRADA;Venda;Venda #685956;45;Pix
2026-01-05T19:46:00.000Z;ENTRADA;Venda;Venda #685956;255;Pix
2026-01-05T19:41:00.000Z;ENTRADA;Venda;Venda #685956;45;Pix
2026-01-05T19:41:00.000Z;ENTRADA;Venda;Venda #685956;240;Pix
2026-01-05T19:40:00.000Z;ENTRADA;Venda;Venda #685956;170;Pix
2026-01-05T19:38:00.000Z;ENTRADA;Venda;Venda #685956;90;Pix
2026-01-05T19:37:00.000Z;ENTRADA;Venda;Venda #685956;135;Pix
2026-01-05T19:16:00.000Z;ENTRADA;Venda;Venda #685956;170;Pix
2026-01-05T19:16:00.000Z;ENTRADA;Venda;Venda #685956;85;Pix
2026-01-05T19:10:00.000Z;ENTRADA;Venda;Venda #685956;16;Pix
2026-01-05T19:09:00.000Z;ENTRADA;Venda;Venda #685956;85;Pix
2026-01-05T19:08:00.000Z;ENTRADA;Venda;Venda #685956;135;Pix
2026-01-05T18:50:00.000Z;ENTRADA;Venda;Venda #685956;120;Pix
2026-01-05T18:41:00.000Z;ENTRADA;Venda;Venda #685956;170;Pix
2026-01-05T18:18:00.000Z;ENTRADA;Venda;Venda #685956;120;Pix
2026-01-05T18:01:00.000Z;ENTRADA;Venda;Venda #685956;135;Pix
2026-01-05T17:58:00.000Z;ENTRADA;Venda;Venda #685956;16;Pix
2026-01-05T17:25:00.000Z;ENTRADA;Venda;Venda #685956;90;Pix
2026-01-05T17:23:00.000Z;ENTRADA;Venda;Venda #685956;255;Pix
2026-01-05T17:15:00.000Z;ENTRADA;Venda;Venda #685956;8;Pix
2026-01-05T17:14:00.000Z;ENTRADA;Venda;Venda #685956;120;Pix
2026-01-05T17:12:00.000Z;ENTRADA;Venda;Venda #685956;170;Pix
2026-01-05T16:55:00.000Z;ENTRADA;Venda;Venda #685956;90;Pix
2026-01-05T16:42:00.000Z;ENTRADA;Venda;Venda #685956;45;Pix
2026-01-05T16:24:00.000Z;ENTRADA;Venda;Venda #685956;170;Pix
2026-01-05T16:22:00.000Z;ENTRADA;Venda;Venda #685956;24;Pix
2026-01-05T16:20:00.000Z;ENTRADA;Venda;Venda #685956;8;Pix
2026-01-05T16:16:00.000Z;ENTRADA;Venda;Venda #685956;90;Pix
2026-01-05T16:13:00.000Z;ENTRADA;Venda;Venda #685956;8;Pix
2026-01-05T15:55:00.000Z;ENTRADA;Venda;Venda #685956;45;Pix
2026-01-05T15:47:00.000Z;ENTRADA;Venda;Venda #685956;170;Pix
2026-01-05T15:41:00.000Z;ENTRADA;Venda;Venda #685956;8;Pix
2026-01-05T15:31:00.000Z;ENTRADA;Venda;Venda #685956;85;Pix
2026-01-05T15:19:00.000Z;ENTRADA;Venda;Venda #685956;8;Pix
2026-01-03T03:00:00.000Z;SAÍDA;DESPESAS OPERACIONAIS;Compra de Insumos Reposição;-2375.1233008702093;Dinheiro/Banco
2026-01-02T22:57:00.000Z;ENTRADA;Venda;Venda #685956;240;Pix
2026-01-02T22:44:00.000Z;ENTRADA;Venda;Venda #685956;85;Pix
2026-01-02T22:42:00.000Z;ENTRADA;Venda;Venda #685956;8;Pix
2026-01-02T22:41:00.000Z;ENTRADA;Venda;Venda #685956;45;Pix
2026-01-02T22:39:00.000Z;ENTRADA;Venda;Venda #685956;120;Pix
2026-01-02T22:31:00.000Z;ENTRADA;Venda;Venda #685956;16;Pix
2026-01-02T22:24:00.000Z;ENTRADA;Venda;Venda #685956;8;Pix
2026-01-02T22:22:00.000Z;ENTRADA;Venda;Venda #685956;90;Pix
2026-01-02T22:19:00.000Z;ENTRADA;Venda;Venda #685956;360;Pix
2026-01-02T22:10:00.000Z;ENTRADA;Venda;Venda #685956;8;Pix
2026-01-02T21:52:00.000Z;ENTRADA;Venda;Venda #685956;8;Pix
2026-01-02T21:51:00.000Z;ENTRADA;Venda;Venda #685956;240;Pix
2026-01-02T21:41:00.000Z;ENTRADA;Venda;Venda #685956;24;Pix
2026-01-02T21:30:00.000Z;ENTRADA;Venda;Venda #685956;360;Pix
2026-01-02T21:29:00.000Z;ENTRADA;Venda;Venda #685956;255;Pix
2026-01-02T21:17:00.000Z;ENTRADA;Venda;Venda #685956;85;Pix
2026-01-02T21:16:00.000Z;ENTRADA;Venda;Venda #685956;90;Pix
2026-01-02T21:09:00.000Z;ENTRADA;Venda;Venda #685956;170;Pix
2026-01-02T20:58:00.000Z;ENTRADA;Venda;Venda #685956;45;Pix
2026-01-02T20:53:00.000Z;ENTRADA;Venda;Venda #685956;240;Pix
2026-01-02T20:48:00.000Z;ENTRADA;Venda;Venda #685956;24;Pix
2026-01-02T20:17:00.000Z;ENTRADA;Venda;Venda #685956;170;Pix
2026-01-02T19:54:00.000Z;ENTRADA;Venda;Venda #685956;255;Pix
2026-01-02T19:51:00.000Z;ENTRADA;Venda;Venda #685956;135;Pix
2026-01-02T19:32:00.000Z;ENTRADA;Venda;Venda #685956;360;Pix
2026-01-02T19:24:00.000Z;ENTRADA;Venda;Venda #685956;24;Pix
2026-01-02T19:18:00.000Z;ENTRADA;Venda;Venda #685956;90;Pix
2026-01-02T19:09:00.000Z;ENTRADA;Venda;Venda #685956;16;Pix
2026-01-02T18:45:00.000Z;ENTRADA;Venda;Venda #685956;8;Pix
2026-01-02T18:30:00.000Z;ENTRADA;Venda;Venda #685956;170;Pix
2026-01-02T18:24:00.000Z;ENTRADA;Venda;Venda #685956;8;Pix
2026-01-02T18:23:00.000Z;ENTRADA;Venda;Venda #685956;16;Pix
2026-01-02T18:01:00.000Z;ENTRADA;Venda;Venda #685956;120;Pix
2026-01-02T17:48:00.000Z;ENTRADA;Venda;Venda #685956;255;Pix
2026-01-02T17:40:00.000Z;ENTRADA;Venda;Venda #685956;24;Pix
2026-01-02T17:19:00.000Z;ENTRADA;Venda;Venda #685956;45;Pix
2026-01-02T17:19:00.000Z;ENTRADA;Venda;Venda #685956;24;Pix
2026-01-02T17:15:00.000Z;ENTRADA;Venda;Venda #685956;24;Pix
2026-01-02T17:12:00.000Z;ENTRADA;Venda;Venda #685956;255;Pix
2026-01-02T17:09:00.000Z;ENTRADA;Venda;Venda #685956;16;Pix
2026-01-02T16:38:00.000Z;ENTRADA;Venda;Venda #685956;360;Pix
2026-01-02T16:37:00.000Z;ENTRADA;Venda;Venda #685956;170;Pix
2026-01-02T16:36:00.000Z;ENTRADA;Venda;Venda #685956;24;Pix
2026-01-02T16:34:00.000Z;ENTRADA;Venda;Venda #685956;85;Pix
2026-01-02T16:15:00.000Z;ENTRADA;Venda;Venda #685956;240;Pix
2026-01-02T16:04:00.000Z;ENTRADA;Venda;Venda #685956;170;Pix
2026-01-02T16:03:00.000Z;ENTRADA;Venda;Venda #685956;85;Pix
2026-01-02T15:52:00.000Z;ENTRADA;Venda;Venda #685956;360;Pix
2026-01-02T15:37:00.000Z;ENTRADA;Venda;Venda #685956;24;Pix
2026-01-02T15:31:00.000Z;ENTRADA;Venda;Venda #685956;24;Pix
2026-01-02T15:26:00.000Z;ENTRADA;Venda;Venda #685956;240;Pix
2026-01-02T15:20:00.000Z;ENTRADA;Venda;Venda #685956;120;Pix
2026-01-02T15:08:00.000Z;ENTRADA;Venda;Venda #685956;170;Pix
2026-01-02T15:05:00.000Z;ENTRADA;Venda;Venda #685956;135;Pix
2026-01-01T22:58:00.000Z;ENTRADA;Venda;Venda #685956;45;Pix
2026-01-01T22:47:00.000Z;ENTRADA;Venda;Venda #685956;135;Pix
2026-01-01T22:34:00.000Z;ENTRADA;Venda;Venda #685956;240;Pix
2026-01-01T22:31:00.000Z;ENTRADA;Venda;Venda #685956;135;Pix
2026-01-01T22:28:00.000Z;ENTRADA;Venda;Venda #685956;85;Pix
2026-01-01T22:26:00.000Z;ENTRADA;Venda;Venda #685956;240;Pix
2026-01-01T22:20:00.000Z;ENTRADA;Venda;Venda #685956;255;Pix
2026-01-01T22:17:00.000Z;ENTRADA;Venda;Venda #685956;24;Pix
2026-01-01T21:46:00.000Z;ENTRADA;Venda;Venda #685956;360;Pix
2026-01-01T21:29:00.000Z;ENTRADA;Venda;Venda #685956;8;Pix
2026-01-01T21:18:00.000Z;ENTRADA;Venda;Venda #685956;240;Pix
2026-01-01T21:16:00.000Z;ENTRADA;Venda;Venda #685956;240;Pix
2026-01-01T21:11:00.000Z;ENTRADA;Venda;Venda #685956;170;Pix
2026-01-01T21:07:00.000Z;ENTRADA;Venda;Venda #685956;360;Pix
2026-01-01T20:47:00.000Z;ENTRADA;Venda;Venda #685956;45;Pix
2026-01-01T20:41:00.000Z;ENTRADA;Venda;Venda #685956;240;Pix
2026-01-01T20:18:00.000Z;ENTRADA;Venda;Venda #685956;8;Pix
2026-01-01T20:14:00.000Z;ENTRADA;Venda;Venda #685956;135;Pix
2026-01-01T20:12:00.000Z;ENTRADA;Venda;Venda #685956;85;Pix
2026-01-01T20:02:00.000Z;ENTRADA;Venda;Venda #685956;240;Pix
2026-01-01T19:39:00.000Z;ENTRADA;Venda;Venda #685956;16;Pix
2026-01-01T19:01:00.000Z;ENTRADA;Venda;Venda #685956;120;Pix
2026-01-01T18:47:00.000Z;ENTRADA;Venda;Venda #685956;8;Pix
2026-01-01T18:45:00.000Z;ENTRADA;Venda;Venda #685956;120;Pix
2026-01-01T18:44:00.000Z;ENTRADA;Venda;Venda #685956;240;Pix
2026-01-01T18:41:00.000Z;ENTRADA;Venda;Venda #685956;85;Pix
2026-01-01T18:19:00.000Z;ENTRADA;Venda;Venda #685956;90;Pix
2026-01-01T18:04:00.000Z;ENTRADA;Venda;Venda #685956;24;Pix
2026-01-01T17:57:00.000Z;ENTRADA;Venda;Venda #685956;240;Pix
2026-01-01T17:42:00.000Z;ENTRADA;Venda;Venda #685956;90;Pix
2026-01-01T17:40:00.000Z;ENTRADA;Venda;Venda #685956;360;Pix
2026-01-01T17:39:00.000Z;ENTRADA;Venda;Venda #685956;24;Pix
2026-01-01T17:33:00.000Z;ENTRADA;Venda;Venda #685956;8;Pix
2026-01-01T17:25:00.000Z;ENTRADA;Venda;Venda #685956;255;Pix
2026-01-01T17:08:00.000Z;ENTRADA;Venda;Venda #685956;85;Pix
2026-01-01T17:05:00.000Z;ENTRADA;Venda;Venda #685956;8;Pix
2026-01-01T16:50:00.000Z;ENTRADA;Venda;Venda #685956;135;Pix
2026-01-01T16:40:00.000Z;ENTRADA;Venda;Venda #685956;240;Pix
2026-01-01T16:28:00.000Z;ENTRADA;Venda;Venda #685956;240;Pix
2026-01-01T16:27:00.000Z;ENTRADA;Venda;Venda #685956;45;Pix
2026-01-01T16:23:00.000Z;ENTRADA;Venda;Venda #685956;8;Pix
2026-01-01T16:22:00.000Z;ENTRADA;Venda;Venda #685956;120;Pix
2026-01-01T16:04:00.000Z;ENTRADA;Venda;Venda #685956;90;Pix
2026-01-01T15:55:00.000Z;ENTRADA;Venda;Venda #685956;85;Pix
2026-01-01T15:45:00.000Z;ENTRADA;Venda;Venda #685956;8;Pix
2026-01-01T15:45:00.000Z;ENTRADA;Venda;Venda #685956;360;Pix
2026-01-01T15:22:00.000Z;ENTRADA;Venda;Venda #685956;170;Pix
2026-01-01T15:14:00.000Z;ENTRADA;Venda;Venda #685956;120;Pix
2025-12-31T20:45:00.000Z;ENTRADA;Venda;Venda #685956;45;Pix
2025-12-31T19:37:00.000Z;ENTRADA;Venda;Venda #685956;135;Pix
2025-12-31T19:36:00.000Z;ENTRADA;Venda;Venda #685956;45;Pix
2025-12-31T18:33:00.000Z;ENTRADA;Venda;Venda #685956;8;Pix
2025-12-31T18:26:00.000Z;ENTRADA;Venda;Venda #685956;360;Pix
2025-12-31T17:56:00.000Z;ENTRADA;Venda;Venda #685956;24;Pix
2025-12-31T17:48:00.000Z;ENTRADA;Venda;Venda #685956;90;Pix
2025-12-31T16:50:00.000Z;ENTRADA;Venda;Venda #685956;170;Pix
2025-12-31T16:18:00.000Z;ENTRADA;Venda;Venda #685956;16;Pix
2025-12-31T16:05:00.000Z;ENTRADA;Venda;Venda #685956;135;Pix
2025-12-31T15:19:00.000Z;ENTRADA;Venda;Venda #685956;170;Pix
2025-12-30T22:34:00.000Z;ENTRADA;Venda;Venda #685956;135;Pix
2025-12-30T22:22:00.000Z;ENTRADA;Venda;Venda #685956;8;Pix
2025-12-30T22:08:00.000Z;ENTRADA;Venda;Venda #685956;45;Pix
2025-12-30T21:50:00.000Z;ENTRADA;Venda;Venda #685956;255;Pix
2025-12-30T19:50:00.000Z;ENTRADA;Venda;Venda #685956;16;Pix
2025-12-30T19:49:00.000Z;ENTRADA;Venda;Venda #685956;45;Pix
2025-12-30T18:50:00.000Z;ENTRADA;Venda;Venda #685956;16;Pix
2025-12-30T18:25:00.000Z;ENTRADA;Venda;Venda #685956;170;Pix
2025-12-30T18:14:00.000Z;ENTRADA;Venda;Venda #685956;8;Pix
2025-12-30T17:41:00.000Z;ENTRADA;Venda;Venda #685956;120;Pix
2025-12-30T16:54:00.000Z;ENTRADA;Venda;Venda #685956;45;Pix
2025-12-30T16:54:00.000Z;ENTRADA;Venda;Venda #685956;120;Pix
2025-12-30T16:13:00.000Z;ENTRADA;Venda;Venda #685956;240;Pix
2025-12-30T03:00:00.000Z;SAÍDA;DESPESAS OPERACIONAIS;Compra de Insumos Reposição;-2403.5677110621436;Dinheiro/Banco
2025-12-29T21:35:00.000Z;ENTRADA;Venda;Venda #685956;8;Pix
2025-12-29T21:35:00.000Z;ENTRADA;Venda;Venda #685956;85;Pix
2025-12-29T20:14:00.000Z;ENTRADA;Venda;Venda #685956;24;Pix
2025-12-29T20:11:00.000Z;ENTRADA;Venda;Venda #685956;135;Pix
2025-12-29T19:54:00.000Z;ENTRADA;Venda;Venda #685956;120;Pix
2025-12-29T19:30:00.000Z;ENTRADA;Venda;Venda #685956;24;Pix
2025-12-29T18:48:00.000Z;ENTRADA;Venda;Venda #685956;24;Pix
2025-12-29T18:08:00.000Z;ENTRADA;Venda;Venda #685956;24;Pix
2025-12-29T17:40:00.000Z;ENTRADA;Venda;Venda #685956;170;Pix
2025-12-29T17:28:00.000Z;ENTRADA;Venda;Venda #685956;16;Pix
2025-12-29T16:42:00.000Z;ENTRADA;Venda;Venda #685956;120;Pix
2025-12-29T16:33:00.000Z;ENTRADA;Venda;Venda #685956;240;Pix
2025-12-29T16:32:00.000Z;ENTRADA;Venda;Venda #685956;45;Pix
2025-12-29T15:54:00.000Z;ENTRADA;Venda;Venda #685956;24;Pix
2025-12-29T15:02:00.000Z;ENTRADA;Venda;Venda #685956;8;Pix
2025-12-27T03:00:00.000Z;SAÍDA;DESPESAS OPERACIONAIS;Compra de Insumos Reposição;-1898.1428145901907;Dinheiro/Banco
2025-12-26T22:43:00.000Z;ENTRADA;Venda;Venda #685956;170;Pix
2025-12-26T22:32:00.000Z;ENTRADA;Venda;Venda #685956;170;Pix
2025-12-26T21:54:00.000Z;ENTRADA;Venda;Venda #685956;24;Pix
2025-12-26T20:11:00.000Z;ENTRADA;Venda;Venda #685956;45;Pix
2025-12-26T19:17:00.000Z;ENTRADA;Venda;Venda #685956;255;Pix
2025-12-26T18:47:00.000Z;ENTRADA;Venda;Venda #685956;45;Pix
2025-12-26T18:42:00.000Z;ENTRADA;Venda;Venda #685956;240;Pix
2025-12-26T18:39:00.000Z;ENTRADA;Venda;Venda #685956;135;Pix
2025-12-26T17:55:00.000Z;ENTRADA;Venda;Venda #685956;120;Pix
2025-12-25T22:53:00.000Z;ENTRADA;Venda;Venda #685956;85;Pix
2025-12-25T19:34:00.000Z;ENTRADA;Venda;Venda #685956;45;Pix
2025-12-25T18:52:00.000Z;ENTRADA;Venda;Venda #685956;255;Pix
2025-12-25T17:33:00.000Z;ENTRADA;Venda;Venda #685956;360;Pix
2025-12-25T15:43:00.000Z;ENTRADA;Venda;Venda #685956;45;Pix
2025-12-25T15:42:00.000Z;ENTRADA;Venda;Venda #685956;360;Pix
2025-12-24T21:41:00.000Z;ENTRADA;Venda;Venda #685956;120;Pix
2025-12-24T19:54:00.000Z;ENTRADA;Venda;Venda #685956;90;Pix
2025-12-24T19:46:00.000Z;ENTRADA;Venda;Venda #685956;90;Pix
2025-12-24T18:49:00.000Z;ENTRADA;Venda;Venda #685956;85;Pix
2025-12-24T18:46:00.000Z;ENTRADA;Venda;Venda #685956;360;Pix
2025-12-24T18:38:00.000Z;ENTRADA;Venda;Venda #685956;45;Pix
2025-12-24T17:17:00.000Z;ENTRADA;Venda;Venda #685956;85;Pix
2025-12-24T17:09:00.000Z;ENTRADA;Venda;Venda #685956;85;Pix
2025-12-24T15:09:00.000Z;ENTRADA;Venda;Venda #685956;240;Pix
2025-12-24T03:00:00.000Z;SAÍDA;DESPESAS OPERACIONAIS;Compra de Insumos Reposição;-2383.8822875234628;Dinheiro/Banco
2025-12-23T22:44:00.000Z;ENTRADA;Venda;Venda #685955;170;Pix
2025-12-23T22:32:00.000Z;ENTRADA;Venda;Venda #685956;16;Pix
2025-12-23T17:50:00.000Z;ENTRADA;Venda;Venda #685956;24;Pix
2025-12-23T17:42:00.000Z;ENTRADA;Venda;Venda #685956;360;Pix
2025-12-23T17:28:00.000Z;ENTRADA;Venda;Venda #685955;24;Pix
2025-12-23T16:28:00.000Z;ENTRADA;Venda;Venda #685956;240;Pix
2025-12-23T15:35:00.000Z;ENTRADA;Venda;Venda #685955;170;Pix
2025-12-23T15:15:00.000Z;ENTRADA;Venda;Venda #685955;120;Pix
2025-12-22T21:06:00.000Z;ENTRADA;Venda;Venda #685955;24;Pix
2025-12-22T19:58:00.000Z;ENTRADA;Venda;Venda #685955;255;Pix
2025-12-22T18:17:00.000Z;ENTRADA;Venda;Venda #685955;240;Pix
2025-12-22T18:08:00.000Z;ENTRADA;Venda;Venda #685955;240;Pix
2025-12-22T18:08:00.000Z;ENTRADA;Venda;Venda #685955;120;Pix
2025-12-22T17:07:00.000Z;ENTRADA;Venda;Venda #685955;16;Pix
2025-12-22T15:38:00.000Z;ENTRADA;Venda;Venda #685955;24;Pix
2025-12-22T15:15:00.000Z;ENTRADA;Venda;Venda #685955;255;Pix
2025-12-21T03:00:00.000Z;SAÍDA;DESPESAS OPERACIONAIS;Compra de Insumos Reposição;-1986.2047075674768;Dinheiro/Banco
2025-12-19T21:33:00.000Z;ENTRADA;Venda;Venda #685955;135;Pix
2025-12-19T20:55:00.000Z;ENTRADA;Venda;Venda #685955;45;Pix
2025-12-19T19:53:00.000Z;ENTRADA;Venda;Venda #685955;255;Pix
2025-12-19T19:37:00.000Z;ENTRADA;Venda;Venda #685955;90;Pix
2025-12-19T19:13:00.000Z;ENTRADA;Venda;Venda #685955;135;Pix
2025-12-19T18:18:00.000Z;ENTRADA;Venda;Venda #685955;240;Pix
2025-12-19T16:12:00.000Z;ENTRADA;Venda;Venda #685955;120;Pix
2025-12-19T15:49:00.000Z;ENTRADA;Venda;Venda #685955;85;Pix
2025-12-18T22:43:00.000Z;ENTRADA;Venda;Venda #685955;170;Pix
2025-12-18T20:25:00.000Z;ENTRADA;Venda;Venda #685955;24;Pix
2025-12-18T20:16:00.000Z;ENTRADA;Venda;Venda #685955;135;Pix
2025-12-18T19:54:00.000Z;ENTRADA;Venda;Venda #685955;16;Pix
2025-12-18T18:53:00.000Z;ENTRADA;Venda;Venda #685955;360;Pix
2025-12-18T16:49:00.000Z;ENTRADA;Venda;Venda #685955;360;Pix
2025-12-18T16:12:00.000Z;ENTRADA;Venda;Venda #685955;16;Pix
2025-12-18T03:00:00.000Z;SAÍDA;DESPESAS OPERACIONAIS;Compra de Insumos Reposição;-2075.608301263425;Dinheiro/Banco
2025-12-17T22:56:00.000Z;ENTRADA;Venda;Venda #685955;255;Pix
2025-12-17T22:02:00.000Z;ENTRADA;Venda;Venda #685955;8;Pix
2025-12-17T21:23:00.000Z;ENTRADA;Venda;Venda #685955;135;Pix
2025-12-17T19:35:00.000Z;ENTRADA;Venda;Venda #685955;120;Pix
2025-12-17T19:09:00.000Z;ENTRADA;Venda;Venda #685955;120;Pix
2025-12-17T18:17:00.000Z;ENTRADA;Venda;Venda #685955;90;Pix
2025-12-17T17:48:00.000Z;ENTRADA;Venda;Venda #685955;255;Pix
2025-12-17T16:51:00.000Z;ENTRADA;Venda;Venda #685955;45;Pix
2025-12-17T16:33:00.000Z;ENTRADA;Venda;Venda #685955;135;Pix
2025-12-17T15:54:00.000Z;ENTRADA;Venda;Venda #685955;24;Pix
2025-12-16T22:20:00.000Z;ENTRADA;Venda;Venda #685955;120;Pix
2025-12-16T21:22:00.000Z;ENTRADA;Venda;Venda #685955;120;Pix
2025-12-16T21:04:00.000Z;ENTRADA;Venda;Venda #685955;360;Pix
2025-12-16T17:23:00.000Z;ENTRADA;Venda;Venda #685955;360;Pix
2025-12-16T17:23:00.000Z;ENTRADA;Venda;Venda #685955;90;Pix
2025-12-16T16:44:00.000Z;ENTRADA;Venda;Venda #685955;16;Pix
2025-12-16T16:08:00.000Z;ENTRADA;Venda;Venda #685955;90;Pix
2025-12-15T22:58:00.000Z;ENTRADA;Venda;Venda #685955;255;Pix
2025-12-15T22:14:00.000Z;ENTRADA;Venda;Venda #685955;240;Pix
2025-12-15T21:06:00.000Z;ENTRADA;Venda;Venda #685955;170;Pix
2025-12-15T20:57:00.000Z;ENTRADA;Venda;Venda #685955;16;Pix
2025-12-15T19:45:00.000Z;ENTRADA;Venda;Venda #685955;85;Pix
2025-12-15T19:45:00.000Z;ENTRADA;Venda;Venda #685955;255;Pix
2025-12-15T19:08:00.000Z;ENTRADA;Venda;Venda #685955;16;Pix
2025-12-15T18:43:00.000Z;ENTRADA;Venda;Venda #685955;170;Pix
2025-12-15T17:04:00.000Z;ENTRADA;Venda;Venda #685955;24;Pix
2025-12-15T03:00:00.000Z;SAÍDA;DESPESAS OPERACIONAIS;Compra de Insumos Reposição;-1789.424569928903;Dinheiro/Banco
2025-12-12T22:19:00.000Z;ENTRADA;Venda;Venda #685955;135;Pix
2025-12-12T22:09:00.000Z;ENTRADA;Venda;Venda #685955;255;Pix
2025-12-12T22:08:00.000Z;ENTRADA;Venda;Venda #685955;8;Pix
2025-12-12T21:55:00.000Z;ENTRADA;Venda;Venda #685955;45;Pix
2025-12-12T21:25:00.000Z;ENTRADA;Venda;Venda #685955;120;Pix
2025-12-12T21:11:00.000Z;ENTRADA;Venda;Venda #685955;90;Pix
2025-12-12T21:07:00.000Z;ENTRADA;Venda;Venda #685955;170;Pix
2025-12-12T21:06:00.000Z;ENTRADA;Venda;Venda #685955;16;Pix
2025-12-12T21:05:00.000Z;ENTRADA;Venda;Venda #685955;255;Pix
2025-12-12T20:53:00.000Z;ENTRADA;Venda;Venda #685955;8;Pix
2025-12-12T20:27:00.000Z;ENTRADA;Venda;Venda #685955;24;Pix
2025-12-12T19:06:00.000Z;ENTRADA;Venda;Venda #685955;16;Pix
2025-12-12T18:11:00.000Z;ENTRADA;Venda;Venda #685955;24;Pix
2025-12-12T17:40:00.000Z;ENTRADA;Venda;Venda #685955;85;Pix
2025-12-12T16:45:00.000Z;ENTRADA;Venda;Venda #685955;8;Pix
2025-12-12T03:00:00.000Z;SAÍDA;DESPESAS OPERACIONAIS;Compra de Insumos Reposição;-1504.6673884552554;Dinheiro/Banco
2025-12-11T22:03:00.000Z;ENTRADA;Venda;Venda #685955;120;Pix
2025-12-11T20:58:00.000Z;ENTRADA;Venda;Venda #685955;8;Pix
2025-12-11T20:56:00.000Z;ENTRADA;Venda;Venda #685955;170;Pix
2025-12-11T18:56:00.000Z;ENTRADA;Venda;Venda #685955;255;Pix
2025-12-11T16:25:00.000Z;ENTRADA;Venda;Venda #685955;16;Pix
2025-12-11T16:22:00.000Z;ENTRADA;Venda;Venda #685955;45;Pix
2025-12-11T16:03:00.000Z;ENTRADA;Venda;Venda #685955;360;Pix
2025-12-11T15:58:00.000Z;ENTRADA;Venda;Venda #685955;240;Pix
2025-12-10T21:01:00.000Z;ENTRADA;Venda;Venda #685955;90;Pix
2025-12-10T20:53:00.000Z;ENTRADA;Venda;Venda #685955;45;Pix
2025-12-10T20:39:00.000Z;ENTRADA;Venda;Venda #685955;255;Pix
2025-12-10T20:36:00.000Z;ENTRADA;Venda;Venda #685955;135;Pix
2025-12-10T19:56:00.000Z;ENTRADA;Venda;Venda #685955;45;Pix
2025-12-10T19:42:00.000Z;ENTRADA;Venda;Venda #685955;16;Pix
2025-12-10T18:29:00.000Z;ENTRADA;Venda;Venda #685955;8;Pix
2025-12-10T17:20:00.000Z;ENTRADA;Venda;Venda #685955;8;Pix
2025-12-10T17:18:00.000Z;ENTRADA;Venda;Venda #685955;360;Pix
2025-12-10T16:37:00.000Z;ENTRADA;Venda;Venda #685955;120;Pix
2025-12-09T21:43:00.000Z;ENTRADA;Venda;Venda #685955;360;Pix
2025-12-09T20:02:00.000Z;ENTRADA;Venda;Venda #685955;8;Pix
2025-12-09T19:18:00.000Z;ENTRADA;Venda;Venda #685955;255;Pix
2025-12-09T19:11:00.000Z;ENTRADA;Venda;Venda #685955;120;Pix
2025-12-09T19:07:00.000Z;ENTRADA;Venda;Venda #685955;24;Pix
2025-12-09T17:29:00.000Z;ENTRADA;Venda;Venda #685955;8;Pix
2025-12-09T17:26:00.000Z;ENTRADA;Venda;Venda #685955;135;Pix
2025-12-09T17:23:00.000Z;ENTRADA;Venda;Venda #685955;16;Pix
2025-12-09T17:13:00.000Z;ENTRADA;Venda;Venda #685955;90;Pix
2025-12-09T15:08:00.000Z;ENTRADA;Venda;Venda #685955;90;Pix
2025-12-09T03:00:00.000Z;SAÍDA;DESPESAS OPERACIONAIS;Compra de Insumos Reposição;-2482.2061659917326;Dinheiro/Banco
2025-12-08T20:13:00.000Z;ENTRADA;Venda;Venda #685955;45;Pix
2025-12-08T19:57:00.000Z;ENTRADA;Venda;Venda #685955;135;Pix
2025-12-08T19:56:00.000Z;ENTRADA;Venda;Venda #685955;360;Pix
2025-12-08T19:03:00.000Z;ENTRADA;Venda;Venda #685955;16;Pix
2025-12-08T16:52:00.000Z;ENTRADA;Venda;Venda #685955;255;Pix
2025-12-08T16:47:00.000Z;ENTRADA;Venda;Venda #685955;8;Pix
2025-12-08T16:24:00.000Z;ENTRADA;Venda;Venda #685955;45;Pix
2025-12-08T15:08:00.000Z;ENTRADA;Venda;Venda #685955;255;Pix
2025-12-06T03:00:00.000Z;SAÍDA;DESPESAS OPERACIONAIS;Compra de Insumos Reposição;-1553.297987798557;Dinheiro/Banco
2025-12-05T22:37:00.000Z;ENTRADA;Venda;Venda #685955;90;Pix
2025-12-05T21:58:00.000Z;ENTRADA;Venda;Venda #685955;16;Pix
2025-12-05T20:36:00.000Z;ENTRADA;Venda;Venda #685955;135;Pix
2025-12-05T19:52:00.000Z;ENTRADA;Venda;Venda #685955;85;Pix
2025-12-05T17:53:00.000Z;ENTRADA;Venda;Venda #685955;135;Pix
2025-12-05T17:51:00.000Z;ENTRADA;Venda;Venda #685955;90;Pix
2025-12-05T17:16:00.000Z;ENTRADA;Venda;Venda #685955;120;Pix
2025-12-05T16:22:00.000Z;ENTRADA;Venda;Venda #685955;170;Pix
2025-12-05T15:27:00.000Z;ENTRADA;Venda;Venda #685955;240;Pix
2025-12-04T22:14:00.000Z;ENTRADA;Venda;Venda #685955;8;Pix
2025-12-04T22:08:00.000Z;ENTRADA;Venda;Venda #685955;90;Pix
2025-12-04T21:33:00.000Z;ENTRADA;Venda;Venda #685955;240;Pix
2025-12-04T17:54:00.000Z;ENTRADA;Venda;Venda #685955;255;Pix
2025-12-04T17:37:00.000Z;ENTRADA;Venda;Venda #685955;90;Pix
2025-12-04T16:39:00.000Z;ENTRADA;Venda;Venda #685955;120;Pix
2025-12-04T16:24:00.000Z;ENTRADA;Venda;Venda #685955;85;Pix
2025-12-04T15:03:00.000Z;ENTRADA;Venda;Venda #685955;240;Pix
2025-12-03T22:51:00.000Z;ENTRADA;Venda;Venda #685955;85;Pix
2025-12-03T21:09:00.000Z;ENTRADA;Venda;Venda #685955;16;Pix
2025-12-03T20:00:00.000Z;ENTRADA;Venda;Venda #685955;255;Pix
2025-12-03T19:52:00.000Z;ENTRADA;Venda;Venda #685955;85;Pix
2025-12-03T19:36:00.000Z;ENTRADA;Venda;Venda #685955;240;Pix
2025-12-03T16:04:00.000Z;ENTRADA;Venda;Venda #685955;360;Pix
2025-12-03T15:00:00.000Z;ENTRADA;Venda;Venda #685955;90;Pix
2025-12-03T03:00:00.000Z;SAÍDA;DESPESAS OPERACIONAIS;Compra de Insumos Reposição;-2073.272429217208;Dinheiro/Banco
2025-12-02T22:09:00.000Z;ENTRADA;Venda;Venda #685955;135;Pix
2025-12-02T21:10:00.000Z;ENTRADA;Venda;Venda #685955;170;Pix
2025-12-02T20:22:00.000Z;ENTRADA;Venda;Venda #685955;16;Pix
2025-12-02T19:41:00.000Z;ENTRADA;Venda;Venda #685955;240;Pix
2025-12-02T19:06:00.000Z;ENTRADA;Venda;Venda #685955;360;Pix
2025-12-02T18:11:00.000Z;ENTRADA;Venda;Venda #685955;120;Pix
2025-12-02T17:54:00.000Z;ENTRADA;Venda;Venda #685955;85;Pix
2025-12-02T16:55:00.000Z;ENTRADA;Venda;Venda #685955;90;Pix
2025-12-02T15:20:00.000Z;ENTRADA;Venda;Venda #685955;45;Pix
2025-12-01T22:29:00.000Z;ENTRADA;Venda;Venda #685955;360;Pix
2025-12-01T18:04:00.000Z;ENTRADA;Venda;Venda #685955;120;Pix
2025-12-01T16:57:00.000Z;ENTRADA;Venda;Venda #685955;90;Pix
2025-12-01T16:18:00.000Z;ENTRADA;Venda;Venda #685955;24;Pix
2025-12-01T16:00:00.000Z;ENTRADA;Venda;Venda #685955;240;Pix
2025-12-01T15:24:00.000Z;ENTRADA;Venda;Venda #685955;360;Pix
2025-11-30T03:00:00.000Z;SAÍDA;DESPESAS OPERACIONAIS;Compra de Insumos Reposição;-2100.8950576584284;Dinheiro/Banco
2025-11-28T21:27:00.000Z;ENTRADA;Venda;Venda #685955;8;Pix
2025-11-28T21:25:00.000Z;ENTRADA;Venda;Venda #685955;90;Pix
2025-11-28T20:19:00.000Z;ENTRADA;Venda;Venda #685955;45;Pix
2025-11-28T20:07:00.000Z;ENTRADA;Venda;Venda #685955;170;Pix
2025-11-28T19:43:00.000Z;ENTRADA;Venda;Venda #685955;24;Pix
2025-11-28T18:54:00.000Z;ENTRADA;Venda;Venda #685955;240;Pix
2025-11-28T18:11:00.000Z;ENTRADA;Venda;Venda #685955;85;Pix
2025-11-28T17:46:00.000Z;ENTRADA;Venda;Venda #685955;24;Pix
2025-11-28T16:45:00.000Z;ENTRADA;Venda;Venda #685955;255;Pix
2025-11-28T16:07:00.000Z;ENTRADA;Venda;Venda #685955;8;Pix
2025-11-28T15:35:00.000Z;ENTRADA;Venda;Venda #685955;240;Pix
2025-11-27T21:50:00.000Z;ENTRADA;Venda;Venda #685955;255;Pix
2025-11-27T21:11:00.000Z;ENTRADA;Venda;Venda #685955;16;Pix
2025-11-27T20:35:00.000Z;ENTRADA;Venda;Venda #685955;24;Pix
2025-11-27T20:20:00.000Z;ENTRADA;Venda;Venda #685955;240;Pix
2025-11-27T18:34:00.000Z;ENTRADA;Venda;Venda #685955;255;Pix
2025-11-27T17:47:00.000Z;ENTRADA;Venda;Venda #685955;16;Pix
2025-11-27T15:44:00.000Z;ENTRADA;Venda;Venda #685955;170;Pix
2025-11-27T15:02:00.000Z;ENTRADA;Venda;Venda #685955;120;Pix
2025-11-27T03:00:00.000Z;SAÍDA;DESPESAS OPERACIONAIS;Compra de Insumos Reposição;-1839.5135326385384;Dinheiro/Banco
2025-11-26T21:23:00.000Z;ENTRADA;Venda;Venda #685955;240;Pix
2025-11-26T20:43:00.000Z;ENTRADA;Venda;Venda #685955;255;Pix
2025-11-26T19:58:00.000Z;ENTRADA;Venda;Venda #685955;255;Pix
2025-11-26T19:02:00.000Z;ENTRADA;Venda;Venda #685955;135;Pix
2025-11-26T17:22:00.000Z;ENTRADA;Venda;Venda #685955;255;Pix
2025-11-25T20:18:00.000Z;ENTRADA;Venda;Venda #685955;360;Pix
2025-11-25T19:27:00.000Z;ENTRADA;Venda;Venda #685955;135;Pix
2025-11-25T18:14:00.000Z;ENTRADA;Venda;Venda #685955;120;Pix
2025-11-25T17:26:00.000Z;ENTRADA;Venda;Venda #685955;255;Pix
2025-11-25T17:16:00.000Z;ENTRADA;Venda;Venda #685955;8;Pix
2025-11-25T16:48:00.000Z;ENTRADA;Venda;Venda #685955;240;Pix
2025-11-25T16:43:00.000Z;ENTRADA;Venda;Venda #685955;45;Pix
2025-11-25T15:01:00.000Z;ENTRADA;Venda;Venda #685955;24;Pix
2025-11-24T22:49:00.000Z;ENTRADA;Venda;Venda #685955;24;Pix
2025-11-24T20:24:00.000Z;ENTRADA;Venda;Venda #685955;360;Pix
2025-11-24T19:52:00.000Z;ENTRADA;Venda;Venda #685955;85;Pix
2025-11-24T19:52:00.000Z;ENTRADA;Venda;Venda #685955;255;Pix
2025-11-24T17:08:00.000Z;ENTRADA;Venda;Venda #685955;24;Pix
2025-11-24T17:07:00.000Z;ENTRADA;Venda;Venda #685955;8;Pix
2025-11-24T15:36:00.000Z;ENTRADA;Venda;Venda #685955;120;Pix
2025-11-24T15:17:00.000Z;ENTRADA;Venda;Venda #685955;24;Pix
2025-11-24T15:08:00.000Z;ENTRADA;Venda;Venda #685955;170;Pix
2025-11-24T03:00:00.000Z;SAÍDA;DESPESAS OPERACIONAIS;Compra de Insumos Reposição;-2345.971089077117;Dinheiro/Banco
2025-11-21T22:34:00.000Z;ENTRADA;Venda;Venda #685955;8;Pix
2025-11-21T21:24:00.000Z;ENTRADA;Venda;Venda #685955;120;Pix
2025-11-21T20:30:00.000Z;ENTRADA;Venda;Venda #685955;255;Pix
2025-11-21T20:12:00.000Z;ENTRADA;Venda;Venda #685955;240;Pix
2025-11-21T20:00:00.000Z;ENTRADA;Venda;Venda #685955;45;Pix
2025-11-21T18:37:00.000Z;ENTRADA;Venda;Venda #685955;24;Pix
2025-11-21T18:09:00.000Z;ENTRADA;Venda;Venda #685955;85;Pix
2025-11-21T17:45:00.000Z;ENTRADA;Venda;Venda #685955;85;Pix
2025-11-21T17:42:00.000Z;ENTRADA;Venda;Venda #685955;8;Pix
2025-11-21T17:02:00.000Z;ENTRADA;Venda;Venda #685955;240;Pix
2025-11-21T03:00:00.000Z;SAÍDA;DESPESAS OPERACIONAIS;Compra de Insumos Reposição;-1817.4619173169287;Dinheiro/Banco
2025-11-20T21:31:00.000Z;ENTRADA;Venda;Venda #685955;255;Pix
2025-11-20T21:16:00.000Z;ENTRADA;Venda;Venda #685955;24;Pix
2025-11-20T18:13:00.000Z;ENTRADA;Venda;Venda #685955;240;Pix
2025-11-20T16:57:00.000Z;ENTRADA;Venda;Venda #685955;120;Pix
2025-11-20T16:13:00.000Z;ENTRADA;Venda;Venda #685955;90;Pix
2025-11-20T15:44:00.000Z;ENTRADA;Venda;Venda #685955;360;Pix
2025-11-19T22:20:00.000Z;ENTRADA;Venda;Venda #685955;45;Pix
2025-11-19T20:57:00.000Z;ENTRADA;Venda;Venda #685955;8;Pix
2025-11-19T20:44:00.000Z;ENTRADA;Venda;Venda #685955;90;Pix
2025-11-19T20:16:00.000Z;ENTRADA;Venda;Venda #685955;135;Pix
2025-11-19T20:08:00.000Z;ENTRADA;Venda;Venda #685955;85;Pix
2025-11-19T19:53:00.000Z;ENTRADA;Venda;Venda #685955;16;Pix
2025-11-19T19:21:00.000Z;ENTRADA;Venda;Venda #685955;240;Pix
2025-11-19T18:04:00.000Z;ENTRADA;Venda;Venda #685955;135;Pix
2025-11-19T17:24:00.000Z;ENTRADA;Venda;Venda #685955;135;Pix
2025-11-19T16:42:00.000Z;ENTRADA;Venda;Venda #685955;120;Pix
2025-11-19T16:32:00.000Z;ENTRADA;Venda;Venda #685955;85;Pix
2025-11-18T22:41:00.000Z;ENTRADA;Venda;Venda #685955;240;Pix
2025-11-18T19:46:00.000Z;ENTRADA;Venda;Venda #685955;8;Pix
2025-11-18T19:30:00.000Z;ENTRADA;Venda;Venda #685955;16;Pix
2025-11-18T18:19:00.000Z;ENTRADA;Venda;Venda #685955;170;Pix
2025-11-18T18:10:00.000Z;ENTRADA;Venda;Venda #685955;240;Pix
2025-11-18T17:46:00.000Z;ENTRADA;Venda;Venda #685955;135;Pix
2025-11-18T16:46:00.000Z;ENTRADA;Venda;Venda #685955;24;Pix
2025-11-18T16:32:00.000Z;ENTRADA;Venda;Venda #685955;240;Pix
2025-11-18T03:00:00.000Z;SAÍDA;DESPESAS OPERACIONAIS;Compra de Insumos Reposição;-1742.7563521192783;Dinheiro/Banco
2025-11-17T22:53:00.000Z;ENTRADA;Venda;Venda #685955;255;Pix
2025-11-17T22:07:00.000Z;ENTRADA;Venda;Venda #685955;360;Pix
2025-11-17T21:03:00.000Z;ENTRADA;Venda;Venda #685955;170;Pix
2025-11-17T20:00:00.000Z;ENTRADA;Venda;Venda #685955;8;Pix
2025-11-17T17:36:00.000Z;ENTRADA;Venda;Venda #685955;135;Pix
2025-11-17T17:12:00.000Z;ENTRADA;Venda;Venda #685955;85;Pix
2025-11-17T15:04:00.000Z;ENTRADA;Venda;Venda #685955;240;Pix
2025-11-15T03:00:00.000Z;SAÍDA;DESPESAS OPERACIONAIS;Compra de Insumos Reposição;-1861.0362263433979;Dinheiro/Banco
2025-11-14T21:46:00.000Z;ENTRADA;Venda;Venda #685955;45;Pix
2025-11-14T21:40:00.000Z;ENTRADA;Venda;Venda #685955;240;Pix
2025-11-14T20:55:00.000Z;ENTRADA;Venda;Venda #685955;255;Pix
2025-11-14T20:04:00.000Z;ENTRADA;Venda;Venda #685955;45;Pix
2025-11-14T19:42:00.000Z;ENTRADA;Venda;Venda #685955;8;Pix
2025-11-14T19:36:00.000Z;ENTRADA;Venda;Venda #685955;16;Pix
2025-11-14T19:22:00.000Z;ENTRADA;Venda;Venda #685955;90;Pix
2025-11-14T18:28:00.000Z;ENTRADA;Venda;Venda #685955;8;Pix
2025-11-14T17:41:00.000Z;ENTRADA;Venda;Venda #685955;24;Pix
2025-11-14T16:19:00.000Z;ENTRADA;Venda;Venda #685955;16;Pix
2025-11-14T15:16:00.000Z;ENTRADA;Venda;Venda #685955;8;Pix
2025-11-14T15:07:00.000Z;ENTRADA;Venda;Venda #685955;360;Pix
2025-11-13T20:50:00.000Z;ENTRADA;Venda;Venda #685955;85;Pix
2025-11-13T20:06:00.000Z;ENTRADA;Venda;Venda #685955;360;Pix
2025-11-13T19:44:00.000Z;ENTRADA;Venda;Venda #685955;45;Pix
2025-11-13T19:38:00.000Z;ENTRADA;Venda;Venda #685955;8;Pix
2025-11-13T18:34:00.000Z;ENTRADA;Venda;Venda #685955;120;Pix
2025-11-13T18:14:00.000Z;ENTRADA;Venda;Venda #685955;170;Pix
2025-11-13T17:43:00.000Z;ENTRADA;Venda;Venda #685955;135;Pix
2025-11-13T17:38:00.000Z;ENTRADA;Venda;Venda #685955;170;Pix
2025-11-12T21:45:00.000Z;ENTRADA;Venda;Venda #685955;90;Pix
2025-11-12T21:25:00.000Z;ENTRADA;Venda;Venda #685955;255;Pix
2025-11-12T20:12:00.000Z;ENTRADA;Venda;Venda #685955;24;Pix
2025-11-12T19:47:00.000Z;ENTRADA;Venda;Venda #685955;135;Pix
2025-11-12T19:39:00.000Z;ENTRADA;Venda;Venda #685955;120;Pix
2025-11-12T18:51:00.000Z;ENTRADA;Venda;Venda #685955;135;Pix
2025-11-12T17:34:00.000Z;ENTRADA;Venda;Venda #685955;240;Pix
2025-11-12T17:11:00.000Z;ENTRADA;Venda;Venda #685955;45;Pix
2025-11-12T16:55:00.000Z;ENTRADA;Venda;Venda #685955;45;Pix
2025-11-12T03:00:00.000Z;SAÍDA;DESPESAS OPERACIONAIS;Compra de Insumos Reposição;-1990.8346754064019;Dinheiro/Banco
2025-11-11T21:51:00.000Z;ENTRADA;Venda;Venda #685955;45;Pix
2025-11-11T21:06:00.000Z;ENTRADA;Venda;Venda #685955;45;Pix
2025-11-11T20:22:00.000Z;ENTRADA;Venda;Venda #685955;360;Pix
2025-11-11T20:09:00.000Z;ENTRADA;Venda;Venda #685955;90;Pix
2025-11-11T18:13:00.000Z;ENTRADA;Venda;Venda #685955;24;Pix
2025-11-11T17:54:00.000Z;ENTRADA;Venda;Venda #685955;120;Pix
2025-11-11T17:43:00.000Z;ENTRADA;Venda;Venda #685955;120;Pix
2025-11-11T17:17:00.000Z;ENTRADA;Venda;Venda #685955;240;Pix
2025-11-11T15:53:00.000Z;ENTRADA;Venda;Venda #685955;135;Pix
2025-11-10T22:32:00.000Z;ENTRADA;Venda;Venda #685955;24;Pix
2025-11-10T18:55:00.000Z;ENTRADA;Venda;Venda #685955;255;Pix
2025-11-10T18:42:00.000Z;ENTRADA;Venda;Venda #685955;16;Pix
2025-11-10T18:26:00.000Z;ENTRADA;Venda;Venda #685955;16;Pix
2025-11-10T17:34:00.000Z;ENTRADA;Venda;Venda #685955;16;Pix
2025-11-10T17:27:00.000Z;ENTRADA;Venda;Venda #685955;16;Pix
2025-11-10T17:20:00.000Z;ENTRADA;Venda;Venda #685955;240;Pix
2025-11-10T17:10:00.000Z;ENTRADA;Venda;Venda #685955;240;Pix
2025-11-10T16:48:00.000Z;ENTRADA;Venda;Venda #685955;85;Pix
2025-11-10T16:12:00.000Z;ENTRADA;Venda;Venda #685955;170;Pix
2025-11-09T03:00:00.000Z;SAÍDA;DESPESAS OPERACIONAIS;Compra de Insumos Reposição;-2255.9058109423695;Dinheiro/Banco
2025-11-07T22:52:00.000Z;ENTRADA;Venda;Venda #685955;45;Pix
2025-11-07T22:13:00.000Z;ENTRADA;Venda;Venda #685955;16;Pix
2025-11-07T22:05:00.000Z;ENTRADA;Venda;Venda #685955;45;Pix
2025-11-07T20:05:00.000Z;ENTRADA;Venda;Venda #685955;8;Pix
2025-11-07T19:57:00.000Z;ENTRADA;Venda;Venda #685955;16;Pix
2025-11-07T17:03:00.000Z;ENTRADA;Venda;Venda #685955;170;Pix
2025-11-07T16:46:00.000Z;ENTRADA;Venda;Venda #685955;24;Pix
2025-11-07T16:03:00.000Z;ENTRADA;Venda;Venda #685955;170;Pix
2025-11-07T15:47:00.000Z;ENTRADA;Venda;Venda #685955;360;Pix
2025-11-07T15:33:00.000Z;ENTRADA;Venda;Venda #685955;255;Pix
2025-11-06T22:42:00.000Z;ENTRADA;Venda;Venda #685955;24;Pix
2025-11-06T22:14:00.000Z;ENTRADA;Venda;Venda #685955;8;Pix
2025-11-06T22:12:00.000Z;ENTRADA;Venda;Venda #685955;45;Pix
2025-11-06T22:07:00.000Z;ENTRADA;Venda;Venda #685955;16;Pix
2025-11-06T21:28:00.000Z;ENTRADA;Venda;Venda #685955;360;Pix
2025-11-06T21:15:00.000Z;ENTRADA;Venda;Venda #685955;90;Pix
2025-11-06T20:25:00.000Z;ENTRADA;Venda;Venda #685955;8;Pix
2025-11-06T19:25:00.000Z;ENTRADA;Venda;Venda #685955;120;Pix
2025-11-06T16:22:00.000Z;ENTRADA;Venda;Venda #685955;120;Pix
2025-11-06T16:20:00.000Z;ENTRADA;Venda;Venda #685955;45;Pix
2025-11-06T15:39:00.000Z;ENTRADA;Venda;Venda #685955;120;Pix
2025-11-06T15:21:00.000Z;ENTRADA;Venda;Venda #685955;135;Pix
2025-11-06T03:00:00.000Z;SAÍDA;DESPESAS OPERACIONAIS;Compra de Insumos Reposição;-2088.0296729428123;Dinheiro/Banco
2025-11-05T22:28:00.000Z;ENTRADA;Venda;Venda #685955;240;Pix
2025-11-05T21:29:00.000Z;ENTRADA;Venda;Venda #685955;360;Pix
2025-11-05T20:27:00.000Z;ENTRADA;Venda;Venda #685955;255;Pix
2025-11-05T20:05:00.000Z;ENTRADA;Venda;Venda #685955;16;Pix
2025-11-05T19:33:00.000Z;ENTRADA;Venda;Venda #685955;45;Pix
2025-11-05T17:58:00.000Z;ENTRADA;Venda;Venda #685955;120;Pix
2025-11-05T15:40:00.000Z;ENTRADA;Venda;Venda #685955;85;Pix
2025-11-04T21:49:00.000Z;ENTRADA;Venda;Venda #685955;360;Pix
2025-11-04T20:43:00.000Z;ENTRADA;Venda;Venda #685955;85;Pix
2025-11-04T17:44:00.000Z;ENTRADA;Venda;Venda #685955;24;Pix
2025-11-04T17:36:00.000Z;ENTRADA;Venda;Venda #685955;255;Pix
2025-11-04T17:27:00.000Z;ENTRADA;Venda;Venda #685955;255;Pix
2025-11-04T17:12:00.000Z;ENTRADA;Venda;Venda #685955;240;Pix
2025-11-03T22:40:00.000Z;ENTRADA;Venda;Venda #685955;135;Pix
2025-11-03T22:31:00.000Z;ENTRADA;Venda;Venda #685955;120;Pix
2025-11-03T22:00:00.000Z;ENTRADA;Venda;Venda #685955;45;Pix
2025-11-03T21:55:00.000Z;ENTRADA;Venda;Venda #685955;45;Pix
2025-11-03T20:23:00.000Z;ENTRADA;Venda;Venda #685955;170;Pix
2025-11-03T20:13:00.000Z;ENTRADA;Venda;Venda #685955;45;Pix
2025-11-03T17:11:00.000Z;ENTRADA;Venda;Venda #685955;240;Pix
2025-11-03T16:53:00.000Z;ENTRADA;Venda;Venda #685955;8;Pix
2025-11-03T16:01:00.000Z;ENTRADA;Venda;Venda #685955;170;Pix
2025-11-03T15:31:00.000Z;ENTRADA;Venda;Venda #685955;255;Pix
2025-11-03T03:00:00.000Z;SAÍDA;DESPESAS OPERACIONAIS;Compra de Insumos Reposição;-1802.4044742290046;Dinheiro/Banco
2025-10-31T19:32:00.000Z;ENTRADA;Venda;Venda #685955;24;Pix
2025-10-31T19:16:00.000Z;ENTRADA;Venda;Venda #685955;135;Pix
2025-10-31T18:15:00.000Z;ENTRADA;Venda;Venda #685955;360;Pix
2025-10-31T17:50:00.000Z;ENTRADA;Venda;Venda #685955;240;Pix
2025-10-31T17:36:00.000Z;ENTRADA;Venda;Venda #685955;170;Pix
2025-10-31T17:24:00.000Z;ENTRADA;Venda;Venda #685955;135;Pix
2025-10-31T16:03:00.000Z;ENTRADA;Venda;Venda #685955;90;Pix
2025-10-30T21:53:00.000Z;ENTRADA;Venda;Venda #685955;255;Pix
2025-10-30T20:02:00.000Z;ENTRADA;Venda;Venda #685955;120;Pix
2025-10-30T19:24:00.000Z;ENTRADA;Venda;Venda #685955;120;Pix
2025-10-30T19:11:00.000Z;ENTRADA;Venda;Venda #685955;45;Pix
2025-10-30T17:43:00.000Z;ENTRADA;Venda;Venda #685955;85;Pix
2025-10-30T17:18:00.000Z;ENTRADA;Venda;Venda #685955;45;Pix
2025-10-30T16:49:00.000Z;ENTRADA;Venda;Venda #685955;170;Pix
2025-10-30T15:37:00.000Z;ENTRADA;Venda;Venda #685955;135;Pix
2025-10-30T15:32:00.000Z;ENTRADA;Venda;Venda #685955;255;Pix
2025-10-30T03:00:00.000Z;SAÍDA;DESPESAS OPERACIONAIS;Compra de Insumos Reposição;-1639.6517210814557;Dinheiro/Banco
2025-10-29T22:23:00.000Z;ENTRADA;Venda;Venda #685955;360;Pix
2025-10-29T20:50:00.000Z;ENTRADA;Venda;Venda #685955;255;Pix
2025-10-29T19:53:00.000Z;ENTRADA;Venda;Venda #685955;255;Pix
2025-10-29T17:22:00.000Z;ENTRADA;Venda;Venda #685955;90;Pix
2025-10-29T16:19:00.000Z;ENTRADA;Venda;Venda #685955;135;Pix
2025-10-28T22:45:00.000Z;ENTRADA;Venda;Venda #685955;120;Pix
2025-10-28T20:41:00.000Z;ENTRADA;Venda;Venda #685955;120;Pix
2025-10-28T18:45:00.000Z;ENTRADA;Venda;Venda #685955;8;Pix
2025-10-28T18:44:00.000Z;ENTRADA;Venda;Venda #685955;240;Pix
2025-10-28T17:28:00.000Z;ENTRADA;Venda;Venda #685955;8;Pix
2025-10-28T17:07:00.000Z;ENTRADA;Venda;Venda #685955;360;Pix
2025-10-28T15:15:00.000Z;ENTRADA;Venda;Venda #685955;240;Pix
2025-10-27T22:40:00.000Z;ENTRADA;Venda;Venda #685955;45;Pix
2025-10-27T22:15:00.000Z;ENTRADA;Venda;Venda #685955;240;Pix
2025-10-27T22:09:00.000Z;ENTRADA;Venda;Venda #685955;90;Pix
2025-10-27T21:54:00.000Z;ENTRADA;Venda;Venda #685955;135;Pix
2025-10-27T19:16:00.000Z;ENTRADA;Venda;Venda #685955;45;Pix
2025-10-27T19:02:00.000Z;ENTRADA;Venda;Venda #685955;240;Pix
2025-10-27T18:03:00.000Z;ENTRADA;Venda;Venda #685955;85;Pix
2025-10-27T17:51:00.000Z;ENTRADA;Venda;Venda #685955;135;Pix
2025-10-27T17:22:00.000Z;ENTRADA;Venda;Venda #685955;135;Pix
2025-10-27T16:20:00.000Z;ENTRADA;Venda;Venda #685955;24;Pix
2025-10-27T03:00:00.000Z;SAÍDA;DESPESAS OPERACIONAIS;Compra de Insumos Reposição;-1739.668515643775;Dinheiro/Banco
2025-10-24T21:53:00.000Z;ENTRADA;Venda;Venda #685955;45;Pix
2025-10-24T21:08:00.000Z;ENTRADA;Venda;Venda #685955;120;Pix
2025-10-24T20:56:00.000Z;ENTRADA;Venda;Venda #685955;120;Pix
2025-10-24T19:29:00.000Z;ENTRADA;Venda;Venda #685955;240;Pix
2025-10-24T19:17:00.000Z;ENTRADA;Venda;Venda #685955;85;Pix
2025-10-24T18:57:00.000Z;ENTRADA;Venda;Venda #685955;85;Pix
2025-10-24T18:53:00.000Z;ENTRADA;Venda;Venda #685955;170;Pix
2025-10-24T16:00:00.000Z;ENTRADA;Venda;Venda #685955;120;Pix
2025-10-24T15:43:00.000Z;ENTRADA;Venda;Venda #685955;85;Pix
2025-10-24T15:30:00.000Z;ENTRADA;Venda;Venda #685955;24;Pix
2025-10-24T03:00:00.000Z;SAÍDA;DESPESAS OPERACIONAIS;Compra de Insumos Reposição;-2052.4089830164976;Dinheiro/Banco
2025-10-23T22:41:00.000Z;ENTRADA;Venda;Venda #685955;360;Pix
2025-10-23T20:46:00.000Z;ENTRADA;Venda;Venda #685955;135;Pix
2025-10-23T20:27:00.000Z;ENTRADA;Venda;Venda #685955;135;Pix
2025-10-23T16:14:00.000Z;ENTRADA;Venda;Venda #685955;360;Pix
2025-10-23T15:20:00.000Z;ENTRADA;Venda;Venda #685955;8;Pix
2025-10-23T15:04:00.000Z;ENTRADA;Venda;Venda #685955;135;Pix
2025-10-22T22:30:00.000Z;ENTRADA;Venda;Venda #685955;255;Pix
2025-10-22T22:14:00.000Z;ENTRADA;Venda;Venda #685955;360;Pix
2025-10-22T19:58:00.000Z;ENTRADA;Venda;Venda #685955;135;Pix
2025-10-22T19:48:00.000Z;ENTRADA;Venda;Venda #685955;8;Pix
2025-10-22T19:29:00.000Z;ENTRADA;Venda;Venda #685955;240;Pix
2025-10-22T19:01:00.000Z;ENTRADA;Venda;Venda #685955;24;Pix
2025-10-22T18:31:00.000Z;ENTRADA;Venda;Venda #685955;16;Pix
2025-10-22T17:40:00.000Z;ENTRADA;Venda;Venda #685955;85;Pix
2025-10-22T15:43:00.000Z;ENTRADA;Venda;Venda #685955;85;Pix
2025-10-21T22:25:00.000Z;ENTRADA;Venda;Venda #685955;240;Pix
2025-10-21T20:52:00.000Z;ENTRADA;Venda;Venda #685955;240;Pix
2025-10-21T18:50:00.000Z;ENTRADA;Venda;Venda #685955;170;Pix
2025-10-21T18:47:00.000Z;ENTRADA;Venda;Venda #685955;360;Pix
2025-10-21T18:02:00.000Z;ENTRADA;Venda;Venda #685955;120;Pix
2025-10-21T17:51:00.000Z;ENTRADA;Venda;Venda #685955;90;Pix
2025-10-21T17:36:00.000Z;ENTRADA;Venda;Venda #685955;8;Pix
2025-10-21T16:23:00.000Z;ENTRADA;Venda;Venda #685955;45;Pix
2025-10-21T15:57:00.000Z;ENTRADA;Venda;Venda #685955;8;Pix
2025-10-21T03:00:00.000Z;SAÍDA;DESPESAS OPERACIONAIS;Compra de Insumos Reposição;-1581.4589519799026;Dinheiro/Banco
2025-10-20T21:25:00.000Z;ENTRADA;Venda;Venda #685955;360;Pix
2025-10-20T19:47:00.000Z;ENTRADA;Venda;Venda #685955;90;Pix
2025-10-20T19:17:00.000Z;ENTRADA;Venda;Venda #685955;360;Pix
2025-10-20T17:42:00.000Z;ENTRADA;Venda;Venda #685955;16;Pix
2025-10-20T17:17:00.000Z;ENTRADA;Venda;Venda #685955;170;Pix
2025-10-20T16:54:00.000Z;ENTRADA;Venda;Venda #685955;120;Pix
2025-10-18T03:00:00.000Z;SAÍDA;DESPESAS OPERACIONAIS;Compra de Insumos Reposição;-1864.6653238548336;Dinheiro/Banco
2025-10-17T20:19:00.000Z;ENTRADA;Venda;Venda #685955;120;Pix
2025-10-17T20:18:00.000Z;ENTRADA;Venda;Venda #685955;45;Pix
2025-10-17T18:41:00.000Z;ENTRADA;Venda;Venda #685955;120;Pix
2025-10-17T17:48:00.000Z;ENTRADA;Venda;Venda #685955;360;Pix
2025-10-17T16:30:00.000Z;ENTRADA;Venda;Venda #685955;24;Pix
2025-10-17T16:27:00.000Z;ENTRADA;Venda;Venda #685955;170;Pix
2025-10-17T16:20:00.000Z;ENTRADA;Venda;Venda #685955;170;Pix
2025-10-17T15:58:00.000Z;ENTRADA;Venda;Venda #685955;120;Pix
2025-10-16T22:17:00.000Z;ENTRADA;Venda;Venda #685955;24;Pix
2025-10-16T22:11:00.000Z;ENTRADA;Venda;Venda #685955;120;Pix
2025-10-16T19:44:00.000Z;ENTRADA;Venda;Venda #685955;85;Pix
2025-10-16T19:09:00.000Z;ENTRADA;Venda;Venda #685955;255;Pix
2025-10-16T17:19:00.000Z;ENTRADA;Venda;Venda #685955;135;Pix
2025-10-16T17:13:00.000Z;ENTRADA;Venda;Venda #685955;135;Pix
2025-10-16T15:32:00.000Z;ENTRADA;Venda;Venda #685955;120;Pix
2025-10-16T15:31:00.000Z;ENTRADA;Venda;Venda #685955;240;Pix
2025-10-15T22:26:00.000Z;ENTRADA;Venda;Venda #685955;90;Pix
2025-10-15T21:53:00.000Z;ENTRADA;Venda;Venda #685955;120;Pix
2025-10-15T21:30:00.000Z;ENTRADA;Venda;Venda #685955;255;Pix
2025-10-15T21:22:00.000Z;ENTRADA;Venda;Venda #685955;16;Pix
2025-10-15T19:09:00.000Z;ENTRADA;Venda;Venda #685955;90;Pix
2025-10-15T18:33:00.000Z;ENTRADA;Venda;Venda #685955;24;Pix
2025-10-15T18:10:00.000Z;ENTRADA;Venda;Venda #685955;24;Pix
2025-10-15T17:28:00.000Z;ENTRADA;Venda;Venda #685955;120;Pix
2025-10-15T16:53:00.000Z;ENTRADA;Venda;Venda #685955;240;Pix
2025-10-15T16:00:00.000Z;ENTRADA;Venda;Venda #685955;135;Pix
2025-10-15T15:46:00.000Z;ENTRADA;Venda;Venda #685955;45;Pix
2025-10-15T15:40:00.000Z;ENTRADA;Venda;Venda #685955;45;Pix
2025-10-15T15:31:00.000Z;ENTRADA;Venda;Venda #685955;85;Pix
2025-10-15T03:00:00.000Z;SAÍDA;DESPESAS OPERACIONAIS;Compra de Insumos Reposição;-1858.953625267999;Dinheiro/Banco
2025-10-14T22:07:00.000Z;ENTRADA;Venda;Venda #685955;90;Pix
2025-10-14T21:41:00.000Z;ENTRADA;Venda;Venda #685955;8;Pix
2025-10-14T20:18:00.000Z;ENTRADA;Venda;Venda #685955;240;Pix
2025-10-14T19:40:00.000Z;ENTRADA;Venda;Venda #685955;135;Pix
2025-10-14T19:40:00.000Z;ENTRADA;Venda;Venda #685955;240;Pix
2025-10-14T19:34:00.000Z;ENTRADA;Venda;Venda #685955;255;Pix
2025-10-14T19:30:00.000Z;ENTRADA;Venda;Venda #685955;24;Pix
2025-10-14T18:11:00.000Z;ENTRADA;Venda;Venda #685955;135;Pix
2025-10-14T15:58:00.000Z;ENTRADA;Venda;Venda #685955;45;Pix
2025-10-13T21:22:00.000Z;ENTRADA;Venda;Venda #685955;170;Pix
2025-10-13T20:42:00.000Z;ENTRADA;Venda;Venda #685955;135;Pix
2025-10-13T18:53:00.000Z;ENTRADA;Venda;Venda #685955;24;Pix
2025-10-13T18:52:00.000Z;ENTRADA;Venda;Venda #685955;8;Pix
2025-10-13T18:50:00.000Z;ENTRADA;Venda;Venda #685955;8;Pix
2025-10-13T18:22:00.000Z;ENTRADA;Venda;Venda #685955;240;Pix
2025-10-13T18:09:00.000Z;ENTRADA;Venda;Venda #685955;45;Pix
2025-10-13T17:13:00.000Z;ENTRADA;Venda;Venda #685955;255;Pix
2025-10-13T16:48:00.000Z;ENTRADA;Venda;Venda #685955;85;Pix
2025-10-13T16:46:00.000Z;ENTRADA;Venda;Venda #685955;120;Pix
2025-10-13T15:45:00.000Z;ENTRADA;Venda;Venda #685955;16;Pix
2025-10-12T03:00:00.000Z;SAÍDA;DESPESAS OPERACIONAIS;Compra de Insumos Reposição;-1822.5430049599458;Dinheiro/Banco
2025-10-10T20:34:00.000Z;ENTRADA;Venda;Venda #685955;45;Pix
2025-10-10T19:36:00.000Z;ENTRADA;Venda;Venda #685955;255;Pix
2025-10-10T19:22:00.000Z;ENTRADA;Venda;Venda #685955;240;Pix
2025-10-10T19:20:00.000Z;ENTRADA;Venda;Venda #685955;360;Pix
2025-10-10T17:14:00.000Z;ENTRADA;Venda;Venda #685955;45;Pix
2025-10-10T17:10:00.000Z;ENTRADA;Venda;Venda #685955;24;Pix
2025-10-10T16:30:00.000Z;ENTRADA;Venda;Venda #685955;120;Pix
2025-10-10T16:20:00.000Z;ENTRADA;Venda;Venda #685955;90;Pix
2025-10-10T15:24:00.000Z;ENTRADA;Venda;Venda #685955;8;Pix
2025-10-10T15:01:00.000Z;ENTRADA;Venda;Venda #685955;170;Pix
2025-10-09T22:27:00.000Z;ENTRADA;Venda;Venda #685955;255;Pix
2025-10-09T20:58:00.000Z;ENTRADA;Venda;Venda #685955;360;Pix
2025-10-09T18:14:00.000Z;ENTRADA;Venda;Venda #685955;120;Pix
2025-10-09T16:30:00.000Z;ENTRADA;Venda;Venda #685955;45;Pix
2025-10-09T16:30:00.000Z;ENTRADA;Venda;Venda #685955;255;Pix
2025-10-09T16:00:00.000Z;ENTRADA;Venda;Venda #685955;24;Pix
2025-10-09T15:27:00.000Z;ENTRADA;Venda;Venda #685955;90;Pix
2025-10-09T15:17:00.000Z;ENTRADA;Venda;Venda #685955;135;Pix
2025-10-09T03:00:00.000Z;SAÍDA;DESPESAS OPERACIONAIS;Compra de Insumos Reposição;-1726.6555773749394;Dinheiro/Banco
2025-10-08T21:03:00.000Z;ENTRADA;Venda;Venda #685955;170;Pix
2025-10-08T20:56:00.000Z;ENTRADA;Venda;Venda #685955;240;Pix
2025-10-08T20:28:00.000Z;ENTRADA;Venda;Venda #685955;90;Pix
2025-10-08T19:00:00.000Z;ENTRADA;Venda;Venda #685955;8;Pix
2025-10-08T18:31:00.000Z;ENTRADA;Venda;Venda #685955;170;Pix
2025-10-08T18:11:00.000Z;ENTRADA;Venda;Venda #685955;85;Pix
2025-10-08T17:37:00.000Z;ENTRADA;Venda;Venda #685955;24;Pix
2025-10-08T17:33:00.000Z;ENTRADA;Venda;Venda #685955;255;Pix
2025-10-08T17:23:00.000Z;ENTRADA;Venda;Venda #685955;45;Pix
2025-10-08T17:12:00.000Z;ENTRADA;Venda;Venda #685955;24;Pix
2025-10-08T16:21:00.000Z;ENTRADA;Venda;Venda #685955;90;Pix
2025-10-08T15:56:00.000Z;ENTRADA;Venda;Venda #685955;16;Pix
2025-10-07T22:53:00.000Z;ENTRADA;Venda;Venda #685955;170;Pix
2025-10-07T22:37:00.000Z;ENTRADA;Venda;Venda #685955;8;Pix
2025-10-07T22:11:00.000Z;ENTRADA;Venda;Venda #685955;16;Pix
2025-10-07T19:57:00.000Z;ENTRADA;Venda;Venda #685955;120;Pix
2025-10-07T19:53:00.000Z;ENTRADA;Venda;Venda #685955;170;Pix
2025-10-07T19:27:00.000Z;ENTRADA;Venda;Venda #685955;360;Pix
2025-10-07T17:32:00.000Z;ENTRADA;Venda;Venda #685955;45;Pix
2025-10-07T17:00:00.000Z;ENTRADA;Venda;Venda #685955;24;Pix
2025-10-07T16:37:00.000Z;ENTRADA;Venda;Venda #685955;24;Pix
2025-10-07T16:20:00.000Z;ENTRADA;Venda;Venda #685955;360;Pix
2025-10-07T16:07:00.000Z;ENTRADA;Venda;Venda #685955;90;Pix
2025-10-06T22:03:00.000Z;ENTRADA;Venda;Venda #685954;8;Pix
2025-10-06T21:58:00.000Z;ENTRADA;Venda;Venda #685955;170;Pix
2025-10-06T21:48:00.000Z;ENTRADA;Venda;Venda #685954;255;Pix
2025-10-06T21:09:00.000Z;ENTRADA;Venda;Venda #685955;360;Pix
2025-10-06T20:26:00.000Z;ENTRADA;Venda;Venda #685954;120;Pix
2025-10-06T18:47:00.000Z;ENTRADA;Venda;Venda #685954;8;Pix
2025-10-06T18:16:00.000Z;ENTRADA;Venda;Venda #685954;90;Pix
2025-10-06T18:02:00.000Z;ENTRADA;Venda;Venda #685954;85;Pix
2025-10-06T17:35:00.000Z;ENTRADA;Venda;Venda #685954;90;Pix
2025-10-06T17:18:00.000Z;ENTRADA;Venda;Venda #685954;24;Pix
2025-10-06T16:51:00.000Z;ENTRADA;Venda;Venda #685955;24;Pix
2025-10-06T03:00:00.000Z;SAÍDA;DESPESAS OPERACIONAIS;Compra de Insumos Reposição;-2494.6587171627016;Dinheiro/Banco
2025-10-03T22:52:00.000Z;ENTRADA;Venda;Venda #685954;85;Pix
2025-10-03T22:34:00.000Z;ENTRADA;Venda;Venda #685954;170;Pix
2025-10-03T22:11:00.000Z;ENTRADA;Venda;Venda #685954;360;Pix
2025-10-03T20:38:00.000Z;ENTRADA;Venda;Venda #685954;45;Pix
2025-10-03T20:18:00.000Z;ENTRADA;Venda;Venda #685954;85;Pix
2025-10-03T19:26:00.000Z;ENTRADA;Venda;Venda #685954;90;Pix
2025-10-03T17:18:00.000Z;ENTRADA;Venda;Venda #685954;240;Pix
2025-10-03T17:06:00.000Z;ENTRADA;Venda;Venda #685954;90;Pix
2025-10-03T03:00:00.000Z;SAÍDA;DESPESAS OPERACIONAIS;Compra de Insumos Reposição;-2461.9118415896532;Dinheiro/Banco
2025-10-02T22:30:00.000Z;ENTRADA;Venda;Venda #685954;170;Pix
2025-10-02T22:26:00.000Z;ENTRADA;Venda;Venda #685954;8;Pix
2025-10-02T21:06:00.000Z;ENTRADA;Venda;Venda #685954;8;Pix
2025-10-02T21:01:00.000Z;ENTRADA;Venda;Venda #685954;240;Pix
2025-10-02T20:58:00.000Z;ENTRADA;Venda;Venda #685954;16;Pix
2025-10-02T20:09:00.000Z;ENTRADA;Venda;Venda #685954;24;Pix
2025-10-02T19:50:00.000Z;ENTRADA;Venda;Venda #685954;135;Pix
2025-10-02T18:36:00.000Z;ENTRADA;Venda;Venda #685954;85;Pix
2025-10-02T18:36:00.000Z;ENTRADA;Venda;Venda #685954;90;Pix
2025-10-02T17:38:00.000Z;ENTRADA;Venda;Venda #685954;90;Pix
2025-10-02T15:36:00.000Z;ENTRADA;Venda;Venda #685954;8;Pix
2025-10-02T15:30:00.000Z;ENTRADA;Venda;Venda #685954;240;Pix
2025-10-01T20:53:00.000Z;ENTRADA;Venda;Venda #685954;240;Pix
2025-10-01T20:43:00.000Z;ENTRADA;Venda;Venda #685954;360;Pix
2025-10-01T19:44:00.000Z;ENTRADA;Venda;Venda #685954;85;Pix
2025-10-01T19:29:00.000Z;ENTRADA;Venda;Venda #685954;24;Pix
2025-10-01T19:03:00.000Z;ENTRADA;Venda;Venda #685954;90;Pix
2025-10-01T18:19:00.000Z;ENTRADA;Venda;Venda #685954;90;Pix
2025-10-01T17:58:00.000Z;ENTRADA;Venda;Venda #685954;16;Pix
2025-10-01T17:35:00.000Z;ENTRADA;Venda;Venda #685954;16;Pix
2025-10-01T17:15:00.000Z;ENTRADA;Venda;Venda #685954;170;Pix
2025-10-01T15:55:00.000Z;ENTRADA;Venda;Venda #685954;90;Pix
2025-10-01T15:20:00.000Z;ENTRADA;Venda;Venda #685954;24;Pix
2025-09-30T22:39:00.000Z;ENTRADA;Venda;Venda #685954;8;Pix
2025-09-30T21:54:00.000Z;ENTRADA;Venda;Venda #685954;360;Pix
2025-09-30T21:04:00.000Z;ENTRADA;Venda;Venda #685954;255;Pix
2025-09-30T20:00:00.000Z;ENTRADA;Venda;Venda #685954;24;Pix
2025-09-30T19:24:00.000Z;ENTRADA;Venda;Venda #685954;240;Pix
2025-09-30T16:33:00.000Z;ENTRADA;Venda;Venda #685954;170;Pix
2025-09-30T15:53:00.000Z;ENTRADA;Venda;Venda #685954;45;Pix
2025-09-30T03:00:00.000Z;SAÍDA;DESPESAS OPERACIONAIS;Compra de Insumos Reposição;-2445.977927758103;Dinheiro/Banco
2025-09-29T21:14:00.000Z;ENTRADA;Venda;Venda #685954;45;Pix
2025-09-29T20:54:00.000Z;ENTRADA;Venda;Venda #685954;90;Pix
2025-09-29T19:33:00.000Z;ENTRADA;Venda;Venda #685954;16;Pix
2025-09-29T19:05:00.000Z;ENTRADA;Venda;Venda #685954;90;Pix
2025-09-29T18:48:00.000Z;ENTRADA;Venda;Venda #685954;90;Pix
2025-09-29T18:13:00.000Z;ENTRADA;Venda;Venda #685954;120;Pix
2025-09-29T17:54:00.000Z;ENTRADA;Venda;Venda #685954;90;Pix
2025-09-29T17:49:00.000Z;ENTRADA;Venda;Venda #685954;45;Pix
2025-09-29T17:34:00.000Z;ENTRADA;Venda;Venda #685954;170;Pix
2025-09-29T17:12:00.000Z;ENTRADA;Venda;Venda #685954;85;Pix
2025-09-29T16:07:00.000Z;ENTRADA;Venda;Venda #685954;24;Pix
2025-09-29T15:28:00.000Z;ENTRADA;Venda;Venda #685954;90;Pix
2025-09-29T15:27:00.000Z;ENTRADA;Venda;Venda #685954;45;Pix
2025-09-29T15:01:00.000Z;ENTRADA;Venda;Venda #685954;85;Pix
2025-09-27T03:00:00.000Z;SAÍDA;DESPESAS OPERACIONAIS;Compra de Insumos Reposição;-2103.686171584961;Dinheiro/Banco
2025-09-26T22:57:00.000Z;ENTRADA;Venda;Venda #685954;8;Pix
2025-09-26T22:45:00.000Z;ENTRADA;Venda;Venda #685954;170;Pix
2025-09-26T22:20:00.000Z;ENTRADA;Venda;Venda #685954;85;Pix
2025-09-26T22:12:00.000Z;ENTRADA;Venda;Venda #685954;16;Pix
2025-09-26T20:52:00.000Z;ENTRADA;Venda;Venda #685954;170;Pix
2025-09-26T20:05:00.000Z;ENTRADA;Venda;Venda #685954;170;Pix
2025-09-26T19:40:00.000Z;ENTRADA;Venda;Venda #685954;16;Pix
2025-09-26T19:20:00.000Z;ENTRADA;Venda;Venda #685954;8;Pix
2025-09-26T19:15:00.000Z;ENTRADA;Venda;Venda #685954;8;Pix
2025-09-26T18:37:00.000Z;ENTRADA;Venda;Venda #685954;240;Pix
2025-09-26T17:30:00.000Z;ENTRADA;Venda;Venda #685954;170;Pix
2025-09-26T16:52:00.000Z;ENTRADA;Venda;Venda #685954;240;Pix
2025-09-25T21:48:00.000Z;ENTRADA;Venda;Venda #685954;170;Pix
2025-09-25T21:38:00.000Z;ENTRADA;Venda;Venda #685954;45;Pix
2025-09-25T20:51:00.000Z;ENTRADA;Venda;Venda #685954;240;Pix
2025-09-25T20:08:00.000Z;ENTRADA;Venda;Venda #685954;8;Pix
2025-09-25T19:55:00.000Z;ENTRADA;Venda;Venda #685954;24;Pix
2025-09-25T19:38:00.000Z;ENTRADA;Venda;Venda #685954;90;Pix
2025-09-25T18:25:00.000Z;ENTRADA;Venda;Venda #685954;45;Pix
2025-09-25T17:48:00.000Z;ENTRADA;Venda;Venda #685954;16;Pix
2025-09-25T17:40:00.000Z;ENTRADA;Venda;Venda #685954;45;Pix
2025-09-25T17:21:00.000Z;ENTRADA;Venda;Venda #685954;24;Pix
2025-09-25T16:23:00.000Z;ENTRADA;Venda;Venda #685954;240;Pix
2025-09-25T15:49:00.000Z;ENTRADA;Venda;Venda #685954;255;Pix
2025-09-24T22:54:00.000Z;ENTRADA;Venda;Venda #685954;16;Pix
2025-09-24T22:46:00.000Z;ENTRADA;Venda;Venda #685954;360;Pix
2025-09-24T22:13:00.000Z;ENTRADA;Venda;Venda #685954;360;Pix
2025-09-24T20:15:00.000Z;ENTRADA;Venda;Venda #685954;360;Pix
2025-09-24T16:39:00.000Z;ENTRADA;Venda;Venda #685954;24;Pix
2025-09-24T15:53:00.000Z;ENTRADA;Venda;Venda #685954;16;Pix
2025-09-24T15:27:00.000Z;ENTRADA;Venda;Venda #685954;16;Pix
2025-09-24T03:00:00.000Z;SAÍDA;DESPESAS OPERACIONAIS;Compra de Insumos Reposição;-2168.897601679145;Dinheiro/Banco
2025-09-23T22:49:00.000Z;ENTRADA;Venda;Venda #685954;135;Pix
2025-09-23T22:28:00.000Z;ENTRADA;Venda;Venda #685954;45;Pix
2025-09-23T22:28:00.000Z;ENTRADA;Venda;Venda #685954;8;Pix
2025-09-23T22:26:00.000Z;ENTRADA;Venda;Venda #685954;45;Pix
2025-09-23T22:24:00.000Z;ENTRADA;Venda;Venda #685954;170;Pix
2025-09-23T21:27:00.000Z;ENTRADA;Venda;Venda #685954;45;Pix
2025-09-23T21:05:00.000Z;ENTRADA;Venda;Venda #685954;24;Pix
2025-09-23T20:01:00.000Z;ENTRADA;Venda;Venda #685954;16;Pix
2025-09-23T19:51:00.000Z;ENTRADA;Venda;Venda #685954;170;Pix
2025-09-23T19:40:00.000Z;ENTRADA;Venda;Venda #685954;8;Pix
2025-09-23T19:20:00.000Z;ENTRADA;Venda;Venda #685954;8;Pix
2025-09-23T18:10:00.000Z;ENTRADA;Venda;Venda #685954;8;Pix
2025-09-23T16:39:00.000Z;ENTRADA;Venda;Venda #685954;170;Pix
2025-09-23T16:37:00.000Z;ENTRADA;Venda;Venda #685954;90;Pix
2025-09-23T15:29:00.000Z;ENTRADA;Venda;Venda #685954;255;Pix
2025-09-22T20:00:00.000Z;ENTRADA;Venda;Venda #685954;135;Pix
2025-09-22T19:37:00.000Z;ENTRADA;Venda;Venda #685954;90;Pix
2025-09-22T18:58:00.000Z;ENTRADA;Venda;Venda #685954;240;Pix
2025-09-22T17:38:00.000Z;ENTRADA;Venda;Venda #685954;135;Pix
2025-09-22T16:10:00.000Z;ENTRADA;Venda;Venda #685954;240;Pix
2025-09-22T15:23:00.000Z;ENTRADA;Venda;Venda #685954;255;Pix
2025-09-22T15:10:00.000Z;ENTRADA;Venda;Venda #685954;45;Pix
2025-09-21T03:00:00.000Z;SAÍDA;DESPESAS OPERACIONAIS;Compra de Insumos Reposição;-2213.6473099896066;Dinheiro/Banco
2025-09-19T21:12:00.000Z;ENTRADA;Venda;Venda #685954;90;Pix
2025-09-19T20:27:00.000Z;ENTRADA;Venda;Venda #685954;360;Pix
2025-09-19T19:17:00.000Z;ENTRADA;Venda;Venda #685954;85;Pix
2025-09-19T18:11:00.000Z;ENTRADA;Venda;Venda #685954;120;Pix
2025-09-19T17:06:00.000Z;ENTRADA;Venda;Venda #685954;360;Pix
2025-09-19T15:45:00.000Z;ENTRADA;Venda;Venda #685954;90;Pix
2025-09-18T22:43:00.000Z;ENTRADA;Venda;Venda #685954;8;Pix
2025-09-18T21:48:00.000Z;ENTRADA;Venda;Venda #685954;90;Pix
2025-09-18T21:02:00.000Z;ENTRADA;Venda;Venda #685954;170;Pix
2025-09-18T19:57:00.000Z;ENTRADA;Venda;Venda #685954;240;Pix
2025-09-18T19:56:00.000Z;ENTRADA;Venda;Venda #685954;24;Pix
2025-09-18T19:06:00.000Z;ENTRADA;Venda;Venda #685954;255;Pix
2025-09-18T18:13:00.000Z;ENTRADA;Venda;Venda #685954;24;Pix
2025-09-18T17:11:00.000Z;ENTRADA;Venda;Venda #685954;45;Pix
2025-09-18T17:01:00.000Z;ENTRADA;Venda;Venda #685954;45;Pix
2025-09-18T16:36:00.000Z;ENTRADA;Venda;Venda #685954;240;Pix
2025-09-18T16:06:00.000Z;ENTRADA;Venda;Venda #685954;16;Pix
2025-09-18T03:00:00.000Z;SAÍDA;DESPESAS OPERACIONAIS;Compra de Insumos Reposição;-1818.5688458702812;Dinheiro/Banco
2025-09-17T21:21:00.000Z;ENTRADA;Venda;Venda #685954;360;Pix
2025-09-17T20:21:00.000Z;ENTRADA;Venda;Venda #685954;255;Pix
2025-09-17T19:53:00.000Z;ENTRADA;Venda;Venda #685954;135;Pix
2025-09-17T19:48:00.000Z;ENTRADA;Venda;Venda #685954;85;Pix
2025-09-17T16:29:00.000Z;ENTRADA;Venda;Venda #685954;360;Pix
2025-09-16T22:53:00.000Z;ENTRADA;Venda;Venda #685954;255;Pix
2025-09-16T20:36:00.000Z;ENTRADA;Venda;Venda #685954;255;Pix
2025-09-16T19:51:00.000Z;ENTRADA;Venda;Venda #685954;240;Pix
2025-09-16T18:57:00.000Z;ENTRADA;Venda;Venda #685954;240;Pix
2025-09-16T18:09:00.000Z;ENTRADA;Venda;Venda #685954;90;Pix
2025-09-15T22:45:00.000Z;ENTRADA;Venda;Venda #685954;45;Pix
2025-09-15T22:43:00.000Z;ENTRADA;Venda;Venda #685954;135;Pix
2025-09-15T22:08:00.000Z;ENTRADA;Venda;Venda #685954;85;Pix
2025-09-15T22:03:00.000Z;ENTRADA;Venda;Venda #685954;255;Pix
2025-09-15T20:08:00.000Z;ENTRADA;Venda;Venda #685954;45;Pix
2025-09-15T18:26:00.000Z;ENTRADA;Venda;Venda #685954;170;Pix
2025-09-15T17:10:00.000Z;ENTRADA;Venda;Venda #685954;8;Pix
2025-09-15T16:35:00.000Z;ENTRADA;Venda;Venda #685954;255;Pix
2025-09-15T15:45:00.000Z;ENTRADA;Venda;Venda #685954;135;Pix
2025-09-15T15:40:00.000Z;ENTRADA;Venda;Venda #685954;135;Pix
2025-09-15T15:16:00.000Z;ENTRADA;Venda;Venda #685954;24;Pix
2025-09-15T03:00:00.000Z;SAÍDA;DESPESAS OPERACIONAIS;Compra de Insumos Reposição;-1640.606952613849;Dinheiro/Banco
2025-09-12T22:27:00.000Z;ENTRADA;Venda;Venda #685954;170;Pix
2025-09-12T20:14:00.000Z;ENTRADA;Venda;Venda #685954;135;Pix
2025-09-12T19:34:00.000Z;ENTRADA;Venda;Venda #685954;16;Pix
2025-09-12T19:32:00.000Z;ENTRADA;Venda;Venda #685954;120;Pix
2025-09-12T15:31:00.000Z;ENTRADA;Venda;Venda #685954;360;Pix
2025-09-12T15:16:00.000Z;ENTRADA;Venda;Venda #685954;360;Pix
2025-09-12T03:00:00.000Z;SAÍDA;DESPESAS OPERACIONAIS;Compra de Insumos Reposição;-1621.7934058403346;Dinheiro/Banco
2025-09-11T21:52:00.000Z;ENTRADA;Venda;Venda #685954;16;Pix
2025-09-11T21:47:00.000Z;ENTRADA;Venda;Venda #685954;255;Pix
2025-09-11T20:31:00.000Z;ENTRADA;Venda;Venda #685954;85;Pix
2025-09-11T18:29:00.000Z;ENTRADA;Venda;Venda #685954;85;Pix
2025-09-11T18:17:00.000Z;ENTRADA;Venda;Venda #685954;16;Pix
2025-09-11T17:42:00.000Z;ENTRADA;Venda;Venda #685954;240;Pix
2025-09-11T17:28:00.000Z;ENTRADA;Venda;Venda #685954;16;Pix
2025-09-11T17:08:00.000Z;ENTRADA;Venda;Venda #685954;135;Pix
2025-09-11T15:41:00.000Z;ENTRADA;Venda;Venda #685954;170;Pix
2025-09-11T15:23:00.000Z;ENTRADA;Venda;Venda #685954;170;Pix
2025-09-10T22:35:00.000Z;ENTRADA;Venda;Venda #685954;16;Pix
2025-09-10T22:11:00.000Z;ENTRADA;Venda;Venda #685954;85;Pix
2025-09-10T21:58:00.000Z;ENTRADA;Venda;Venda #685954;85;Pix
2025-09-10T21:09:00.000Z;ENTRADA;Venda;Venda #685954;24;Pix
2025-09-10T21:06:00.000Z;ENTRADA;Venda;Venda #685954;170;Pix
2025-09-10T19:58:00.000Z;ENTRADA;Venda;Venda #685954;24;Pix
2025-09-10T19:26:00.000Z;ENTRADA;Venda;Venda #685954;120;Pix
2025-09-10T19:17:00.000Z;ENTRADA;Venda;Venda #685954;255;Pix
2025-09-10T19:15:00.000Z;ENTRADA;Venda;Venda #685954;16;Pix
2025-09-10T18:45:00.000Z;ENTRADA;Venda;Venda #685954;24;Pix
2025-09-10T16:53:00.000Z;ENTRADA;Venda;Venda #685954;85;Pix
2025-09-10T16:01:00.000Z;ENTRADA;Venda;Venda #685954;170;Pix
2025-09-09T21:36:00.000Z;ENTRADA;Venda;Venda #685954;360;Pix
2025-09-09T20:27:00.000Z;ENTRADA;Venda;Venda #685954;360;Pix
2025-09-09T20:07:00.000Z;ENTRADA;Venda;Venda #685954;85;Pix
2025-09-09T19:16:00.000Z;ENTRADA;Venda;Venda #685954;255;Pix
2025-09-09T16:27:00.000Z;ENTRADA;Venda;Venda #685954;85;Pix
2025-09-09T03:00:00.000Z;SAÍDA;DESPESAS OPERACIONAIS;Compra de Insumos Reposição;-2092.8610858850398;Dinheiro/Banco
2025-09-08T20:45:00.000Z;ENTRADA;Venda;Venda #685954;45;Pix
2025-09-08T20:43:00.000Z;ENTRADA;Venda;Venda #685954;360;Pix
2025-09-08T20:14:00.000Z;ENTRADA;Venda;Venda #685954;90;Pix
2025-09-08T19:44:00.000Z;ENTRADA;Venda;Venda #685954;24;Pix
2025-09-08T19:20:00.000Z;ENTRADA;Venda;Venda #685954;85;Pix
2025-09-08T18:19:00.000Z;ENTRADA;Venda;Venda #685954;120;Pix
2025-09-08T17:33:00.000Z;ENTRADA;Venda;Venda #685954;360;Pix
2025-09-08T15:57:00.000Z;ENTRADA;Venda;Venda #685954;135;Pix
2025-09-06T03:00:00.000Z;SAÍDA;DESPESAS OPERACIONAIS;Compra de Insumos Reposição;-2109.771441424145;Dinheiro/Banco
2025-09-05T22:30:00.000Z;ENTRADA;Venda;Venda #685954;45;Pix
2025-09-05T21:17:00.000Z;ENTRADA;Venda;Venda #685954;8;Pix
2025-09-05T21:10:00.000Z;ENTRADA;Venda;Venda #685954;45;Pix
2025-09-05T20:34:00.000Z;ENTRADA;Venda;Venda #685954;90;Pix
2025-09-05T19:00:00.000Z;ENTRADA;Venda;Venda #685954;170;Pix
2025-09-05T18:57:00.000Z;ENTRADA;Venda;Venda #685954;120;Pix
2025-09-05T18:55:00.000Z;ENTRADA;Venda;Venda #685954;360;Pix
2025-09-05T16:25:00.000Z;ENTRADA;Venda;Venda #685954;240;Pix
2025-09-05T16:00:00.000Z;ENTRADA;Venda;Venda #685954;135;Pix
2025-09-05T15:54:00.000Z;ENTRADA;Venda;Venda #685954;90;Pix
2025-09-05T15:15:00.000Z;ENTRADA;Venda;Venda #685954;85;Pix
2025-09-04T21:56:00.000Z;ENTRADA;Venda;Venda #685954;240;Pix
2025-09-04T21:18:00.000Z;ENTRADA;Venda;Venda #685954;16;Pix
2025-09-04T20:58:00.000Z;ENTRADA;Venda;Venda #685954;120;Pix
2025-09-04T20:18:00.000Z;ENTRADA;Venda;Venda #685954;8;Pix
2025-09-04T18:12:00.000Z;ENTRADA;Venda;Venda #685954;85;Pix
2025-09-04T18:03:00.000Z;ENTRADA;Venda;Venda #685954;8;Pix
2025-09-04T17:42:00.000Z;ENTRADA;Venda;Venda #685954;360;Pix
2025-09-04T17:00:00.000Z;ENTRADA;Venda;Venda #685954;85;Pix
2025-09-04T16:20:00.000Z;ENTRADA;Venda;Venda #685954;170;Pix
2025-09-04T16:00:00.000Z;ENTRADA;Venda;Venda #685954;16;Pix
2025-09-03T22:22:00.000Z;ENTRADA;Venda;Venda #685954;360;Pix
2025-09-03T20:53:00.000Z;ENTRADA;Venda;Venda #685954;240;Pix
2025-09-03T19:36:00.000Z;ENTRADA;Venda;Venda #685954;16;Pix
2025-09-03T19:24:00.000Z;ENTRADA;Venda;Venda #685954;8;Pix
2025-09-03T17:50:00.000Z;ENTRADA;Venda;Venda #685954;85;Pix
2025-09-03T17:03:00.000Z;ENTRADA;Venda;Venda #685954;24;Pix
2025-09-03T16:49:00.000Z;ENTRADA;Venda;Venda #685954;170;Pix
2025-09-03T16:25:00.000Z;ENTRADA;Venda;Venda #685954;45;Pix
2025-09-03T15:50:00.000Z;ENTRADA;Venda;Venda #685954;360;Pix
2025-09-03T03:00:00.000Z;SAÍDA;DESPESAS OPERACIONAIS;Compra de Insumos Reposição;-1768.787878552654;Dinheiro/Banco
2025-09-02T21:13:00.000Z;ENTRADA;Venda;Venda #685954;255;Pix
2025-09-02T18:55:00.000Z;ENTRADA;Venda;Venda #685954;360;Pix
2025-09-02T17:49:00.000Z;ENTRADA;Venda;Venda #685954;255;Pix
2025-09-02T16:29:00.000Z;ENTRADA;Venda;Venda #685954;255;Pix
2025-09-02T15:25:00.000Z;ENTRADA;Venda;Venda #685954;16;Pix
2025-09-02T15:18:00.000Z;ENTRADA;Venda;Venda #685954;90;Pix
2025-09-01T22:51:00.000Z;ENTRADA;Venda;Venda #685954;90;Pix
2025-09-01T22:17:00.000Z;ENTRADA;Venda;Venda #685954;16;Pix
2025-09-01T22:08:00.000Z;ENTRADA;Venda;Venda #685954;170;Pix
2025-09-01T20:17:00.000Z;ENTRADA;Venda;Venda #685954;120;Pix
2025-09-01T18:29:00.000Z;ENTRADA;Venda;Venda #685954;45;Pix
2025-09-01T18:26:00.000Z;ENTRADA;Venda;Venda #685954;135;Pix
2025-09-01T17:33:00.000Z;ENTRADA;Venda;Venda #685954;360;Pix
2025-09-01T16:26:00.000Z;ENTRADA;Venda;Venda #685954;240;Pix
2025-08-30T03:00:00.000Z;SAÍDA;DESPESAS OPERACIONAIS;Compra de Insumos Reposição;-1504.7436443976378;Dinheiro/Banco
2025-08-29T22:29:00.000Z;ENTRADA;Venda;Venda #685954;90;Pix
2025-08-29T21:34:00.000Z;ENTRADA;Venda;Venda #685954;85;Pix
2025-08-29T19:56:00.000Z;ENTRADA;Venda;Venda #685954;16;Pix
2025-08-29T19:27:00.000Z;ENTRADA;Venda;Venda #685954;360;Pix
2025-08-29T18:55:00.000Z;ENTRADA;Venda;Venda #685954;170;Pix
2025-08-29T17:37:00.000Z;ENTRADA;Venda;Venda #685954;255;Pix
2025-08-29T17:22:00.000Z;ENTRADA;Venda;Venda #685954;90;Pix
2025-08-29T16:07:00.000Z;ENTRADA;Venda;Venda #685954;8;Pix
2025-08-28T22:32:00.000Z;ENTRADA;Venda;Venda #685954;8;Pix
2025-08-28T22:12:00.000Z;ENTRADA;Venda;Venda #685954;24;Pix
2025-08-28T22:09:00.000Z;ENTRADA;Venda;Venda #685954;24;Pix
2025-08-28T21:29:00.000Z;ENTRADA;Venda;Venda #685954;120;Pix
2025-08-28T21:22:00.000Z;ENTRADA;Venda;Venda #685954;135;Pix
2025-08-28T21:20:00.000Z;ENTRADA;Venda;Venda #685954;24;Pix
2025-08-28T21:08:00.000Z;ENTRADA;Venda;Venda #685954;16;Pix
2025-08-28T21:02:00.000Z;ENTRADA;Venda;Venda #685954;85;Pix
2025-08-28T19:30:00.000Z;ENTRADA;Venda;Venda #685954;170;Pix
2025-08-28T18:56:00.000Z;ENTRADA;Venda;Venda #685954;90;Pix
2025-08-28T18:04:00.000Z;ENTRADA;Venda;Venda #685954;16;Pix
2025-08-28T17:35:00.000Z;ENTRADA;Venda;Venda #685954;120;Pix
2025-08-28T16:52:00.000Z;ENTRADA;Venda;Venda #685954;24;Pix
2025-08-28T16:34:00.000Z;ENTRADA;Venda;Venda #685954;16;Pix
2025-08-28T16:21:00.000Z;ENTRADA;Venda;Venda #685954;135;Pix
2025-08-28T15:33:00.000Z;ENTRADA;Venda;Venda #685954;170;Pix
2025-08-27T22:53:00.000Z;ENTRADA;Venda;Venda #685954;255;Pix
2025-08-27T21:57:00.000Z;ENTRADA;Venda;Venda #685954;360;Pix
2025-08-27T17:09:00.000Z;ENTRADA;Venda;Venda #685954;240;Pix
2025-08-27T15:25:00.000Z;ENTRADA;Venda;Venda #685954;255;Pix
2025-08-27T15:15:00.000Z;ENTRADA;Venda;Venda #685954;45;Pix
2025-08-27T15:12:00.000Z;ENTRADA;Venda;Venda #685954;8;Pix
2025-08-27T03:00:00.000Z;SAÍDA;DESPESAS OPERACIONAIS;Compra de Insumos Reposição;-2072.2714499216904;Dinheiro/Banco
2025-08-26T21:35:00.000Z;ENTRADA;Venda;Venda #685954;135;Pix
2025-08-26T20:49:00.000Z;ENTRADA;Venda;Venda #685954;240;Pix
2025-08-26T20:13:00.000Z;ENTRADA;Venda;Venda #685954;85;Pix
2025-08-26T19:32:00.000Z;ENTRADA;Venda;Venda #685954;45;Pix
2025-08-26T18:57:00.000Z;ENTRADA;Venda;Venda #685954;360;Pix
2025-08-26T18:27:00.000Z;ENTRADA;Venda;Venda #685954;90;Pix
2025-08-26T18:04:00.000Z;ENTRADA;Venda;Venda #685954;24;Pix
2025-08-26T17:22:00.000Z;ENTRADA;Venda;Venda #685954;16;Pix
2025-08-26T15:39:00.000Z;ENTRADA;Venda;Venda #685954;85;Pix
2025-08-26T15:20:00.000Z;ENTRADA;Venda;Venda #685954;90;Pix
2025-08-25T22:52:00.000Z;ENTRADA;Venda;Venda #685954;85;Pix
2025-08-25T22:21:00.000Z;ENTRADA;Venda;Venda #685954;24;Pix
2025-08-25T21:49:00.000Z;ENTRADA;Venda;Venda #685954;16;Pix
2025-08-25T21:44:00.000Z;ENTRADA;Venda;Venda #685954;240;Pix
2025-08-25T21:36:00.000Z;ENTRADA;Venda;Venda #685954;16;Pix
2025-08-25T21:18:00.000Z;ENTRADA;Venda;Venda #685954;24;Pix
2025-08-25T19:37:00.000Z;ENTRADA;Venda;Venda #685954;240;Pix
2025-08-25T17:19:00.000Z;ENTRADA;Venda;Venda #685954;120;Pix
2025-08-25T16:55:00.000Z;ENTRADA;Venda;Venda #685954;90;Pix
2025-08-25T16:43:00.000Z;ENTRADA;Venda;Venda #685954;120;Pix
2025-08-25T15:50:00.000Z;ENTRADA;Venda;Venda #685954;135;Pix
2025-08-24T03:00:00.000Z;SAÍDA;DESPESAS OPERACIONAIS;Compra de Insumos Reposição;-2388.740907514602;Dinheiro/Banco
2025-08-22T22:16:00.000Z;ENTRADA;Venda;Venda #685954;240;Pix
2025-08-22T22:05:00.000Z;ENTRADA;Venda;Venda #685954;24;Pix
2025-08-22T21:25:00.000Z;ENTRADA;Venda;Venda #685954;45;Pix
2025-08-22T19:13:00.000Z;ENTRADA;Venda;Venda #685954;16;Pix
2025-08-22T17:39:00.000Z;ENTRADA;Venda;Venda #685954;170;Pix
2025-08-22T16:49:00.000Z;ENTRADA;Venda;Venda #685954;360;Pix
2025-08-22T15:43:00.000Z;ENTRADA;Venda;Venda #685954;135;Pix
2025-08-22T15:19:00.000Z;ENTRADA;Venda;Venda #685954;120;Pix
2025-08-22T15:03:00.000Z;ENTRADA;Venda;Venda #685954;90;Pix
2025-08-21T21:47:00.000Z;ENTRADA;Venda;Venda #685954;90;Pix
2025-08-21T20:33:00.000Z;ENTRADA;Venda;Venda #685954;120;Pix
2025-08-21T19:06:00.000Z;ENTRADA;Venda;Venda #685954;8;Pix
2025-08-21T18:27:00.000Z;ENTRADA;Venda;Venda #685954;85;Pix
2025-08-21T18:09:00.000Z;ENTRADA;Venda;Venda #685954;8;Pix
2025-08-21T18:00:00.000Z;ENTRADA;Venda;Venda #685954;135;Pix
2025-08-21T17:53:00.000Z;ENTRADA;Venda;Venda #685954;170;Pix
2025-08-21T17:25:00.000Z;ENTRADA;Venda;Venda #685954;120;Pix
2025-08-21T17:07:00.000Z;ENTRADA;Venda;Venda #685954;120;Pix
2025-08-21T16:58:00.000Z;ENTRADA;Venda;Venda #685954;240;Pix
2025-08-21T16:02:00.000Z;ENTRADA;Venda;Venda #685954;85;Pix
2025-08-21T03:00:00.000Z;SAÍDA;DESPESAS OPERACIONAIS;Compra de Insumos Reposição;-1679.937016383002;Dinheiro/Banco
2025-08-20T22:12:00.000Z;ENTRADA;Venda;Venda #685954;90;Pix
2025-08-20T22:07:00.000Z;ENTRADA;Venda;Venda #685954;135;Pix
2025-08-20T20:35:00.000Z;ENTRADA;Venda;Venda #685954;170;Pix
2025-08-20T18:31:00.000Z;ENTRADA;Venda;Venda #685954;90;Pix
2025-08-20T18:22:00.000Z;ENTRADA;Venda;Venda #685954;24;Pix
2025-08-20T18:06:00.000Z;ENTRADA;Venda;Venda #685954;16;Pix
2025-08-20T17:54:00.000Z;ENTRADA;Venda;Venda #685954;45;Pix
2025-08-20T17:22:00.000Z;ENTRADA;Venda;Venda #685954;170;Pix
2025-08-20T16:12:00.000Z;ENTRADA;Venda;Venda #685954;135;Pix
2025-08-20T15:03:00.000Z;ENTRADA;Venda;Venda #685954;255;Pix
2025-08-19T22:30:00.000Z;ENTRADA;Venda;Venda #685954;90;Pix
2025-08-19T22:27:00.000Z;ENTRADA;Venda;Venda #685954;16;Pix
2025-08-19T21:49:00.000Z;ENTRADA;Venda;Venda #685954;135;Pix
2025-08-19T20:12:00.000Z;ENTRADA;Venda;Venda #685954;135;Pix
2025-08-19T20:11:00.000Z;ENTRADA;Venda;Venda #685954;16;Pix
2025-08-19T18:39:00.000Z;ENTRADA;Venda;Venda #685954;170;Pix
2025-08-19T18:35:00.000Z;ENTRADA;Venda;Venda #685954;240;Pix
2025-08-19T18:26:00.000Z;ENTRADA;Venda;Venda #685954;360;Pix
2025-08-19T16:08:00.000Z;ENTRADA;Venda;Venda #685954;45;Pix
2025-08-18T22:30:00.000Z;ENTRADA;Venda;Venda #685954;24;Pix
2025-08-18T22:17:00.000Z;ENTRADA;Venda;Venda #685954;120;Pix
2025-08-18T22:01:00.000Z;ENTRADA;Venda;Venda #685954;45;Pix
2025-08-18T21:51:00.000Z;ENTRADA;Venda;Venda #685954;85;Pix
2025-08-18T21:00:00.000Z;ENTRADA;Venda;Venda #685954;360;Pix
2025-08-18T20:17:00.000Z;ENTRADA;Venda;Venda #685954;24;Pix
2025-08-18T20:13:00.000Z;ENTRADA;Venda;Venda #685954;8;Pix
2025-08-18T19:42:00.000Z;ENTRADA;Venda;Venda #685954;45;Pix
2025-08-18T19:19:00.000Z;ENTRADA;Venda;Venda #685954;240;Pix
2025-08-18T18:54:00.000Z;ENTRADA;Venda;Venda #685954;135;Pix
2025-08-18T18:54:00.000Z;ENTRADA;Venda;Venda #685954;16;Pix
2025-08-18T16:56:00.000Z;ENTRADA;Venda;Venda #685954;240;Pix
2025-08-18T03:00:00.000Z;SAÍDA;DESPESAS OPERACIONAIS;Compra de Insumos Reposição;-2204.006862449006;Dinheiro/Banco
2025-08-15T22:41:00.000Z;ENTRADA;Venda;Venda #685954;8;Pix
2025-08-15T22:14:00.000Z;ENTRADA;Venda;Venda #685954;360;Pix
2025-08-15T20:56:00.000Z;ENTRADA;Venda;Venda #685954;45;Pix
2025-08-15T20:05:00.000Z;ENTRADA;Venda;Venda #685954;360;Pix
2025-08-15T18:13:00.000Z;ENTRADA;Venda;Venda #685954;90;Pix
2025-08-15T15:33:00.000Z;ENTRADA;Venda;Venda #685954;360;Pix
2025-08-15T03:00:00.000Z;SAÍDA;DESPESAS OPERACIONAIS;Compra de Insumos Reposição;-2364.679761953488;Dinheiro/Banco
2025-08-14T22:26:00.000Z;ENTRADA;Venda;Venda #685954;360;Pix
2025-08-14T21:48:00.000Z;ENTRADA;Venda;Venda #685954;360;Pix
2025-08-14T21:28:00.000Z;ENTRADA;Venda;Venda #685954;135;Pix
2025-08-14T19:39:00.000Z;ENTRADA;Venda;Venda #685954;360;Pix
2025-08-14T16:13:00.000Z;ENTRADA;Venda;Venda #685954;85;Pix
2025-08-13T22:27:00.000Z;ENTRADA;Venda;Venda #685954;120;Pix
2025-08-13T21:32:00.000Z;ENTRADA;Venda;Venda #685954;45;Pix
2025-08-13T20:27:00.000Z;ENTRADA;Venda;Venda #685954;24;Pix
2025-08-13T19:27:00.000Z;ENTRADA;Venda;Venda #685954;90;Pix
2025-08-13T18:19:00.000Z;ENTRADA;Venda;Venda #685954;170;Pix
2025-08-13T18:07:00.000Z;ENTRADA;Venda;Venda #685954;170;Pix
2025-08-13T17:39:00.000Z;ENTRADA;Venda;Venda #685954;240;Pix
2025-08-13T17:35:00.000Z;ENTRADA;Venda;Venda #685954;16;Pix
2025-08-13T16:19:00.000Z;ENTRADA;Venda;Venda #685954;120;Pix
2025-08-13T15:24:00.000Z;ENTRADA;Venda;Venda #685954;240;Pix
2025-08-12T22:25:00.000Z;ENTRADA;Venda;Venda #685954;120;Pix
2025-08-12T22:14:00.000Z;ENTRADA;Venda;Venda #685954;85;Pix
2025-08-12T21:42:00.000Z;ENTRADA;Venda;Venda #685954;8;Pix
2025-08-12T19:42:00.000Z;ENTRADA;Venda;Venda #685954;240;Pix
2025-08-12T18:29:00.000Z;ENTRADA;Venda;Venda #685954;255;Pix
2025-08-12T18:14:00.000Z;ENTRADA;Venda;Venda #685954;360;Pix
2025-08-12T03:00:00.000Z;SAÍDA;DESPESAS OPERACIONAIS;Compra de Insumos Reposição;-2308.3709954364867;Dinheiro/Banco
2025-08-11T22:35:00.000Z;ENTRADA;Venda;Venda #685954;170;Pix
2025-08-11T22:23:00.000Z;ENTRADA;Venda;Venda #685954;16;Pix
2025-08-11T21:57:00.000Z;ENTRADA;Venda;Venda #685954;85;Pix
2025-08-11T21:46:00.000Z;ENTRADA;Venda;Venda #685954;360;Pix
2025-08-11T21:20:00.000Z;ENTRADA;Venda;Venda #685954;24;Pix
2025-08-11T19:31:00.000Z;ENTRADA;Venda;Venda #685954;85;Pix
2025-08-11T18:32:00.000Z;ENTRADA;Venda;Venda #685954;16;Pix
2025-08-11T18:31:00.000Z;ENTRADA;Venda;Venda #685954;85;Pix
2025-08-11T17:42:00.000Z;ENTRADA;Venda;Venda #685954;120;Pix
2025-08-11T17:05:00.000Z;ENTRADA;Venda;Venda #685954;135;Pix
2025-08-11T16:43:00.000Z;ENTRADA;Venda;Venda #685954;85;Pix
2025-08-11T15:13:00.000Z;ENTRADA;Venda;Venda #685954;8;Pix
2025-08-09T03:00:00.000Z;SAÍDA;DESPESAS OPERACIONAIS;Compra de Insumos Reposição;-2264.20609452348;Dinheiro/Banco
2025-08-08T22:28:00.000Z;ENTRADA;Venda;Venda #685954;24;Pix
2025-08-08T21:38:00.000Z;ENTRADA;Venda;Venda #685954;45;Pix
2025-08-08T21:33:00.000Z;ENTRADA;Venda;Venda #685954;120;Pix
2025-08-08T21:31:00.000Z;ENTRADA;Venda;Venda #685954;170;Pix
2025-08-08T19:54:00.000Z;ENTRADA;Venda;Venda #685954;90;Pix
2025-08-08T19:51:00.000Z;ENTRADA;Venda;Venda #685954;255;Pix
2025-08-08T18:23:00.000Z;ENTRADA;Venda;Venda #685954;90;Pix
2025-08-08T18:12:00.000Z;ENTRADA;Venda;Venda #685954;16;Pix
2025-08-08T17:36:00.000Z;ENTRADA;Venda;Venda #685954;45;Pix
2025-08-08T17:08:00.000Z;ENTRADA;Venda;Venda #685954;45;Pix
2025-08-08T16:45:00.000Z;ENTRADA;Venda;Venda #685954;90;Pix
2025-08-08T15:52:00.000Z;ENTRADA;Venda;Venda #685954;135;Pix
2025-08-07T22:46:00.000Z;ENTRADA;Venda;Venda #685954;120;Pix
2025-08-07T19:35:00.000Z;ENTRADA;Venda;Venda #685954;240;Pix
2025-08-07T18:04:00.000Z;ENTRADA;Venda;Venda #685954;360;Pix
2025-08-07T17:58:00.000Z;ENTRADA;Venda;Venda #685954;170;Pix
2025-08-07T17:26:00.000Z;ENTRADA;Venda;Venda #685954;255;Pix
2025-08-06T21:29:00.000Z;ENTRADA;Venda;Venda #685954;16;Pix
2025-08-06T20:51:00.000Z;ENTRADA;Venda;Venda #685954;45;Pix
2025-08-06T20:47:00.000Z;ENTRADA;Venda;Venda #685954;90;Pix
2025-08-06T18:01:00.000Z;ENTRADA;Venda;Venda #685954;120;Pix
2025-08-06T17:52:00.000Z;ENTRADA;Venda;Venda #685954;135;Pix
2025-08-06T17:05:00.000Z;ENTRADA;Venda;Venda #685954;120;Pix
2025-08-06T16:08:00.000Z;ENTRADA;Venda;Venda #685954;24;Pix
2025-08-06T15:46:00.000Z;ENTRADA;Venda;Venda #685954;16;Pix
2025-08-06T15:42:00.000Z;ENTRADA;Venda;Venda #685954;360;Pix
2025-08-06T15:11:00.000Z;ENTRADA;Venda;Venda #685954;170;Pix
2025-08-06T03:00:00.000Z;SAÍDA;DESPESAS OPERACIONAIS;Compra de Insumos Reposição;-2027.4964363006075;Dinheiro/Banco
2025-08-05T22:18:00.000Z;ENTRADA;Venda;Venda #685954;360;Pix
2025-08-05T22:14:00.000Z;ENTRADA;Venda;Venda #685954;8;Pix
2025-08-05T20:36:00.000Z;ENTRADA;Venda;Venda #685954;170;Pix
2025-08-05T18:28:00.000Z;ENTRADA;Venda;Venda #685954;170;Pix
2025-08-05T18:07:00.000Z;ENTRADA;Venda;Venda #685954;24;Pix
2025-08-05T15:26:00.000Z;ENTRADA;Venda;Venda #685954;170;Pix
2025-08-05T15:10:00.000Z;ENTRADA;Venda;Venda #685954;170;Pix
2025-08-04T21:58:00.000Z;ENTRADA;Venda;Venda #685954;85;Pix
2025-08-04T21:52:00.000Z;ENTRADA;Venda;Venda #685954;8;Pix
2025-08-04T21:31:00.000Z;ENTRADA;Venda;Venda #685954;90;Pix
2025-08-04T21:28:00.000Z;ENTRADA;Venda;Venda #685954;240;Pix
2025-08-04T20:51:00.000Z;ENTRADA;Venda;Venda #685954;360;Pix
2025-08-04T20:46:00.000Z;ENTRADA;Venda;Venda #685954;24;Pix
2025-08-04T18:47:00.000Z;ENTRADA;Venda;Venda #685954;255;Pix
2025-08-04T17:40:00.000Z;ENTRADA;Venda;Venda #685954;16;Pix
2025-08-03T03:00:00.000Z;SAÍDA;DESPESAS OPERACIONAIS;Compra de Insumos Reposição;-1655.1158266904547;Dinheiro/Banco
2025-08-01T22:20:00.000Z;ENTRADA;Venda;Venda #685954;135;Pix
2025-08-01T22:05:00.000Z;ENTRADA;Venda;Venda #685954;45;Pix
2025-08-01T21:57:00.000Z;ENTRADA;Venda;Venda #685954;24;Pix
2025-08-01T21:12:00.000Z;ENTRADA;Venda;Venda #685954;170;Pix
2025-08-01T18:45:00.000Z;ENTRADA;Venda;Venda #685954;255;Pix
2025-08-01T18:45:00.000Z;ENTRADA;Venda;Venda #685954;240;Pix
2025-08-01T18:34:00.000Z;ENTRADA;Venda;Venda #685954;16;Pix
2025-08-01T18:04:00.000Z;ENTRADA;Venda;Venda #685954;255;Pix
2025-08-01T17:22:00.000Z;ENTRADA;Venda;Venda #685954;16;Pix
2025-07-31T22:56:00.000Z;ENTRADA;Venda;Venda #685954;16;Pix
2025-07-31T21:28:00.000Z;ENTRADA;Venda;Venda #685954;24;Pix
2025-07-31T21:04:00.000Z;ENTRADA;Venda;Venda #685954;8;Pix
2025-07-31T20:47:00.000Z;ENTRADA;Venda;Venda #685954;360;Pix
2025-07-31T18:43:00.000Z;ENTRADA;Venda;Venda #685954;135;Pix
2025-07-31T18:01:00.000Z;ENTRADA;Venda;Venda #685954;120;Pix
2025-07-31T17:57:00.000Z;ENTRADA;Venda;Venda #685954;120;Pix
2025-07-31T17:35:00.000Z;ENTRADA;Venda;Venda #685954;120;Pix
2025-07-31T17:23:00.000Z;ENTRADA;Venda;Venda #685954;16;Pix
2025-07-31T16:56:00.000Z;ENTRADA;Venda;Venda #685954;120;Pix
2025-07-31T16:01:00.000Z;ENTRADA;Venda;Venda #685954;45;Pix
2025-07-30T21:12:00.000Z;ENTRADA;Venda;Venda #685954;90;Pix
2025-07-30T20:52:00.000Z;ENTRADA;Venda;Venda #685954;45;Pix
2025-07-30T20:47:00.000Z;ENTRADA;Venda;Venda #685954;85;Pix
2025-07-30T19:21:00.000Z;ENTRADA;Venda;Venda #685954;240;Pix
2025-07-30T17:13:00.000Z;ENTRADA;Venda;Venda #685954;45;Pix
2025-07-30T17:03:00.000Z;ENTRADA;Venda;Venda #685954;24;Pix
2025-07-30T16:52:00.000Z;ENTRADA;Venda;Venda #685954;90;Pix
2025-07-30T16:00:00.000Z;ENTRADA;Venda;Venda #685954;45;Pix
2025-07-30T15:50:00.000Z;ENTRADA;Venda;Venda #685954;240;Pix
2025-07-30T15:45:00.000Z;ENTRADA;Venda;Venda #685954;170;Pix
2025-07-30T03:00:00.000Z;SAÍDA;DESPESAS OPERACIONAIS;Compra de Insumos Reposição;-2234.595858066683;Dinheiro/Banco
2025-07-29T21:30:00.000Z;ENTRADA;Venda;Venda #685954;85;Pix
2025-07-29T20:34:00.000Z;ENTRADA;Venda;Venda #685954;255;Pix
2025-07-29T20:15:00.000Z;ENTRADA;Venda;Venda #685954;90;Pix
2025-07-29T18:58:00.000Z;ENTRADA;Venda;Venda #685954;360;Pix
2025-07-29T18:41:00.000Z;ENTRADA;Venda;Venda #685954;45;Pix
2025-07-29T17:56:00.000Z;ENTRADA;Venda;Venda #685954;255;Pix
2025-07-29T17:44:00.000Z;ENTRADA;Venda;Venda #685954;90;Pix
2025-07-29T15:57:00.000Z;ENTRADA;Venda;Venda #685954;85;Pix
2025-07-29T15:38:00.000Z;ENTRADA;Venda;Venda #685954;16;Pix
2025-07-28T22:19:00.000Z;ENTRADA;Venda;Venda #685954;255;Pix
2025-07-28T20:17:00.000Z;ENTRADA;Venda;Venda #685954;360;Pix
2025-07-28T19:17:00.000Z;ENTRADA;Venda;Venda #685954;240;Pix
2025-07-28T18:53:00.000Z;ENTRADA;Venda;Venda #685954;255;Pix
2025-07-28T18:31:00.000Z;ENTRADA;Venda;Venda #685954;16;Pix
2025-07-28T16:22:00.000Z;ENTRADA;Venda;Venda #685954;24;Pix
2025-07-27T03:00:00.000Z;SAÍDA;DESPESAS OPERACIONAIS;Compra de Insumos Reposição;-2183.5589371397073;Dinheiro/Banco
2025-07-25T20:47:00.000Z;ENTRADA;Venda;Venda #685954;240;Pix
2025-07-25T19:54:00.000Z;ENTRADA;Venda;Venda #685954;90;Pix
2025-07-25T19:17:00.000Z;ENTRADA;Venda;Venda #685954;120;Pix
2025-07-25T18:40:00.000Z;ENTRADA;Venda;Venda #685954;240;Pix
2025-07-25T18:26:00.000Z;ENTRADA;Venda;Venda #685954;135;Pix
2025-07-25T18:09:00.000Z;ENTRADA;Venda;Venda #685954;24;Pix
2025-07-25T16:38:00.000Z;ENTRADA;Venda;Venda #685954;120;Pix
2025-07-25T16:28:00.000Z;ENTRADA;Venda;Venda #685954;45;Pix
2025-07-25T16:18:00.000Z;ENTRADA;Venda;Venda #685954;24;Pix
2025-07-25T15:58:00.000Z;ENTRADA;Venda;Venda #685954;85;Pix
2025-07-24T21:32:00.000Z;ENTRADA;Venda;Venda #685954;240;Pix
2025-07-24T17:52:00.000Z;ENTRADA;Venda;Venda #685954;135;Pix
2025-07-24T17:17:00.000Z;ENTRADA;Venda;Venda #685954;255;Pix
2025-07-24T17:00:00.000Z;ENTRADA;Venda;Venda #685954;240;Pix
2025-07-24T16:52:00.000Z;ENTRADA;Venda;Venda #685954;45;Pix
2025-07-24T16:32:00.000Z;ENTRADA;Venda;Venda #685954;240;Pix
2025-07-24T03:00:00.000Z;SAÍDA;DESPESAS OPERACIONAIS;Compra de Insumos Reposição;-1647.9039890953338;Dinheiro/Banco
2025-07-23T21:43:00.000Z;ENTRADA;Venda;Venda #685954;120;Pix
2025-07-23T21:39:00.000Z;ENTRADA;Venda;Venda #685954;45;Pix
2025-07-23T21:26:00.000Z;ENTRADA;Venda;Venda #685954;120;Pix
2025-07-23T20:06:00.000Z;ENTRADA;Venda;Venda #685954;8;Pix
2025-07-23T19:40:00.000Z;ENTRADA;Venda;Venda #685954;45;Pix
2025-07-23T19:38:00.000Z;ENTRADA;Venda;Venda #685954;135;Pix
2025-07-23T19:02:00.000Z;ENTRADA;Venda;Venda #685954;360;Pix
2025-07-23T19:00:00.000Z;ENTRADA;Venda;Venda #685954;24;Pix
2025-07-23T17:26:00.000Z;ENTRADA;Venda;Venda #685954;16;Pix
2025-07-23T17:11:00.000Z;ENTRADA;Venda;Venda #685954;240;Pix
2025-07-23T15:28:00.000Z;ENTRADA;Venda;Venda #685954;45;Pix
2025-07-22T22:53:00.000Z;ENTRADA;Venda;Venda #685954;85;Pix
2025-07-22T20:49:00.000Z;ENTRADA;Venda;Venda #685954;240;Pix
2025-07-22T19:08:00.000Z;ENTRADA;Venda;Venda #685954;16;Pix
2025-07-22T18:29:00.000Z;ENTRADA;Venda;Venda #685954;85;Pix
2025-07-22T16:24:00.000Z;ENTRADA;Venda;Venda #685954;255;Pix
2025-07-22T15:58:00.000Z;ENTRADA;Venda;Venda #685954;240;Pix
2025-07-22T15:39:00.000Z;ENTRADA;Venda;Venda #685954;255;Pix
2025-07-21T22:11:00.000Z;ENTRADA;Venda;Venda #685954;120;Pix
2025-07-21T21:38:00.000Z;ENTRADA;Venda;Venda #685954;255;Pix
2025-07-21T20:27:00.000Z;ENTRADA;Venda;Venda #685954;85;Pix
2025-07-21T20:03:00.000Z;ENTRADA;Venda;Venda #685954;8;Pix
2025-07-21T19:51:00.000Z;ENTRADA;Venda;Venda #685954;16;Pix
2025-07-21T19:06:00.000Z;ENTRADA;Venda;Venda #685954;120;Pix
2025-07-21T18:51:00.000Z;ENTRADA;Venda;Venda #685954;90;Pix
2025-07-21T18:28:00.000Z;ENTRADA;Venda;Venda #685954;85;Pix
2025-07-21T18:10:00.000Z;ENTRADA;Venda;Venda #685954;45;Pix
2025-07-21T17:45:00.000Z;ENTRADA;Venda;Venda #685954;16;Pix
2025-07-21T17:05:00.000Z;ENTRADA;Venda;Venda #685954;24;Pix
2025-07-21T16:16:00.000Z;ENTRADA;Venda;Venda #685954;135;Pix
2025-07-21T16:07:00.000Z;ENTRADA;Venda;Venda #685954;90;Pix
2025-07-21T03:00:00.000Z;SAÍDA;DESPESAS OPERACIONAIS;Compra de Insumos Reposição;-1933.3798626177772;Dinheiro/Banco
2025-07-18T22:29:00.000Z;ENTRADA;Venda;Venda #685954;135;Pix
2025-07-18T22:22:00.000Z;ENTRADA;Venda;Venda #685954;24;Pix
2025-07-18T21:48:00.000Z;ENTRADA;Venda;Venda #685954;135;Pix
2025-07-18T21:43:00.000Z;ENTRADA;Venda;Venda #685954;16;Pix
2025-07-18T21:29:00.000Z;ENTRADA;Venda;Venda #685954;45;Pix
2025-07-18T20:35:00.000Z;ENTRADA;Venda;Venda #685954;90;Pix
2025-07-18T20:33:00.000Z;ENTRADA;Venda;Venda #685954;45;Pix
2025-07-18T20:04:00.000Z;ENTRADA;Venda;Venda #685954;360;Pix
2025-07-18T18:15:00.000Z;ENTRADA;Venda;Venda #685954;170;Pix
2025-07-18T17:25:00.000Z;ENTRADA;Venda;Venda #685954;45;Pix
2025-07-18T15:25:00.000Z;ENTRADA;Venda;Venda #685954;45;Pix
2025-07-18T03:00:00.000Z;SAÍDA;DESPESAS OPERACIONAIS;Compra de Insumos Reposição;-2184.119021114927;Dinheiro/Banco
2025-07-17T22:53:00.000Z;ENTRADA;Venda;Venda #685954;90;Pix
2025-07-17T22:10:00.000Z;ENTRADA;Venda;Venda #685954;24;Pix
2025-07-17T20:14:00.000Z;ENTRADA;Venda;Venda #685954;170;Pix
2025-07-17T19:51:00.000Z;ENTRADA;Venda;Venda #685954;170;Pix
2025-07-17T19:34:00.000Z;ENTRADA;Venda;Venda #685954;170;Pix
2025-07-17T17:58:00.000Z;ENTRADA;Venda;Venda #685954;240;Pix
2025-07-17T17:42:00.000Z;ENTRADA;Venda;Venda #685954;135;Pix
2025-07-17T17:37:00.000Z;ENTRADA;Venda;Venda #685954;170;Pix
2025-07-16T22:05:00.000Z;ENTRADA;Venda;Venda #685954;8;Pix
2025-07-16T21:38:00.000Z;ENTRADA;Venda;Venda #685954;170;Pix
2025-07-16T20:28:00.000Z;ENTRADA;Venda;Venda #685954;85;Pix
2025-07-16T20:09:00.000Z;ENTRADA;Venda;Venda #685954;24;Pix
2025-07-16T18:30:00.000Z;ENTRADA;Venda;Venda #685954;360;Pix
2025-07-16T18:12:00.000Z;ENTRADA;Venda;Venda #685954;170;Pix
2025-07-16T18:11:00.000Z;ENTRADA;Venda;Venda #685954;16;Pix
2025-07-16T17:06:00.000Z;ENTRADA;Venda;Venda #685954;24;Pix
2025-07-16T16:57:00.000Z;ENTRADA;Venda;Venda #685954;85;Pix
2025-07-16T16:43:00.000Z;ENTRADA;Venda;Venda #685954;90;Pix
2025-07-16T15:25:00.000Z;ENTRADA;Venda;Venda #685954;90;Pix
2025-07-15T21:43:00.000Z;ENTRADA;Venda;Venda #685954;90;Pix
2025-07-15T19:07:00.000Z;ENTRADA;Venda;Venda #685954;135;Pix
2025-07-15T18:25:00.000Z;ENTRADA;Venda;Venda #685954;135;Pix
2025-07-15T18:24:00.000Z;ENTRADA;Venda;Venda #685954;255;Pix
2025-07-15T17:26:00.000Z;ENTRADA;Venda;Venda #685954;240;Pix
2025-07-15T15:34:00.000Z;ENTRADA;Venda;Venda #685954;45;Pix
2025-07-15T15:02:00.000Z;ENTRADA;Venda;Venda #685954;255;Pix
2025-07-15T03:00:00.000Z;SAÍDA;DESPESAS OPERACIONAIS;Compra de Insumos Reposição;-1851.6885901531973;Dinheiro/Banco
2025-07-14T19:02:00.000Z;ENTRADA;Venda;Venda #685954;8;Pix
2025-07-14T17:11:00.000Z;ENTRADA;Venda;Venda #685954;120;Pix
2025-07-14T16:16:00.000Z;ENTRADA;Venda;Venda #685954;360;Pix
2025-07-14T16:09:00.000Z;ENTRADA;Venda;Venda #685954;135;Pix
2025-07-14T15:21:00.000Z;ENTRADA;Venda;Venda #685954;85;Pix
2025-07-14T15:16:00.000Z;ENTRADA;Venda;Venda #685954;360;Pix
2025-07-12T03:00:00.000Z;SAÍDA;DESPESAS OPERACIONAIS;Compra de Insumos Reposição;-2453.2292658955084;Dinheiro/Banco
2025-07-11T22:29:00.000Z;ENTRADA;Venda;Venda #685954;240;Pix
2025-07-11T22:26:00.000Z;ENTRADA;Venda;Venda #685954;8;Pix
2025-07-11T21:48:00.000Z;ENTRADA;Venda;Venda #685954;170;Pix
2025-07-11T21:04:00.000Z;ENTRADA;Venda;Venda #685954;90;Pix
2025-07-11T19:53:00.000Z;ENTRADA;Venda;Venda #685954;135;Pix
2025-07-11T19:33:00.000Z;ENTRADA;Venda;Venda #685953;120;Pix
2025-07-11T19:32:00.000Z;ENTRADA;Venda;Venda #685953;85;Pix
2025-07-11T18:30:00.000Z;ENTRADA;Venda;Venda #685953;90;Pix
2025-07-11T18:07:00.000Z;ENTRADA;Venda;Venda #685954;85;Pix
2025-07-11T17:57:00.000Z;ENTRADA;Venda;Venda #685954;90;Pix
2025-07-11T16:43:00.000Z;ENTRADA;Venda;Venda #685954;120;Pix
2025-07-11T16:07:00.000Z;ENTRADA;Venda;Venda #685953;24;Pix
2025-07-10T22:08:00.000Z;ENTRADA;Venda;Venda #685953;24;Pix
2025-07-10T22:01:00.000Z;ENTRADA;Venda;Venda #685953;85;Pix
2025-07-10T21:57:00.000Z;ENTRADA;Venda;Venda #685953;240;Pix
2025-07-10T21:40:00.000Z;ENTRADA;Venda;Venda #685953;45;Pix
2025-07-10T20:57:00.000Z;ENTRADA;Venda;Venda #685953;240;Pix
2025-07-10T17:15:00.000Z;ENTRADA;Venda;Venda #685953;170;Pix
2025-07-10T16:53:00.000Z;ENTRADA;Venda;Venda #685953;8;Pix
2025-07-10T16:50:00.000Z;ENTRADA;Venda;Venda #685953;85;Pix
2025-07-10T16:23:00.000Z;ENTRADA;Venda;Venda #685953;16;Pix
2025-07-10T15:42:00.000Z;ENTRADA;Venda;Venda #685953;85;Pix
2025-07-10T15:19:00.000Z;ENTRADA;Venda;Venda #685953;8;Pix
2025-07-10T15:07:00.000Z;ENTRADA;Venda;Venda #685953;90;Pix
2025-07-09T22:08:00.000Z;ENTRADA;Venda;Venda #685953;360;Pix
2025-07-09T21:53:00.000Z;ENTRADA;Venda;Venda #685953;360;Pix
2025-07-09T18:35:00.000Z;ENTRADA;Venda;Venda #685953;85;Pix
2025-07-09T16:55:00.000Z;ENTRADA;Venda;Venda #685953;120;Pix
2025-07-09T15:39:00.000Z;ENTRADA;Venda;Venda #685953;135;Pix
2025-07-09T15:19:00.000Z;ENTRADA;Venda;Venda #685953;90;Pix
2025-07-09T03:00:00.000Z;SAÍDA;DESPESAS OPERACIONAIS;Compra de Insumos Reposição;-2380.915525350351;Dinheiro/Banco
2025-07-08T19:52:00.000Z;ENTRADA;Venda;Venda #685953;8;Pix
2025-07-08T18:09:00.000Z;ENTRADA;Venda;Venda #685953;360;Pix
2025-07-08T18:03:00.000Z;ENTRADA;Venda;Venda #685953;85;Pix
2025-07-08T17:29:00.000Z;ENTRADA;Venda;Venda #685953;45;Pix
2025-07-08T17:19:00.000Z;ENTRADA;Venda;Venda #685953;16;Pix
2025-07-08T16:18:00.000Z;ENTRADA;Venda;Venda #685953;8;Pix
2025-07-08T15:36:00.000Z;ENTRADA;Venda;Venda #685953;240;Pix
2025-07-08T15:28:00.000Z;ENTRADA;Venda;Venda #685953;170;Pix
2025-07-08T15:13:00.000Z;ENTRADA;Venda;Venda #685953;360;Pix
2025-07-08T15:10:00.000Z;ENTRADA;Venda;Venda #685953;120;Pix
2025-07-07T22:25:00.000Z;ENTRADA;Venda;Venda #685953;240;Pix
2025-07-07T21:28:00.000Z;ENTRADA;Venda;Venda #685953;90;Pix
2025-07-07T20:46:00.000Z;ENTRADA;Venda;Venda #685953;170;Pix
2025-07-07T19:44:00.000Z;ENTRADA;Venda;Venda #685953;255;Pix
2025-07-07T16:05:00.000Z;ENTRADA;Venda;Venda #685953;135;Pix
2025-07-07T15:15:00.000Z;ENTRADA;Venda;Venda #685953;360;Pix
2025-07-06T03:00:00.000Z;SAÍDA;DESPESAS OPERACIONAIS;Compra de Insumos Reposição;-2020.1232902907639;Dinheiro/Banco
2025-07-04T22:58:00.000Z;ENTRADA;Venda;Venda #685953;8;Pix
2025-07-04T22:20:00.000Z;ENTRADA;Venda;Venda #685953;135;Pix
2025-07-04T21:25:00.000Z;ENTRADA;Venda;Venda #685953;45;Pix
2025-07-04T18:31:00.000Z;ENTRADA;Venda;Venda #685953;8;Pix
2025-07-04T18:12:00.000Z;ENTRADA;Venda;Venda #685953;255;Pix
2025-07-04T16:45:00.000Z;ENTRADA;Venda;Venda #685953;255;Pix
2025-07-04T16:18:00.000Z;ENTRADA;Venda;Venda #685953;170;Pix
2025-07-04T16:07:00.000Z;ENTRADA;Venda;Venda #685953;240;Pix
2025-07-04T15:29:00.000Z;ENTRADA;Venda;Venda #685953;8;Pix
2025-07-03T20:15:00.000Z;ENTRADA;Venda;Venda #685953;170;Pix
2025-07-03T18:38:00.000Z;ENTRADA;Venda;Venda #685953;240;Pix
2025-07-03T18:15:00.000Z;ENTRADA;Venda;Venda #685953;120;Pix
2025-07-03T18:06:00.000Z;ENTRADA;Venda;Venda #685953;170;Pix
2025-07-03T18:05:00.000Z;ENTRADA;Venda;Venda #685953;8;Pix
2025-07-03T17:28:00.000Z;ENTRADA;Venda;Venda #685953;120;Pix
2025-07-03T17:24:00.000Z;ENTRADA;Venda;Venda #685953;135;Pix
2025-07-03T16:38:00.000Z;ENTRADA;Venda;Venda #685953;16;Pix
2025-07-03T16:30:00.000Z;ENTRADA;Venda;Venda #685953;240;Pix
2025-07-03T03:00:00.000Z;SAÍDA;DESPESAS OPERACIONAIS;Compra de Insumos Reposição;-2053.247198267535;Dinheiro/Banco
2025-07-02T22:57:00.000Z;ENTRADA;Venda;Venda #685953;135;Pix
2025-07-02T20:24:00.000Z;ENTRADA;Venda;Venda #685953;85;Pix
2025-07-02T20:20:00.000Z;ENTRADA;Venda;Venda #685953;120;Pix
2025-07-02T19:35:00.000Z;ENTRADA;Venda;Venda #685953;90;Pix
2025-07-02T19:21:00.000Z;ENTRADA;Venda;Venda #685953;24;Pix
2025-07-02T19:10:00.000Z;ENTRADA;Venda;Venda #685953;8;Pix
2025-07-02T18:32:00.000Z;ENTRADA;Venda;Venda #685953;45;Pix
2025-07-02T18:17:00.000Z;ENTRADA;Venda;Venda #685953;24;Pix
2025-07-02T15:52:00.000Z;ENTRADA;Venda;Venda #685953;240;Pix
2025-07-02T15:19:00.000Z;ENTRADA;Venda;Venda #685953;255;Pix
2025-07-02T15:05:00.000Z;ENTRADA;Venda;Venda #685953;255;Pix
2025-07-01T22:43:00.000Z;ENTRADA;Venda;Venda #685953;85;Pix
2025-07-01T21:20:00.000Z;ENTRADA;Venda;Venda #685953;360;Pix
2025-07-01T19:11:00.000Z;ENTRADA;Venda;Venda #685953;45;Pix
2025-07-01T19:04:00.000Z;ENTRADA;Venda;Venda #685953;8;Pix
2025-07-01T19:02:00.000Z;ENTRADA;Venda;Venda #685953;8;Pix
2025-07-01T18:19:00.000Z;ENTRADA;Venda;Venda #685953;255;Pix
2025-07-01T17:17:00.000Z;ENTRADA;Venda;Venda #685953;85;Pix
2025-07-01T15:40:00.000Z;ENTRADA;Venda;Venda #685953;170;Pix
2025-07-01T15:13:00.000Z;ENTRADA;Venda;Venda #685953;120;Pix
2025-06-30T22:27:00.000Z;ENTRADA;Venda;Venda #685953;255;Pix
2025-06-30T21:11:00.000Z;ENTRADA;Venda;Venda #685953;360;Pix
2025-06-30T19:46:00.000Z;ENTRADA;Venda;Venda #685953;255;Pix
2025-06-30T18:32:00.000Z;ENTRADA;Venda;Venda #685953;240;Pix
2025-06-30T17:00:00.000Z;ENTRADA;Venda;Venda #685953;24;Pix
2025-06-30T03:00:00.000Z;SAÍDA;DESPESAS OPERACIONAIS;Compra de Insumos Reposição;-1989.7832416431554;Dinheiro/Banco
2025-06-27T22:56:00.000Z;ENTRADA;Venda;Venda #685953;170;Pix
2025-06-27T21:57:00.000Z;ENTRADA;Venda;Venda #685953;240;Pix
2025-06-27T21:36:00.000Z;ENTRADA;Venda;Venda #685953;85;Pix
2025-06-27T20:55:00.000Z;ENTRADA;Venda;Venda #685953;45;Pix
2025-06-27T19:57:00.000Z;ENTRADA;Venda;Venda #685953;45;Pix
2025-06-27T18:51:00.000Z;ENTRADA;Venda;Venda #685953;360;Pix
2025-06-27T18:00:00.000Z;ENTRADA;Venda;Venda #685953;24;Pix
2025-06-27T17:16:00.000Z;ENTRADA;Venda;Venda #685953;45;Pix
2025-06-27T15:53:00.000Z;ENTRADA;Venda;Venda #685953;24;Pix
2025-06-27T15:08:00.000Z;ENTRADA;Venda;Venda #685953;24;Pix
2025-06-27T15:06:00.000Z;ENTRADA;Venda;Venda #685953;45;Pix
2025-06-27T03:00:00.000Z;SAÍDA;DESPESAS OPERACIONAIS;Compra de Insumos Reposição;-1562.1298267125674;Dinheiro/Banco
2025-06-26T22:13:00.000Z;ENTRADA;Venda;Venda #685953;135;Pix
2025-06-26T22:06:00.000Z;ENTRADA;Venda;Venda #685953;360;Pix
2025-06-26T20:46:00.000Z;ENTRADA;Venda;Venda #685953;24;Pix
2025-06-26T20:11:00.000Z;ENTRADA;Venda;Venda #685953;16;Pix
2025-06-26T19:49:00.000Z;ENTRADA;Venda;Venda #685953;360;Pix
2025-06-26T19:34:00.000Z;ENTRADA;Venda;Venda #685953;90;Pix
2025-06-26T18:04:00.000Z;ENTRADA;Venda;Venda #685953;85;Pix
2025-06-25T21:10:00.000Z;ENTRADA;Venda;Venda #685953;45;Pix
2025-06-25T18:46:00.000Z;ENTRADA;Venda;Venda #685953;16;Pix
2025-06-25T18:10:00.000Z;ENTRADA;Venda;Venda #685953;240;Pix
2025-06-25T17:25:00.000Z;ENTRADA;Venda;Venda #685953;240;Pix
2025-06-25T17:13:00.000Z;ENTRADA;Venda;Venda #685953;85;Pix
2025-06-25T16:28:00.000Z;ENTRADA;Venda;Venda #685953;255;Pix
2025-06-25T15:29:00.000Z;ENTRADA;Venda;Venda #685953;255;Pix
2025-06-24T22:26:00.000Z;ENTRADA;Venda;Venda #685953;120;Pix
2025-06-24T22:25:00.000Z;ENTRADA;Venda;Venda #685953;170;Pix
2025-06-24T19:00:00.000Z;ENTRADA;Venda;Venda #685953;135;Pix
2025-06-24T17:10:00.000Z;ENTRADA;Venda;Venda #685953;170;Pix
2025-06-24T17:05:00.000Z;ENTRADA;Venda;Venda #685953;16;Pix
2025-06-24T16:23:00.000Z;ENTRADA;Venda;Venda #685953;360;Pix
2025-06-24T16:13:00.000Z;ENTRADA;Venda;Venda #685953;120;Pix
2025-06-24T15:44:00.000Z;ENTRADA;Venda;Venda #685953;16;Pix
2025-06-24T03:00:00.000Z;SAÍDA;DESPESAS OPERACIONAIS;Compra de Insumos Reposição;-2453.2325085419034;Dinheiro/Banco
2025-06-23T22:51:00.000Z;ENTRADA;Venda;Venda #685953;135;Pix
2025-06-23T22:48:00.000Z;ENTRADA;Venda;Venda #685953;360;Pix
2025-06-23T22:01:00.000Z;ENTRADA;Venda;Venda #685953;24;Pix
2025-06-23T22:00:00.000Z;ENTRADA;Venda;Venda #685953;255;Pix
2025-06-23T21:42:00.000Z;ENTRADA;Venda;Venda #685953;85;Pix
2025-06-23T21:19:00.000Z;ENTRADA;Venda;Venda #685953;8;Pix
2025-06-23T16:31:00.000Z;ENTRADA;Venda;Venda #685953;16;Pix
2025-06-23T16:16:00.000Z;ENTRADA;Venda;Venda #685953;360;Pix
2025-06-23T15:27:00.000Z;ENTRADA;Venda;Venda #685953;45;Pix
2025-06-21T03:00:00.000Z;SAÍDA;DESPESAS OPERACIONAIS;Compra de Insumos Reposição;-2223.6631461515112;Dinheiro/Banco
2025-06-20T22:15:00.000Z;ENTRADA;Venda;Venda #685953;8;Pix
2025-06-20T20:49:00.000Z;ENTRADA;Venda;Venda #685953;120;Pix
2025-06-20T19:55:00.000Z;ENTRADA;Venda;Venda #685953;240;Pix
2025-06-20T18:30:00.000Z;ENTRADA;Venda;Venda #685953;170;Pix
2025-06-20T17:46:00.000Z;ENTRADA;Venda;Venda #685953;85;Pix
2025-06-20T17:16:00.000Z;ENTRADA;Venda;Venda #685953;45;Pix
2025-06-20T16:45:00.000Z;ENTRADA;Venda;Venda #685953;255;Pix
2025-06-20T15:28:00.000Z;ENTRADA;Venda;Venda #685953;90;Pix
2025-06-20T15:18:00.000Z;ENTRADA;Venda;Venda #685953;90;Pix
2025-06-19T22:39:00.000Z;ENTRADA;Venda;Venda #685953;8;Pix
2025-06-19T22:36:00.000Z;ENTRADA;Venda;Venda #685953;255;Pix
2025-06-19T22:02:00.000Z;ENTRADA;Venda;Venda #685953;135;Pix
2025-06-19T21:08:00.000Z;ENTRADA;Venda;Venda #685953;24;Pix
2025-06-19T19:20:00.000Z;ENTRADA;Venda;Venda #685953;135;Pix
2025-06-19T19:01:00.000Z;ENTRADA;Venda;Venda #685953;135;Pix
2025-06-19T18:21:00.000Z;ENTRADA;Venda;Venda #685953;8;Pix
2025-06-19T17:39:00.000Z;ENTRADA;Venda;Venda #685953;45;Pix
2025-06-19T16:54:00.000Z;ENTRADA;Venda;Venda #685953;135;Pix
2025-06-19T16:31:00.000Z;ENTRADA;Venda;Venda #685953;90;Pix
2025-06-19T16:16:00.000Z;ENTRADA;Venda;Venda #685953;240;Pix
2025-06-18T22:45:00.000Z;ENTRADA;Venda;Venda #685953;360;Pix
2025-06-18T21:17:00.000Z;ENTRADA;Venda;Venda #685953;24;Pix
2025-06-18T20:30:00.000Z;ENTRADA;Venda;Venda #685953;8;Pix
2025-06-18T20:28:00.000Z;ENTRADA;Venda;Venda #685953;120;Pix
2025-06-18T17:44:00.000Z;ENTRADA;Venda;Venda #685953;240;Pix
2025-06-18T17:29:00.000Z;ENTRADA;Venda;Venda #685953;85;Pix
2025-06-18T17:23:00.000Z;ENTRADA;Venda;Venda #685953;240;Pix
2025-06-18T16:44:00.000Z;ENTRADA;Venda;Venda #685953;85;Pix
2025-06-18T16:43:00.000Z;ENTRADA;Venda;Venda #685953;170;Pix
2025-06-18T16:30:00.000Z;ENTRADA;Venda;Venda #685953;85;Pix
2025-06-18T03:00:00.000Z;SAÍDA;DESPESAS OPERACIONAIS;Compra de Insumos Reposição;-1663.8410748838644;Dinheiro/Banco
2025-06-17T22:37:00.000Z;ENTRADA;Venda;Venda #685953;135;Pix
2025-06-17T22:24:00.000Z;ENTRADA;Venda;Venda #685953;240;Pix
2025-06-17T22:08:00.000Z;ENTRADA;Venda;Venda #685953;85;Pix
2025-06-17T19:57:00.000Z;ENTRADA;Venda;Venda #685953;135;Pix
2025-06-17T19:37:00.000Z;ENTRADA;Venda;Venda #685953;8;Pix
2025-06-17T17:46:00.000Z;ENTRADA;Venda;Venda #685953;255;Pix
2025-06-17T17:10:00.000Z;ENTRADA;Venda;Venda #685953;8;Pix
2025-06-17T16:51:00.000Z;ENTRADA;Venda;Venda #685953;120;Pix
2025-06-17T16:38:00.000Z;ENTRADA;Venda;Venda #685953;16;Pix
2025-06-17T16:02:00.000Z;ENTRADA;Venda;Venda #685953;120;Pix
2025-06-17T15:28:00.000Z;ENTRADA;Venda;Venda #685953;170;Pix
2025-06-16T21:46:00.000Z;ENTRADA;Venda;Venda #685953;170;Pix
2025-06-16T21:05:00.000Z;ENTRADA;Venda;Venda #685953;16;Pix
2025-06-16T21:01:00.000Z;ENTRADA;Venda;Venda #685953;135;Pix
2025-06-16T20:36:00.000Z;ENTRADA;Venda;Venda #685953;24;Pix
2025-06-16T19:26:00.000Z;ENTRADA;Venda;Venda #685953;16;Pix
2025-06-16T19:05:00.000Z;ENTRADA;Venda;Venda #685953;120;Pix
2025-06-16T19:05:00.000Z;ENTRADA;Venda;Venda #685953;8;Pix
2025-06-16T18:57:00.000Z;ENTRADA;Venda;Venda #685953;255;Pix
2025-06-16T18:27:00.000Z;ENTRADA;Venda;Venda #685953;45;Pix
2025-06-16T17:28:00.000Z;ENTRADA;Venda;Venda #685953;90;Pix
2025-06-16T15:18:00.000Z;ENTRADA;Venda;Venda #685953;85;Pix
2025-06-16T15:14:00.000Z;ENTRADA;Venda;Venda #685953;170;Pix
2025-06-15T03:00:00.000Z;SAÍDA;DESPESAS OPERACIONAIS;Compra de Insumos Reposição;-1530.1310332060737;Dinheiro/Banco
2025-06-13T19:48:00.000Z;ENTRADA;Venda;Venda #685953;90;Pix
2025-06-13T18:35:00.000Z;ENTRADA;Venda;Venda #685953;8;Pix
2025-06-13T18:22:00.000Z;ENTRADA;Venda;Venda #685953;16;Pix
2025-06-13T17:01:00.000Z;ENTRADA;Venda;Venda #685953;135;Pix
2025-06-13T16:53:00.000Z;ENTRADA;Venda;Venda #685953;240;Pix
2025-06-13T16:43:00.000Z;ENTRADA;Venda;Venda #685953;24;Pix
2025-06-13T16:40:00.000Z;ENTRADA;Venda;Venda #685953;240;Pix
2025-06-13T15:41:00.000Z;ENTRADA;Venda;Venda #685953;90;Pix
2025-06-13T15:39:00.000Z;ENTRADA;Venda;Venda #685953;90;Pix
2025-06-13T15:30:00.000Z;ENTRADA;Venda;Venda #685953;135;Pix
2025-06-12T22:19:00.000Z;ENTRADA;Venda;Venda #685953;90;Pix
2025-06-12T21:27:00.000Z;ENTRADA;Venda;Venda #685953;8;Pix
2025-06-12T21:20:00.000Z;ENTRADA;Venda;Venda #685953;360;Pix
2025-06-12T20:51:00.000Z;ENTRADA;Venda;Venda #685953;240;Pix
2025-06-12T20:07:00.000Z;ENTRADA;Venda;Venda #685953;45;Pix
2025-06-12T20:04:00.000Z;ENTRADA;Venda;Venda #685953;170;Pix
2025-06-12T19:03:00.000Z;ENTRADA;Venda;Venda #685953;24;Pix
2025-06-12T18:24:00.000Z;ENTRADA;Venda;Venda #685953;170;Pix
2025-06-12T15:11:00.000Z;ENTRADA;Venda;Venda #685953;8;Pix
2025-06-12T03:00:00.000Z;SAÍDA;DESPESAS OPERACIONAIS;Compra de Insumos Reposição;-1816.222691044577;Dinheiro/Banco
2025-06-11T22:12:00.000Z;ENTRADA;Venda;Venda #685953;360;Pix
2025-06-11T21:30:00.000Z;ENTRADA;Venda;Venda #685953;45;Pix
2025-06-11T20:33:00.000Z;ENTRADA;Venda;Venda #685953;240;Pix
2025-06-11T19:55:00.000Z;ENTRADA;Venda;Venda #685953;90;Pix
2025-06-11T19:27:00.000Z;ENTRADA;Venda;Venda #685953;24;Pix
2025-06-11T17:35:00.000Z;ENTRADA;Venda;Venda #685953;360;Pix
2025-06-10T22:14:00.000Z;ENTRADA;Venda;Venda #685953;120;Pix
2025-06-10T21:55:00.000Z;ENTRADA;Venda;Venda #685953;8;Pix
2025-06-10T21:33:00.000Z;ENTRADA;Venda;Venda #685953;8;Pix
2025-06-10T21:02:00.000Z;ENTRADA;Venda;Venda #685953;90;Pix
2025-06-10T20:16:00.000Z;ENTRADA;Venda;Venda #685953;255;Pix
2025-06-10T19:48:00.000Z;ENTRADA;Venda;Venda #685953;120;Pix
2025-06-10T17:56:00.000Z;ENTRADA;Venda;Venda #685953;135;Pix
2025-06-10T17:49:00.000Z;ENTRADA;Venda;Venda #685953;255;Pix
2025-06-10T16:34:00.000Z;ENTRADA;Venda;Venda #685953;85;Pix
2025-06-09T22:05:00.000Z;ENTRADA;Venda;Venda #685953;255;Pix
2025-06-09T21:39:00.000Z;ENTRADA;Venda;Venda #685953;360;Pix
2025-06-09T21:30:00.000Z;ENTRADA;Venda;Venda #685953;45;Pix
2025-06-09T20:49:00.000Z;ENTRADA;Venda;Venda #685953;8;Pix
2025-06-09T19:31:00.000Z;ENTRADA;Venda;Venda #685953;85;Pix
2025-06-09T17:47:00.000Z;ENTRADA;Venda;Venda #685953;255;Pix
2025-06-09T17:13:00.000Z;ENTRADA;Venda;Venda #685953;170;Pix
2025-06-09T16:20:00.000Z;ENTRADA;Venda;Venda #685953;45;Pix
2025-06-09T16:04:00.000Z;ENTRADA;Venda;Venda #685953;85;Pix
2025-06-09T03:00:00.000Z;SAÍDA;DESPESAS OPERACIONAIS;Compra de Insumos Reposição;-2225.9836182067183;Dinheiro/Banco
2025-06-06T22:12:00.000Z;ENTRADA;Venda;Venda #685953;90;Pix
2025-06-06T21:58:00.000Z;ENTRADA;Venda;Venda #685953;135;Pix
2025-06-06T18:30:00.000Z;ENTRADA;Venda;Venda #685953;170;Pix
2025-06-06T18:06:00.000Z;ENTRADA;Venda;Venda #685953;24;Pix
2025-06-06T18:04:00.000Z;ENTRADA;Venda;Venda #685953;8;Pix
2025-06-06T17:53:00.000Z;ENTRADA;Venda;Venda #685953;85;Pix
2025-06-06T17:23:00.000Z;ENTRADA;Venda;Venda #685953;85;Pix
2025-06-06T17:18:00.000Z;ENTRADA;Venda;Venda #685953;135;Pix
2025-06-06T16:51:00.000Z;ENTRADA;Venda;Venda #685953;90;Pix
2025-06-06T16:12:00.000Z;ENTRADA;Venda;Venda #685953;8;Pix
2025-06-06T15:45:00.000Z;ENTRADA;Venda;Venda #685953;255;Pix
2025-06-06T03:00:00.000Z;SAÍDA;DESPESAS OPERACIONAIS;Compra de Insumos Reposição;-2197.464621228568;Dinheiro/Banco
2025-06-05T21:57:00.000Z;ENTRADA;Venda;Venda #685953;45;Pix
2025-06-05T21:34:00.000Z;ENTRADA;Venda;Venda #685953;45;Pix
2025-06-05T20:49:00.000Z;ENTRADA;Venda;Venda #685953;90;Pix
2025-06-05T18:50:00.000Z;ENTRADA;Venda;Venda #685953;90;Pix
2025-06-05T17:04:00.000Z;ENTRADA;Venda;Venda #685953;120;Pix
2025-06-05T16:55:00.000Z;ENTRADA;Venda;Venda #685953;120;Pix
2025-06-05T16:05:00.000Z;ENTRADA;Venda;Venda #685953;255;Pix
2025-06-05T15:55:00.000Z;ENTRADA;Venda;Venda #685953;120;Pix
2025-06-05T15:33:00.000Z;ENTRADA;Venda;Venda #685953;240;Pix
2025-06-04T22:39:00.000Z;ENTRADA;Venda;Venda #685953;120;Pix
2025-06-04T22:18:00.000Z;ENTRADA;Venda;Venda #685953;45;Pix
2025-06-04T22:00:00.000Z;ENTRADA;Venda;Venda #685953;16;Pix
2025-06-04T21:37:00.000Z;ENTRADA;Venda;Venda #685953;45;Pix
2025-06-04T21:27:00.000Z;ENTRADA;Venda;Venda #685953;170;Pix
2025-06-04T21:12:00.000Z;ENTRADA;Venda;Venda #685953;90;Pix
2025-06-04T20:41:00.000Z;ENTRADA;Venda;Venda #685953;85;Pix
2025-06-04T20:34:00.000Z;ENTRADA;Venda;Venda #685953;360;Pix
2025-06-04T18:41:00.000Z;ENTRADA;Venda;Venda #685953;85;Pix
2025-06-04T16:48:00.000Z;ENTRADA;Venda;Venda #685953;85;Pix
2025-06-04T15:12:00.000Z;ENTRADA;Venda;Venda #685953;16;Pix
2025-06-04T15:04:00.000Z;ENTRADA;Venda;Venda #685953;8;Pix
2025-06-03T22:23:00.000Z;ENTRADA;Venda;Venda #685953;240;Pix
2025-06-03T22:07:00.000Z;ENTRADA;Venda;Venda #685953;90;Pix
2025-06-03T20:48:00.000Z;ENTRADA;Venda;Venda #685953;255;Pix
2025-06-03T18:45:00.000Z;ENTRADA;Venda;Venda #685953;255;Pix
2025-06-03T16:10:00.000Z;ENTRADA;Venda;Venda #685953;240;Pix
2025-06-03T15:31:00.000Z;ENTRADA;Venda;Venda #685953;170;Pix
2025-06-03T03:00:00.000Z;SAÍDA;DESPESAS OPERACIONAIS;Compra de Insumos Reposição;-2459.1123528369408;Dinheiro/Banco
2025-06-02T22:52:00.000Z;ENTRADA;Venda;Venda #685953;240;Pix
2025-06-02T21:07:00.000Z;ENTRADA;Venda;Venda #685953;255;Pix
2025-06-02T20:25:00.000Z;ENTRADA;Venda;Venda #685953;85;Pix
2025-06-02T20:25:00.000Z;ENTRADA;Venda;Venda #685953;85;Pix
2025-06-02T20:20:00.000Z;ENTRADA;Venda;Venda #685953;8;Pix
2025-06-02T20:05:00.000Z;ENTRADA;Venda;Venda #685953;16;Pix
2025-06-02T19:00:00.000Z;ENTRADA;Venda;Venda #685953;240;Pix
2025-06-02T16:52:00.000Z;ENTRADA;Venda;Venda #685953;360;Pix
2025-06-02T15:10:00.000Z;ENTRADA;Venda;Venda #685953;24;Pix
2025-05-30T22:39:00.000Z;ENTRADA;Venda;Venda #685953;8;Pix
2025-05-30T22:34:00.000Z;ENTRADA;Venda;Venda #685953;45;Pix
2025-05-30T22:07:00.000Z;ENTRADA;Venda;Venda #685953;170;Pix
2025-05-30T21:42:00.000Z;ENTRADA;Venda;Venda #685953;24;Pix
2025-05-30T20:15:00.000Z;ENTRADA;Venda;Venda #685953;360;Pix
2025-05-30T19:45:00.000Z;ENTRADA;Venda;Venda #685953;135;Pix
2025-05-30T19:07:00.000Z;ENTRADA;Venda;Venda #685953;16;Pix
2025-05-30T17:05:00.000Z;ENTRADA;Venda;Venda #685953;90;Pix
2025-05-30T17:02:00.000Z;ENTRADA;Venda;Venda #685953;240;Pix
2025-05-30T16:47:00.000Z;ENTRADA;Venda;Venda #685953;24;Pix
2025-05-30T16:28:00.000Z;ENTRADA;Venda;Venda #685953;16;Pix
2025-05-30T03:00:00.000Z;SAÍDA;DESPESAS OPERACIONAIS;Compra de Insumos Reposição;-2221.4010514620218;Dinheiro/Banco
2025-05-29T22:18:00.000Z;ENTRADA;Venda;Venda #685953;85;Pix
2025-05-29T22:03:00.000Z;ENTRADA;Venda;Venda #685953;85;Pix
2025-05-29T22:03:00.000Z;ENTRADA;Venda;Venda #685953;45;Pix
2025-05-29T21:44:00.000Z;ENTRADA;Venda;Venda #685953;90;Pix
2025-05-29T21:39:00.000Z;ENTRADA;Venda;Venda #685953;170;Pix
2025-05-29T20:14:00.000Z;ENTRADA;Venda;Venda #685953;24;Pix
2025-05-29T19:41:00.000Z;ENTRADA;Venda;Venda #685953;85;Pix
2025-05-29T19:15:00.000Z;ENTRADA;Venda;Venda #685953;24;Pix
2025-05-29T18:36:00.000Z;ENTRADA;Venda;Venda #685953;120;Pix
2025-05-29T18:08:00.000Z;ENTRADA;Venda;Venda #685953;85;Pix
2025-05-29T18:00:00.000Z;ENTRADA;Venda;Venda #685953;120;Pix
2025-05-29T17:29:00.000Z;ENTRADA;Venda;Venda #685953;16;Pix
2025-05-29T16:15:00.000Z;ENTRADA;Venda;Venda #685953;240;Pix
2025-05-29T16:00:00.000Z;ENTRADA;Venda;Venda #685953;45;Pix
2025-05-28T21:49:00.000Z;ENTRADA;Venda;Venda #685953;45;Pix
2025-05-28T21:48:00.000Z;ENTRADA;Venda;Venda #685953;8;Pix
2025-05-28T21:41:00.000Z;ENTRADA;Venda;Venda #685953;90;Pix
2025-05-28T20:11:00.000Z;ENTRADA;Venda;Venda #685953;135;Pix
2025-05-28T19:58:00.000Z;ENTRADA;Venda;Venda #685953;16;Pix
2025-05-28T19:09:00.000Z;ENTRADA;Venda;Venda #685953;85;Pix
2025-05-28T18:13:00.000Z;ENTRADA;Venda;Venda #685953;45;Pix
2025-05-28T17:44:00.000Z;ENTRADA;Venda;Venda #685953;240;Pix
2025-05-28T16:12:00.000Z;ENTRADA;Venda;Venda #685953;360;Pix
2025-05-28T15:54:00.000Z;ENTRADA;Venda;Venda #685953;16;Pix
2025-05-28T15:46:00.000Z;ENTRADA;Venda;Venda #685953;45;Pix
2025-05-28T15:11:00.000Z;ENTRADA;Venda;Venda #685953;8;Pix
2025-05-27T22:11:00.000Z;ENTRADA;Venda;Venda #685953;90;Pix
2025-05-27T21:49:00.000Z;ENTRADA;Venda;Venda #685953;360;Pix
2025-05-27T21:35:00.000Z;ENTRADA;Venda;Venda #685953;240;Pix
2025-05-27T21:30:00.000Z;ENTRADA;Venda;Venda #685953;135;Pix
2025-05-27T20:40:00.000Z;ENTRADA;Venda;Venda #685953;85;Pix
2025-05-27T16:05:00.000Z;ENTRADA;Venda;Venda #685953;24;Pix
2025-05-27T15:32:00.000Z;ENTRADA;Venda;Venda #685953;170;Pix
2025-05-27T03:00:00.000Z;SAÍDA;DESPESAS OPERACIONAIS;Compra de Insumos Reposição;-1778.344316005887;Dinheiro/Banco
2025-05-26T22:31:00.000Z;ENTRADA;Venda;Venda #685953;120;Pix
2025-05-26T21:45:00.000Z;ENTRADA;Venda;Venda #685953;8;Pix
2025-05-26T21:16:00.000Z;ENTRADA;Venda;Venda #685953;255;Pix
2025-05-26T19:55:00.000Z;ENTRADA;Venda;Venda #685953;360;Pix
2025-05-26T18:44:00.000Z;ENTRADA;Venda;Venda #685953;255;Pix
2025-05-26T18:32:00.000Z;ENTRADA;Venda;Venda #685953;135;Pix
2025-05-24T03:00:00.000Z;SAÍDA;DESPESAS OPERACIONAIS;Compra de Insumos Reposição;-1875.940148586266;Dinheiro/Banco
2025-05-23T21:13:00.000Z;ENTRADA;Venda;Venda #685953;135;Pix
2025-05-23T19:43:00.000Z;ENTRADA;Venda;Venda #685953;135;Pix
2025-05-23T19:36:00.000Z;ENTRADA;Venda;Venda #685953;135;Pix
2025-05-23T18:37:00.000Z;ENTRADA;Venda;Venda #685953;255;Pix
2025-05-23T17:52:00.000Z;ENTRADA;Venda;Venda #685953;90;Pix
2025-05-23T17:04:00.000Z;ENTRADA;Venda;Venda #685953;360;Pix
2025-05-22T22:55:00.000Z;ENTRADA;Venda;Venda #685953;8;Pix
2025-05-22T22:25:00.000Z;ENTRADA;Venda;Venda #685953;240;Pix
2025-05-22T21:39:00.000Z;ENTRADA;Venda;Venda #685953;90;Pix
2025-05-22T21:36:00.000Z;ENTRADA;Venda;Venda #685953;45;Pix
2025-05-22T21:36:00.000Z;ENTRADA;Venda;Venda #685953;16;Pix
2025-05-22T20:35:00.000Z;ENTRADA;Venda;Venda #685953;8;Pix
2025-05-22T20:18:00.000Z;ENTRADA;Venda;Venda #685953;8;Pix
2025-05-22T19:43:00.000Z;ENTRADA;Venda;Venda #685953;135;Pix
2025-05-22T17:32:00.000Z;ENTRADA;Venda;Venda #685953;24;Pix
2025-05-22T16:10:00.000Z;ENTRADA;Venda;Venda #685953;170;Pix
2025-05-22T15:46:00.000Z;ENTRADA;Venda;Venda #685953;255;Pix
2025-05-22T15:35:00.000Z;ENTRADA;Venda;Venda #685953;170;Pix
2025-05-22T15:33:00.000Z;ENTRADA;Venda;Venda #685953;85;Pix
2025-05-21T22:46:00.000Z;ENTRADA;Venda;Venda #685953;240;Pix
2025-05-21T20:23:00.000Z;ENTRADA;Venda;Venda #685953;8;Pix
2025-05-21T20:10:00.000Z;ENTRADA;Venda;Venda #685953;135;Pix
2025-05-21T19:15:00.000Z;ENTRADA;Venda;Venda #685953;8;Pix
2025-05-21T17:27:00.000Z;ENTRADA;Venda;Venda #685953;45;Pix
2025-05-21T17:02:00.000Z;ENTRADA;Venda;Venda #685953;120;Pix
2025-05-21T16:32:00.000Z;ENTRADA;Venda;Venda #685953;85;Pix
2025-05-21T15:45:00.000Z;ENTRADA;Venda;Venda #685953;45;Pix
2025-05-21T15:42:00.000Z;ENTRADA;Venda;Venda #685953;240;Pix
2025-05-21T15:33:00.000Z;ENTRADA;Venda;Venda #685953;24;Pix
2025-05-21T15:24:00.000Z;ENTRADA;Venda;Venda #685953;240;Pix
2025-05-21T03:00:00.000Z;SAÍDA;DESPESAS OPERACIONAIS;Compra de Insumos Reposição;-1991.5256329239407;Dinheiro/Banco
2025-05-20T22:49:00.000Z;ENTRADA;Venda;Venda #685953;240;Pix
2025-05-20T22:05:00.000Z;ENTRADA;Venda;Venda #685953;90;Pix
2025-05-20T21:40:00.000Z;ENTRADA;Venda;Venda #685953;360;Pix
2025-05-20T20:40:00.000Z;ENTRADA;Venda;Venda #685953;85;Pix
2025-05-20T19:48:00.000Z;ENTRADA;Venda;Venda #685953;135;Pix
2025-05-20T18:46:00.000Z;ENTRADA;Venda;Venda #685953;240;Pix
2025-05-20T18:17:00.000Z;ENTRADA;Venda;Venda #685953;8;Pix
2025-05-20T17:06:00.000Z;ENTRADA;Venda;Venda #685953;120;Pix
2025-05-19T22:41:00.000Z;ENTRADA;Venda;Venda #685953;85;Pix
2025-05-19T22:16:00.000Z;ENTRADA;Venda;Venda #685953;240;Pix
2025-05-19T22:16:00.000Z;ENTRADA;Venda;Venda #685953;8;Pix
2025-05-19T22:12:00.000Z;ENTRADA;Venda;Venda #685953;360;Pix
2025-05-19T20:57:00.000Z;ENTRADA;Venda;Venda #685953;120;Pix
2025-05-19T19:37:00.000Z;ENTRADA;Venda;Venda #685953;45;Pix
2025-05-19T17:23:00.000Z;ENTRADA;Venda;Venda #685953;255;Pix
2025-05-19T17:00:00.000Z;ENTRADA;Venda;Venda #685953;170;Pix
2025-05-19T16:45:00.000Z;ENTRADA;Venda;Venda #685953;8;Pix
2025-05-19T15:25:00.000Z;ENTRADA;Venda;Venda #685953;24;Pix
2025-05-18T03:00:00.000Z;SAÍDA;DESPESAS OPERACIONAIS;Compra de Insumos Reposição;-2098.8500835271343;Dinheiro/Banco
2025-05-16T22:24:00.000Z;ENTRADA;Venda;Venda #685953;16;Pix
2025-05-16T21:14:00.000Z;ENTRADA;Venda;Venda #685953;240;Pix
2025-05-16T20:09:00.000Z;ENTRADA;Venda;Venda #685953;24;Pix
2025-05-16T19:53:00.000Z;ENTRADA;Venda;Venda #685953;360;Pix
2025-05-16T18:43:00.000Z;ENTRADA;Venda;Venda #685953;8;Pix
2025-05-16T18:23:00.000Z;ENTRADA;Venda;Venda #685953;45;Pix
2025-05-16T18:09:00.000Z;ENTRADA;Venda;Venda #685953;120;Pix
2025-05-16T17:22:00.000Z;ENTRADA;Venda;Venda #685953;120;Pix
2025-05-16T17:21:00.000Z;ENTRADA;Venda;Venda #685953;45;Pix
2025-05-16T17:12:00.000Z;ENTRADA;Venda;Venda #685953;16;Pix
2025-05-16T15:41:00.000Z;ENTRADA;Venda;Venda #685953;85;Pix
2025-05-15T22:27:00.000Z;ENTRADA;Venda;Venda #685953;85;Pix
2025-05-15T22:19:00.000Z;ENTRADA;Venda;Venda #685953;135;Pix
2025-05-15T19:37:00.000Z;ENTRADA;Venda;Venda #685953;24;Pix
2025-05-15T18:46:00.000Z;ENTRADA;Venda;Venda #685953;90;Pix
2025-05-15T18:06:00.000Z;ENTRADA;Venda;Venda #685953;135;Pix
2025-05-15T18:03:00.000Z;ENTRADA;Venda;Venda #685953;240;Pix
2025-05-15T17:54:00.000Z;ENTRADA;Venda;Venda #685953;255;Pix
2025-05-15T15:44:00.000Z;ENTRADA;Venda;Venda #685953;170;Pix
2025-05-15T15:13:00.000Z;ENTRADA;Venda;Venda #685953;135;Pix
2025-05-15T03:00:00.000Z;SAÍDA;DESPESAS OPERACIONAIS;Compra de Insumos Reposição;-2432.842588507764;Dinheiro/Banco
2025-05-14T22:01:00.000Z;ENTRADA;Venda;Venda #685953;24;Pix
2025-05-14T21:54:00.000Z;ENTRADA;Venda;Venda #685953;255;Pix
2025-05-14T20:41:00.000Z;ENTRADA;Venda;Venda #685953;85;Pix
2025-05-14T19:46:00.000Z;ENTRADA;Venda;Venda #685953;240;Pix
2025-05-14T18:46:00.000Z;ENTRADA;Venda;Venda #685953;8;Pix
2025-05-14T18:09:00.000Z;ENTRADA;Venda;Venda #685953;85;Pix
2025-05-14T17:32:00.000Z;ENTRADA;Venda;Venda #685953;16;Pix
2025-05-14T16:25:00.000Z;ENTRADA;Venda;Venda #685953;16;Pix
2025-05-14T16:09:00.000Z;ENTRADA;Venda;Venda #685953;135;Pix
2025-05-14T15:34:00.000Z;ENTRADA;Venda;Venda #685953;24;Pix
2025-05-14T15:34:00.000Z;ENTRADA;Venda;Venda #685953;255;Pix
2025-05-14T15:32:00.000Z;ENTRADA;Venda;Venda #685953;85;Pix
2025-05-13T22:16:00.000Z;ENTRADA;Venda;Venda #685953;255;Pix
2025-05-13T18:55:00.000Z;ENTRADA;Venda;Venda #685953;120;Pix
2025-05-13T18:53:00.000Z;ENTRADA;Venda;Venda #685953;85;Pix
2025-05-13T17:01:00.000Z;ENTRADA;Venda;Venda #685952;255;Pix
2025-05-13T15:15:00.000Z;ENTRADA;Venda;Venda #685953;360;Pix
2025-05-12T22:40:00.000Z;ENTRADA;Venda;Venda #685952;8;Pix
2025-05-12T22:22:00.000Z;ENTRADA;Venda;Venda #685952;255;Pix
2025-05-12T21:20:00.000Z;ENTRADA;Venda;Venda #685952;135;Pix
2025-05-12T20:55:00.000Z;ENTRADA;Venda;Venda #685952;240;Pix
2025-05-12T19:47:00.000Z;ENTRADA;Venda;Venda #685952;24;Pix
2025-05-12T17:45:00.000Z;ENTRADA;Venda;Venda #685952;8;Pix
2025-05-12T16:33:00.000Z;ENTRADA;Venda;Venda #685952;360;Pix
2025-05-12T15:57:00.000Z;ENTRADA;Venda;Venda #685952;45;Pix
2025-05-12T03:00:00.000Z;SAÍDA;DESPESAS OPERACIONAIS;Compra de Insumos Reposição;-2248.063660199852;Dinheiro/Banco
2025-05-09T22:58:00.000Z;ENTRADA;Venda;Venda #685952;135;Pix
2025-05-09T22:53:00.000Z;ENTRADA;Venda;Venda #685952;120;Pix
2025-05-09T21:52:00.000Z;ENTRADA;Venda;Venda #685952;360;Pix
2025-05-09T18:12:00.000Z;ENTRADA;Venda;Venda #685952;135;Pix
2025-05-09T15:30:00.000Z;ENTRADA;Venda;Venda #685952;255;Pix
2025-05-09T15:02:00.000Z;ENTRADA;Venda;Venda #685952;170;Pix
2025-05-09T03:00:00.000Z;SAÍDA;DESPESAS OPERACIONAIS;Compra de Insumos Reposição;-2022.1837396591382;Dinheiro/Banco
2025-05-08T20:44:00.000Z;ENTRADA;Venda;Venda #685952;85;Pix
2025-05-08T20:37:00.000Z;ENTRADA;Venda;Venda #685952;120;Pix
2025-05-08T18:40:00.000Z;ENTRADA;Venda;Venda #685952;255;Pix
2025-05-08T18:27:00.000Z;ENTRADA;Venda;Venda #685952;170;Pix
2025-05-08T17:43:00.000Z;ENTRADA;Venda;Venda #685952;90;Pix
2025-05-08T17:28:00.000Z;ENTRADA;Venda;Venda #685952;120;Pix
2025-05-08T17:21:00.000Z;ENTRADA;Venda;Venda #685952;170;Pix
2025-05-08T17:17:00.000Z;ENTRADA;Venda;Venda #685952;120;Pix
2025-05-08T16:12:00.000Z;ENTRADA;Venda;Venda #685952;24;Pix
2025-05-08T15:56:00.000Z;ENTRADA;Venda;Venda #685952;24;Pix
2025-05-08T15:31:00.000Z;ENTRADA;Venda;Venda #685952;8;Pix
2025-05-07T22:22:00.000Z;ENTRADA;Venda;Venda #685952;120;Pix
2025-05-07T22:14:00.000Z;ENTRADA;Venda;Venda #685952;24;Pix
2025-05-07T22:00:00.000Z;ENTRADA;Venda;Venda #685952;120;Pix
2025-05-07T19:38:00.000Z;ENTRADA;Venda;Venda #685952;85;Pix
2025-05-07T19:16:00.000Z;ENTRADA;Venda;Venda #685952;360;Pix
2025-05-07T18:22:00.000Z;ENTRADA;Venda;Venda #685952;255;Pix
2025-05-07T18:13:00.000Z;ENTRADA;Venda;Venda #685952;45;Pix
2025-05-07T17:33:00.000Z;ENTRADA;Venda;Venda #685952;360;Pix
2025-05-06T22:29:00.000Z;ENTRADA;Venda;Venda #685952;85;Pix
2025-05-06T22:12:00.000Z;ENTRADA;Venda;Venda #685952;90;Pix
2025-05-06T22:07:00.000Z;ENTRADA;Venda;Venda #685952;120;Pix
2025-05-06T21:32:00.000Z;ENTRADA;Venda;Venda #685952;90;Pix
2025-05-06T21:12:00.000Z;ENTRADA;Venda;Venda #685952;45;Pix
2025-05-06T18:11:00.000Z;ENTRADA;Venda;Venda #685952;360;Pix
2025-05-06T18:10:00.000Z;ENTRADA;Venda;Venda #685952;120;Pix
2025-05-06T16:23:00.000Z;ENTRADA;Venda;Venda #685952;85;Pix
2025-05-06T15:22:00.000Z;ENTRADA;Venda;Venda #685952;170;Pix
2025-05-06T03:00:00.000Z;SAÍDA;DESPESAS OPERACIONAIS;Compra de Insumos Reposição;-2425.226787821207;Dinheiro/Banco
2025-05-05T22:32:00.000Z;ENTRADA;Venda;Venda #685952;240;Pix
2025-05-05T21:24:00.000Z;ENTRADA;Venda;Venda #685952;170;Pix
2025-05-05T17:23:00.000Z;ENTRADA;Venda;Venda #685952;135;Pix
2025-05-05T16:18:00.000Z;ENTRADA;Venda;Venda #685952;16;Pix
2025-05-05T16:10:00.000Z;ENTRADA;Venda;Venda #685952;90;Pix
2025-05-05T16:06:00.000Z;ENTRADA;Venda;Venda #685952;120;Pix
2025-05-05T15:37:00.000Z;ENTRADA;Venda;Venda #685952;24;Pix
2025-05-05T15:17:00.000Z;ENTRADA;Venda;Venda #685952;360;Pix
2025-05-03T03:00:00.000Z;SAÍDA;DESPESAS OPERACIONAIS;Compra de Insumos Reposição;-2333.2941445056576;Dinheiro/Banco
2025-05-02T21:41:00.000Z;ENTRADA;Venda;Venda #685952;255;Pix
2025-05-02T20:37:00.000Z;ENTRADA;Venda;Venda #685952;255;Pix
2025-05-02T20:02:00.000Z;ENTRADA;Venda;Venda #685952;240;Pix
2025-05-02T18:27:00.000Z;ENTRADA;Venda;Venda #685952;45;Pix
2025-05-02T18:02:00.000Z;ENTRADA;Venda;Venda #685952;90;Pix
2025-05-02T17:42:00.000Z;ENTRADA;Venda;Venda #685952;90;Pix
2025-05-02T16:56:00.000Z;ENTRADA;Venda;Venda #685952;120;Pix
2025-05-01T22:54:00.000Z;ENTRADA;Venda;Venda #685952;170;Pix
2025-05-01T22:31:00.000Z;ENTRADA;Venda;Venda #685952;255;Pix
2025-05-01T21:14:00.000Z;ENTRADA;Venda;Venda #685952;16;Pix
2025-05-01T21:02:00.000Z;ENTRADA;Venda;Venda #685952;85;Pix
2025-05-01T20:23:00.000Z;ENTRADA;Venda;Venda #685952;255;Pix
2025-05-01T16:19:00.000Z;ENTRADA;Venda;Venda #685952;360;Pix
2025-05-01T16:11:00.000Z;ENTRADA;Venda;Venda #685952;85;Pix
2025-04-30T21:50:00.000Z;ENTRADA;Venda;Venda #685952;255;Pix
2025-04-30T21:12:00.000Z;ENTRADA;Venda;Venda #685952;45;Pix
2025-04-30T19:21:00.000Z;ENTRADA;Venda;Venda #685952;240;Pix
2025-04-30T18:20:00.000Z;ENTRADA;Venda;Venda #685952;240;Pix
2025-04-30T15:41:00.000Z;ENTRADA;Venda;Venda #685952;16;Pix
2025-04-30T15:22:00.000Z;ENTRADA;Venda;Venda #685952;360;Pix
2025-04-30T03:00:00.000Z;SAÍDA;DESPESAS OPERACIONAIS;Compra de Insumos Reposição;-1612.9963014763996;Dinheiro/Banco
2025-04-29T22:39:00.000Z;ENTRADA;Venda;Venda #685952;255;Pix
2025-04-29T20:37:00.000Z;ENTRADA;Venda;Venda #685952;24;Pix
2025-04-29T20:31:00.000Z;ENTRADA;Venda;Venda #685952;8;Pix
2025-04-29T20:17:00.000Z;ENTRADA;Venda;Venda #685952;360;Pix
2025-04-29T19:52:00.000Z;ENTRADA;Venda;Venda #685952;255;Pix
2025-04-29T17:33:00.000Z;ENTRADA;Venda;Venda #685952;170;Pix
2025-04-28T21:32:00.000Z;ENTRADA;Venda;Venda #685952;85;Pix
2025-04-28T21:28:00.000Z;ENTRADA;Venda;Venda #685952;255;Pix
2025-04-28T21:09:00.000Z;ENTRADA;Venda;Venda #685952;135;Pix
2025-04-28T20:57:00.000Z;ENTRADA;Venda;Venda #685952;255;Pix
2025-04-28T20:43:00.000Z;ENTRADA;Venda;Venda #685952;24;Pix
2025-04-28T19:12:00.000Z;ENTRADA;Venda;Venda #685952;24;Pix
2025-04-28T19:00:00.000Z;ENTRADA;Venda;Venda #685952;135;Pix
2025-04-28T18:50:00.000Z;ENTRADA;Venda;Venda #685952;255;Pix
2025-04-28T17:57:00.000Z;ENTRADA;Venda;Venda #685952;24;Pix
2025-04-28T17:41:00.000Z;ENTRADA;Venda;Venda #685952;16;Pix
2025-04-28T17:35:00.000Z;ENTRADA;Venda;Venda #685952;8;Pix
2025-04-28T15:51:00.000Z;ENTRADA;Venda;Venda #685952;8;Pix
2025-04-27T03:00:00.000Z;SAÍDA;DESPESAS OPERACIONAIS;Compra de Insumos Reposição;-1581.7739917485749;Dinheiro/Banco
2025-04-25T22:06:00.000Z;ENTRADA;Venda;Venda #685952;360;Pix
2025-04-25T20:12:00.000Z;ENTRADA;Venda;Venda #685952;16;Pix
2025-04-25T19:34:00.000Z;ENTRADA;Venda;Venda #685952;8;Pix
2025-04-25T19:13:00.000Z;ENTRADA;Venda;Venda #685952;170;Pix
2025-04-25T17:46:00.000Z;ENTRADA;Venda;Venda #685952;255;Pix
2025-04-25T15:40:00.000Z;ENTRADA;Venda;Venda #685952;85;Pix
2025-04-25T15:16:00.000Z;ENTRADA;Venda;Venda #685952;360;Pix
2025-04-24T22:26:00.000Z;ENTRADA;Venda;Venda #685952;90;Pix
2025-04-24T21:41:00.000Z;ENTRADA;Venda;Venda #685952;255;Pix
2025-04-24T21:13:00.000Z;ENTRADA;Venda;Venda #685952;255;Pix
2025-04-24T21:08:00.000Z;ENTRADA;Venda;Venda #685952;255;Pix
2025-04-24T21:06:00.000Z;ENTRADA;Venda;Venda #685952;85;Pix
2025-04-24T19:32:00.000Z;ENTRADA;Venda;Venda #685952;135;Pix
2025-04-24T03:00:00.000Z;SAÍDA;DESPESAS OPERACIONAIS;Compra de Insumos Reposição;-2132.051172886546;Dinheiro/Banco
2025-04-23T22:58:00.000Z;ENTRADA;Venda;Venda #685952;85;Pix
2025-04-23T22:35:00.000Z;ENTRADA;Venda;Venda #685952;90;Pix
2025-04-23T19:36:00.000Z;ENTRADA;Venda;Venda #685952;255;Pix
2025-04-23T19:35:00.000Z;ENTRADA;Venda;Venda #685952;240;Pix
2025-04-23T18:56:00.000Z;ENTRADA;Venda;Venda #685952;240;Pix
2025-04-23T17:18:00.000Z;ENTRADA;Venda;Venda #685952;240;Pix
2025-04-23T15:23:00.000Z;ENTRADA;Venda;Venda #685952;120;Pix
2025-04-22T22:34:00.000Z;ENTRADA;Venda;Venda #685952;24;Pix
2025-04-22T22:20:00.000Z;ENTRADA;Venda;Venda #685952;240;Pix
2025-04-22T21:56:00.000Z;ENTRADA;Venda;Venda #685952;16;Pix
2025-04-22T21:23:00.000Z;ENTRADA;Venda;Venda #685952;170;Pix
2025-04-22T21:12:00.000Z;ENTRADA;Venda;Venda #685952;90;Pix
2025-04-22T20:09:00.000Z;ENTRADA;Venda;Venda #685952;24;Pix
2025-04-22T17:19:00.000Z;ENTRADA;Venda;Venda #685952;120;Pix
2025-04-22T17:14:00.000Z;ENTRADA;Venda;Venda #685952;255;Pix
2025-04-22T16:31:00.000Z;ENTRADA;Venda;Venda #685952;255;Pix
2025-04-21T21:26:00.000Z;ENTRADA;Venda;Venda #685952;24;Pix
2025-04-21T21:11:00.000Z;ENTRADA;Venda;Venda #685952;8;Pix
2025-04-21T20:46:00.000Z;ENTRADA;Venda;Venda #685952;16;Pix
2025-04-21T20:34:00.000Z;ENTRADA;Venda;Venda #685952;170;Pix
2025-04-21T19:58:00.000Z;ENTRADA;Venda;Venda #685952;255;Pix
2025-04-21T19:17:00.000Z;ENTRADA;Venda;Venda #685952;120;Pix
2025-04-21T18:58:00.000Z;ENTRADA;Venda;Venda #685952;135;Pix
2025-04-21T18:46:00.000Z;ENTRADA;Venda;Venda #685952;240;Pix
2025-04-21T18:34:00.000Z;ENTRADA;Venda;Venda #685952;135;Pix
2025-04-21T16:27:00.000Z;ENTRADA;Venda;Venda #685952;170;Pix
2025-04-21T03:00:00.000Z;SAÍDA;DESPESAS OPERACIONAIS;Compra de Insumos Reposição;-1887.6263036598857;Dinheiro/Banco
2025-04-18T21:54:00.000Z;ENTRADA;Venda;Venda #685952;170;Pix
2025-04-18T20:15:00.000Z;ENTRADA;Venda;Venda #685952;360;Pix
2025-04-18T19:21:00.000Z;ENTRADA;Venda;Venda #685952;360;Pix
2025-04-18T18:03:00.000Z;ENTRADA;Venda;Venda #685952;45;Pix
2025-04-18T17:29:00.000Z;ENTRADA;Venda;Venda #685952;45;Pix
2025-04-18T16:06:00.000Z;ENTRADA;Venda;Venda #685952;45;Pix
2025-04-18T15:58:00.000Z;ENTRADA;Venda;Venda #685952;255;Pix
2025-04-18T03:00:00.000Z;SAÍDA;DESPESAS OPERACIONAIS;Compra de Insumos Reposição;-1762.303561909096;Dinheiro/Banco
2025-04-17T21:09:00.000Z;ENTRADA;Venda;Venda #685952;170;Pix
2025-04-17T20:26:00.000Z;ENTRADA;Venda;Venda #685952;45;Pix
2025-04-17T20:05:00.000Z;ENTRADA;Venda;Venda #685952;135;Pix
2025-04-17T19:50:00.000Z;ENTRADA;Venda;Venda #685952;16;Pix
2025-04-17T19:08:00.000Z;ENTRADA;Venda;Venda #685952;170;Pix
2025-04-17T18:13:00.000Z;ENTRADA;Venda;Venda #685952;16;Pix
2025-04-17T17:08:00.000Z;ENTRADA;Venda;Venda #685952;360;Pix
2025-04-17T16:26:00.000Z;ENTRADA;Venda;Venda #685952;90;Pix
2025-04-17T15:03:00.000Z;ENTRADA;Venda;Venda #685952;16;Pix
2025-04-17T15:03:00.000Z;ENTRADA;Venda;Venda #685952;360;Pix
2025-04-16T21:14:00.000Z;ENTRADA;Venda;Venda #685952;135;Pix
2025-04-16T21:10:00.000Z;ENTRADA;Venda;Venda #685952;255;Pix
2025-04-16T21:04:00.000Z;ENTRADA;Venda;Venda #685952;120;Pix
2025-04-16T19:43:00.000Z;ENTRADA;Venda;Venda #685952;240;Pix
2025-04-16T19:42:00.000Z;ENTRADA;Venda;Venda #685952;135;Pix
2025-04-16T18:56:00.000Z;ENTRADA;Venda;Venda #685952;8;Pix
2025-04-16T16:54:00.000Z;ENTRADA;Venda;Venda #685952;255;Pix
2025-04-16T16:42:00.000Z;ENTRADA;Venda;Venda #685952;8;Pix
2025-04-16T15:09:00.000Z;ENTRADA;Venda;Venda #685952;45;Pix
2025-04-15T22:25:00.000Z;ENTRADA;Venda;Venda #685952;8;Pix
2025-04-15T22:11:00.000Z;ENTRADA;Venda;Venda #685952;85;Pix
2025-04-15T21:34:00.000Z;ENTRADA;Venda;Venda #685952;45;Pix
2025-04-15T19:41:00.000Z;ENTRADA;Venda;Venda #685952;45;Pix
2025-04-15T19:29:00.000Z;ENTRADA;Venda;Venda #685952;24;Pix
2025-04-15T19:15:00.000Z;ENTRADA;Venda;Venda #685952;135;Pix
2025-04-15T17:04:00.000Z;ENTRADA;Venda;Venda #685952;8;Pix
2025-04-15T15:47:00.000Z;ENTRADA;Venda;Venda #685952;360;Pix
2025-04-15T15:21:00.000Z;ENTRADA;Venda;Venda #685952;360;Pix
2025-04-15T03:00:00.000Z;SAÍDA;DESPESAS OPERACIONAIS;Compra de Insumos Reposição;-2222.9222205363108;Dinheiro/Banco
2025-04-14T20:15:00.000Z;ENTRADA;Venda;Venda #685952;8;Pix
2025-04-14T19:16:00.000Z;ENTRADA;Venda;Venda #685952;120;Pix
2025-04-14T19:05:00.000Z;ENTRADA;Venda;Venda #685952;360;Pix
2025-04-14T18:28:00.000Z;ENTRADA;Venda;Venda #685952;120;Pix
2025-04-14T18:07:00.000Z;ENTRADA;Venda;Venda #685952;24;Pix
2025-04-14T17:07:00.000Z;ENTRADA;Venda;Venda #685952;135;Pix
2025-04-14T16:56:00.000Z;ENTRADA;Venda;Venda #685952;45;Pix
2025-04-14T16:43:00.000Z;ENTRADA;Venda;Venda #685952;360;Pix
2025-04-14T15:12:00.000Z;ENTRADA;Venda;Venda #685952;170;Pix
2025-04-12T03:00:00.000Z;SAÍDA;DESPESAS OPERACIONAIS;Compra de Insumos Reposição;-1718.3881844383034;Dinheiro/Banco
2025-04-11T21:43:00.000Z;ENTRADA;Venda;Venda #685952;90;Pix
2025-04-11T21:30:00.000Z;ENTRADA;Venda;Venda #685952;16;Pix
2025-04-11T20:48:00.000Z;ENTRADA;Venda;Venda #685952;170;Pix
2025-04-11T20:45:00.000Z;ENTRADA;Venda;Venda #685952;16;Pix
2025-04-11T19:39:00.000Z;ENTRADA;Venda;Venda #685952;120;Pix
2025-04-11T19:29:00.000Z;ENTRADA;Venda;Venda #685952;45;Pix
2025-04-11T19:22:00.000Z;ENTRADA;Venda;Venda #685952;120;Pix
2025-04-11T18:18:00.000Z;ENTRADA;Venda;Venda #685952;24;Pix
2025-04-11T17:20:00.000Z;ENTRADA;Venda;Venda #685952;135;Pix
2025-04-11T17:05:00.000Z;ENTRADA;Venda;Venda #685952;360;Pix
2025-04-11T17:02:00.000Z;ENTRADA;Venda;Venda #685952;8;Pix
2025-04-11T16:13:00.000Z;ENTRADA;Venda;Venda #685952;8;Pix
2025-04-10T22:52:00.000Z;ENTRADA;Venda;Venda #685952;45;Pix
2025-04-10T21:47:00.000Z;ENTRADA;Venda;Venda #685952;24;Pix
2025-04-10T21:18:00.000Z;ENTRADA;Venda;Venda #685952;16;Pix
2025-04-10T20:53:00.000Z;ENTRADA;Venda;Venda #685952;120;Pix
2025-04-10T20:28:00.000Z;ENTRADA;Venda;Venda #685952;24;Pix
2025-04-10T19:58:00.000Z;ENTRADA;Venda;Venda #685952;8;Pix
2025-04-10T19:11:00.000Z;ENTRADA;Venda;Venda #685952;45;Pix
2025-04-10T18:58:00.000Z;ENTRADA;Venda;Venda #685952;255;Pix
2025-04-10T18:05:00.000Z;ENTRADA;Venda;Venda #685952;135;Pix
2025-04-10T15:31:00.000Z;ENTRADA;Venda;Venda #685952;24;Pix
2025-04-10T15:13:00.000Z;ENTRADA;Venda;Venda #685952;360;Pix
2025-04-10T15:09:00.000Z;ENTRADA;Venda;Venda #685952;90;Pix
2025-04-09T22:55:00.000Z;ENTRADA;Venda;Venda #685952;240;Pix
2025-04-09T22:40:00.000Z;ENTRADA;Venda;Venda #685952;85;Pix
2025-04-09T21:48:00.000Z;ENTRADA;Venda;Venda #685952;16;Pix
2025-04-09T21:39:00.000Z;ENTRADA;Venda;Venda #685952;170;Pix
2025-04-09T20:33:00.000Z;ENTRADA;Venda;Venda #685952;85;Pix
2025-04-09T19:24:00.000Z;ENTRADA;Venda;Venda #685952;240;Pix
2025-04-09T16:44:00.000Z;ENTRADA;Venda;Venda #685952;8;Pix
2025-04-09T16:12:00.000Z;ENTRADA;Venda;Venda #685952;170;Pix
2025-04-09T15:46:00.000Z;ENTRADA;Venda;Venda #685952;45;Pix
2025-04-09T15:45:00.000Z;ENTRADA;Venda;Venda #685952;45;Pix
2025-04-09T03:00:00.000Z;SAÍDA;DESPESAS OPERACIONAIS;Compra de Insumos Reposição;-2436.3358296641177;Dinheiro/Banco
2025-04-08T22:46:00.000Z;ENTRADA;Venda;Venda #685952;90;Pix
2025-04-08T22:02:00.000Z;ENTRADA;Venda;Venda #685952;255;Pix
2025-04-08T18:43:00.000Z;ENTRADA;Venda;Venda #685952;120;Pix
2025-04-08T18:09:00.000Z;ENTRADA;Venda;Venda #685952;255;Pix
2025-04-08T17:32:00.000Z;ENTRADA;Venda;Venda #685952;240;Pix
2025-04-08T17:15:00.000Z;ENTRADA;Venda;Venda #685952;170;Pix
2025-04-08T15:52:00.000Z;ENTRADA;Venda;Venda #685952;90;Pix
2025-04-07T22:07:00.000Z;ENTRADA;Venda;Venda #685952;120;Pix
2025-04-07T21:12:00.000Z;ENTRADA;Venda;Venda #685952;135;Pix
2025-04-07T17:42:00.000Z;ENTRADA;Venda;Venda #685952;8;Pix
2025-04-07T17:42:00.000Z;ENTRADA;Venda;Venda #685952;240;Pix
2025-04-07T17:26:00.000Z;ENTRADA;Venda;Venda #685952;16;Pix
2025-04-07T16:58:00.000Z;ENTRADA;Venda;Venda #685952;360;Pix
2025-04-07T16:41:00.000Z;ENTRADA;Venda;Venda #685952;240;Pix
2025-04-07T15:15:00.000Z;ENTRADA;Venda;Venda #685952;8;Pix
2025-04-06T03:00:00.000Z;SAÍDA;DESPESAS OPERACIONAIS;Compra de Insumos Reposição;-1971.8423574501037;Dinheiro/Banco
2025-04-04T22:56:00.000Z;ENTRADA;Venda;Venda #685952;240;Pix
2025-04-04T22:02:00.000Z;ENTRADA;Venda;Venda #685952;85;Pix
2025-04-04T21:54:00.000Z;ENTRADA;Venda;Venda #685952;85;Pix
2025-04-04T21:14:00.000Z;ENTRADA;Venda;Venda #685952;120;Pix
2025-04-04T20:14:00.000Z;ENTRADA;Venda;Venda #685952;120;Pix
2025-04-04T18:34:00.000Z;ENTRADA;Venda;Venda #685952;8;Pix
2025-04-04T18:24:00.000Z;ENTRADA;Venda;Venda #685952;240;Pix
2025-04-04T18:11:00.000Z;ENTRADA;Venda;Venda #685952;135;Pix
2025-04-04T15:58:00.000Z;ENTRADA;Venda;Venda #685952;120;Pix
2025-04-03T21:48:00.000Z;ENTRADA;Venda;Venda #685952;360;Pix
2025-04-03T21:45:00.000Z;ENTRADA;Venda;Venda #685952;120;Pix
2025-04-03T20:19:00.000Z;ENTRADA;Venda;Venda #685952;240;Pix
2025-04-03T20:04:00.000Z;ENTRADA;Venda;Venda #685952;90;Pix
2025-04-03T19:57:00.000Z;ENTRADA;Venda;Venda #685952;16;Pix
2025-04-03T17:13:00.000Z;ENTRADA;Venda;Venda #685952;45;Pix
2025-04-03T16:21:00.000Z;ENTRADA;Venda;Venda #685952;45;Pix
2025-04-03T16:00:00.000Z;ENTRADA;Venda;Venda #685952;240;Pix
2025-04-03T15:00:00.000Z;ENTRADA;Venda;Venda #685952;90;Pix
2025-04-03T03:00:00.000Z;SAÍDA;DESPESAS OPERACIONAIS;Compra de Insumos Reposição;-1825.4454838494253;Dinheiro/Banco
2025-04-02T20:31:00.000Z;ENTRADA;Venda;Venda #685952;255;Pix
2025-04-02T20:13:00.000Z;ENTRADA;Venda;Venda #685952;90;Pix
2025-04-02T19:34:00.000Z;ENTRADA;Venda;Venda #685952;24;Pix
2025-04-02T17:56:00.000Z;ENTRADA;Venda;Venda #685952;8;Pix
2025-04-02T17:43:00.000Z;ENTRADA;Venda;Venda #685952;16;Pix
2025-04-02T17:02:00.000Z;ENTRADA;Venda;Venda #685952;255;Pix
2025-04-02T16:55:00.000Z;ENTRADA;Venda;Venda #685952;255;Pix
2025-04-02T16:32:00.000Z;ENTRADA;Venda;Venda #685952;170;Pix
2025-04-02T16:01:00.000Z;ENTRADA;Venda;Venda #685952;45;Pix
2025-04-01T22:37:00.000Z;ENTRADA;Venda;Venda #685952;240;Pix
2025-04-01T21:54:00.000Z;ENTRADA;Venda;Venda #685952;170;Pix
2025-04-01T20:08:00.000Z;ENTRADA;Venda;Venda #685952;90;Pix
2025-04-01T19:48:00.000Z;ENTRADA;Venda;Venda #685952;255;Pix
2025-04-01T18:21:00.000Z;ENTRADA;Venda;Venda #685952;90;Pix
2025-04-01T18:05:00.000Z;ENTRADA;Venda;Venda #685952;8;Pix
2025-04-01T17:57:00.000Z;ENTRADA;Venda;Venda #685952;360;Pix
2025-04-01T15:28:00.000Z;ENTRADA;Venda;Venda #685952;24;Pix
2025-03-31T22:39:00.000Z;ENTRADA;Venda;Venda #685952;255;Pix
2025-03-31T21:19:00.000Z;ENTRADA;Venda;Venda #685952;170;Pix
2025-03-31T20:46:00.000Z;ENTRADA;Venda;Venda #685952;240;Pix
2025-03-31T18:27:00.000Z;ENTRADA;Venda;Venda #685952;360;Pix
2025-03-31T15:44:00.000Z;ENTRADA;Venda;Venda #685952;85;Pix
2025-03-30T03:00:00.000Z;SAÍDA;DESPESAS OPERACIONAIS;Compra de Insumos Reposição;-2029.614475607573;Dinheiro/Banco
2025-03-28T22:11:00.000Z;ENTRADA;Venda;Venda #685952;16;Pix
2025-03-28T20:40:00.000Z;ENTRADA;Venda;Venda #685952;360;Pix
2025-03-28T20:18:00.000Z;ENTRADA;Venda;Venda #685952;360;Pix
2025-03-28T19:17:00.000Z;ENTRADA;Venda;Venda #685952;85;Pix
2025-03-28T17:45:00.000Z;ENTRADA;Venda;Venda #685952;240;Pix
2025-03-28T16:04:00.000Z;ENTRADA;Venda;Venda #685952;85;Pix
2025-03-27T22:58:00.000Z;ENTRADA;Venda;Venda #685952;85;Pix
2025-03-27T21:56:00.000Z;ENTRADA;Venda;Venda #685952;8;Pix
2025-03-27T21:16:00.000Z;ENTRADA;Venda;Venda #685952;240;Pix
2025-03-27T19:11:00.000Z;ENTRADA;Venda;Venda #685952;360;Pix
2025-03-27T18:44:00.000Z;ENTRADA;Venda;Venda #685952;135;Pix
2025-03-27T17:42:00.000Z;ENTRADA;Venda;Venda #685952;240;Pix
2025-03-27T03:00:00.000Z;SAÍDA;DESPESAS OPERACIONAIS;Compra de Insumos Reposição;-1986.7953737063465;Dinheiro/Banco
2025-03-26T22:57:00.000Z;ENTRADA;Venda;Venda #685952;16;Pix
2025-03-26T22:24:00.000Z;ENTRADA;Venda;Venda #685952;255;Pix
2025-03-26T21:38:00.000Z;ENTRADA;Venda;Venda #685952;240;Pix
2025-03-26T20:53:00.000Z;ENTRADA;Venda;Venda #685952;85;Pix
2025-03-26T20:43:00.000Z;ENTRADA;Venda;Venda #685952;24;Pix
2025-03-26T19:40:00.000Z;ENTRADA;Venda;Venda #685952;24;Pix
2025-03-26T18:48:00.000Z;ENTRADA;Venda;Venda #685952;8;Pix
2025-03-26T18:42:00.000Z;ENTRADA;Venda;Venda #685952;90;Pix
2025-03-26T17:57:00.000Z;ENTRADA;Venda;Venda #685952;135;Pix
2025-03-26T15:18:00.000Z;ENTRADA;Venda;Venda #685952;360;Pix
2025-03-25T20:27:00.000Z;ENTRADA;Venda;Venda #685952;16;Pix
2025-03-25T20:07:00.000Z;ENTRADA;Venda;Venda #685952;240;Pix
2025-03-25T18:09:00.000Z;ENTRADA;Venda;Venda #685952;90;Pix
2025-03-25T17:57:00.000Z;ENTRADA;Venda;Venda #685952;90;Pix
2025-03-25T17:51:00.000Z;ENTRADA;Venda;Venda #685952;90;Pix
2025-03-25T17:21:00.000Z;ENTRADA;Venda;Venda #685952;24;Pix
2025-03-25T17:05:00.000Z;ENTRADA;Venda;Venda #685952;120;Pix
2025-03-25T15:46:00.000Z;ENTRADA;Venda;Venda #685952;255;Pix
2025-03-25T15:37:00.000Z;ENTRADA;Venda;Venda #685952;240;Pix
2025-03-25T15:02:00.000Z;ENTRADA;Venda;Venda #685952;24;Pix
2025-03-24T22:04:00.000Z;ENTRADA;Venda;Venda #685952;120;Pix
2025-03-24T19:54:00.000Z;ENTRADA;Venda;Venda #685952;360;Pix
2025-03-24T19:00:00.000Z;ENTRADA;Venda;Venda #685952;360;Pix
2025-03-24T18:15:00.000Z;ENTRADA;Venda;Venda #685952;45;Pix
2025-03-24T17:52:00.000Z;ENTRADA;Venda;Venda #685952;255;Pix
2025-03-24T16:47:00.000Z;ENTRADA;Venda;Venda #685952;170;Pix
2025-03-24T03:00:00.000Z;SAÍDA;DESPESAS OPERACIONAIS;Compra de Insumos Reposição;-2246.771815013611;Dinheiro/Banco
2025-03-21T22:47:00.000Z;ENTRADA;Venda;Venda #685952;24;Pix
2025-03-21T22:43:00.000Z;ENTRADA;Venda;Venda #685952;360;Pix
2025-03-21T22:39:00.000Z;ENTRADA;Venda;Venda #685952;24;Pix
2025-03-21T22:23:00.000Z;ENTRADA;Venda;Venda #685952;120;Pix
2025-03-21T22:09:00.000Z;ENTRADA;Venda;Venda #685952;85;Pix
2025-03-21T21:30:00.000Z;ENTRADA;Venda;Venda #685952;16;Pix
2025-03-21T21:14:00.000Z;ENTRADA;Venda;Venda #685952;24;Pix
2025-03-21T19:54:00.000Z;ENTRADA;Venda;Venda #685952;16;Pix
2025-03-21T18:52:00.000Z;ENTRADA;Venda;Venda #685952;170;Pix
2025-03-21T18:45:00.000Z;ENTRADA;Venda;Venda #685952;90;Pix
2025-03-21T18:40:00.000Z;ENTRADA;Venda;Venda #685952;85;Pix
2025-03-21T16:34:00.000Z;ENTRADA;Venda;Venda #685952;240;Pix
2025-03-21T15:54:00.000Z;ENTRADA;Venda;Venda #685952;45;Pix
2025-03-21T15:19:00.000Z;ENTRADA;Venda;Venda #685952;24;Pix
2025-03-21T03:00:00.000Z;SAÍDA;DESPESAS OPERACIONAIS;Compra de Insumos Reposição;-1685.5583318895726;Dinheiro/Banco
2025-03-20T22:47:00.000Z;ENTRADA;Venda;Venda #685952;8;Pix
2025-03-20T22:42:00.000Z;ENTRADA;Venda;Venda #685952;8;Pix
2025-03-20T21:06:00.000Z;ENTRADA;Venda;Venda #685952;360;Pix
2025-03-20T20:50:00.000Z;ENTRADA;Venda;Venda #685952;240;Pix
2025-03-20T20:29:00.000Z;ENTRADA;Venda;Venda #685952;120;Pix
2025-03-20T19:44:00.000Z;ENTRADA;Venda;Venda #685952;8;Pix
2025-03-20T18:26:00.000Z;ENTRADA;Venda;Venda #685952;170;Pix
2025-03-20T15:27:00.000Z;ENTRADA;Venda;Venda #685952;170;Pix
2025-03-19T21:25:00.000Z;ENTRADA;Venda;Venda #685952;360;Pix
2025-03-19T20:48:00.000Z;ENTRADA;Venda;Venda #685952;24;Pix
2025-03-19T20:42:00.000Z;ENTRADA;Venda;Venda #685952;135;Pix
2025-03-19T20:36:00.000Z;ENTRADA;Venda;Venda #685952;45;Pix
2025-03-19T20:01:00.000Z;ENTRADA;Venda;Venda #685952;45;Pix
2025-03-19T19:27:00.000Z;ENTRADA;Venda;Venda #685952;45;Pix
2025-03-19T17:51:00.000Z;ENTRADA;Venda;Venda #685952;45;Pix
2025-03-19T17:42:00.000Z;ENTRADA;Venda;Venda #685952;240;Pix
2025-03-19T16:21:00.000Z;ENTRADA;Venda;Venda #685952;255;Pix
2025-03-19T15:21:00.000Z;ENTRADA;Venda;Venda #685952;85;Pix
2025-03-18T21:57:00.000Z;ENTRADA;Venda;Venda #685952;90;Pix
2025-03-18T21:10:00.000Z;ENTRADA;Venda;Venda #685952;360;Pix
2025-03-18T20:51:00.000Z;ENTRADA;Venda;Venda #685952;16;Pix
2025-03-18T20:20:00.000Z;ENTRADA;Venda;Venda #685952;255;Pix
2025-03-18T17:50:00.000Z;ENTRADA;Venda;Venda #685952;240;Pix
2025-03-18T16:43:00.000Z;ENTRADA;Venda;Venda #685952;170;Pix
2025-03-18T16:06:00.000Z;ENTRADA;Venda;Venda #685952;170;Pix
2025-03-18T03:00:00.000Z;SAÍDA;DESPESAS OPERACIONAIS;Compra de Insumos Reposição;-1913.272713021027;Dinheiro/Banco
2025-03-17T22:50:00.000Z;ENTRADA;Venda;Venda #685952;24;Pix
2025-03-17T22:01:00.000Z;ENTRADA;Venda;Venda #685952;120;Pix
2025-03-17T21:00:00.000Z;ENTRADA;Venda;Venda #685952;8;Pix
2025-03-17T19:24:00.000Z;ENTRADA;Venda;Venda #685952;240;Pix
2025-03-17T19:12:00.000Z;ENTRADA;Venda;Venda #685952;90;Pix
2025-03-17T18:49:00.000Z;ENTRADA;Venda;Venda #685952;90;Pix
2025-03-17T18:33:00.000Z;ENTRADA;Venda;Venda #685952;24;Pix
2025-03-17T17:49:00.000Z;ENTRADA;Venda;Venda #685952;255;Pix
2025-03-17T17:28:00.000Z;ENTRADA;Venda;Venda #685952;8;Pix
2025-03-17T17:27:00.000Z;ENTRADA;Venda;Venda #685952;255;Pix
2025-03-15T03:00:00.000Z;SAÍDA;DESPESAS OPERACIONAIS;Compra de Insumos Reposição;-1776.4954964640829;Dinheiro/Banco
2025-03-14T22:05:00.000Z;ENTRADA;Venda;Venda #685952;255;Pix
2025-03-14T20:17:00.000Z;ENTRADA;Venda;Venda #685952;240;Pix
2025-03-14T19:37:00.000Z;ENTRADA;Venda;Venda #685952;85;Pix
2025-03-14T18:09:00.000Z;ENTRADA;Venda;Venda #685952;24;Pix
2025-03-14T17:49:00.000Z;ENTRADA;Venda;Venda #685952;360;Pix
2025-03-14T16:38:00.000Z;ENTRADA;Venda;Venda #685952;120;Pix
2025-03-14T15:53:00.000Z;ENTRADA;Venda;Venda #685952;85;Pix
2025-03-13T19:18:00.000Z;ENTRADA;Venda;Venda #685952;255;Pix
2025-03-13T18:56:00.000Z;ENTRADA;Venda;Venda #685952;360;Pix
2025-03-13T16:27:00.000Z;ENTRADA;Venda;Venda #685952;120;Pix
2025-03-13T16:19:00.000Z;ENTRADA;Venda;Venda #685952;135;Pix
2025-03-13T16:04:00.000Z;ENTRADA;Venda;Venda #685952;120;Pix
2025-03-13T16:04:00.000Z;ENTRADA;Venda;Venda #685952;90;Pix
2025-03-12T22:39:00.000Z;ENTRADA;Venda;Venda #685952;24;Pix
2025-03-12T22:02:00.000Z;ENTRADA;Venda;Venda #685952;255;Pix
2025-03-12T21:17:00.000Z;ENTRADA;Venda;Venda #685952;8;Pix
2025-03-12T19:07:00.000Z;ENTRADA;Venda;Venda #685952;24;Pix
2025-03-12T17:10:00.000Z;ENTRADA;Venda;Venda #685952;360;Pix
2025-03-12T16:57:00.000Z;ENTRADA;Venda;Venda #685952;16;Pix
2025-03-12T16:42:00.000Z;ENTRADA;Venda;Venda #685952;16;Pix
2025-03-12T16:28:00.000Z;ENTRADA;Venda;Venda #685952;240;Pix
2025-03-12T16:00:00.000Z;ENTRADA;Venda;Venda #685952;135;Pix
2025-03-12T03:00:00.000Z;SAÍDA;DESPESAS OPERACIONAIS;Compra de Insumos Reposição;-2122.496749316615;Dinheiro/Banco
2025-03-11T22:46:00.000Z;ENTRADA;Venda;Venda #685952;170;Pix
2025-03-11T22:14:00.000Z;ENTRADA;Venda;Venda #685952;360;Pix
2025-03-11T21:28:00.000Z;ENTRADA;Venda;Venda #685952;240;Pix
2025-03-11T19:18:00.000Z;ENTRADA;Venda;Venda #685952;255;Pix
2025-03-11T17:16:00.000Z;ENTRADA;Venda;Venda #685952;24;Pix
2025-03-11T15:42:00.000Z;ENTRADA;Venda;Venda #685952;24;Pix
2025-03-10T20:54:00.000Z;ENTRADA;Venda;Venda #685952;255;Pix
2025-03-10T18:39:00.000Z;ENTRADA;Venda;Venda #685952;90;Pix
2025-03-10T18:29:00.000Z;ENTRADA;Venda;Venda #685952;360;Pix
2025-03-10T18:29:00.000Z;ENTRADA;Venda;Venda #685952;240;Pix
2025-03-10T16:51:00.000Z;ENTRADA;Venda;Venda #685952;85;Pix
2025-03-10T16:08:00.000Z;ENTRADA;Venda;Venda #685952;255;Pix
2025-03-09T03:00:00.000Z;SAÍDA;DESPESAS OPERACIONAIS;Compra de Insumos Reposição;-2241.8907233908917;Dinheiro/Banco
2025-03-07T22:41:00.000Z;ENTRADA;Venda;Venda #685952;85;Pix
2025-03-07T21:56:00.000Z;ENTRADA;Venda;Venda #685952;240;Pix
2025-03-07T20:48:00.000Z;ENTRADA;Venda;Venda #685952;45;Pix
2025-03-07T20:27:00.000Z;ENTRADA;Venda;Venda #685952;120;Pix
2025-03-07T18:16:00.000Z;ENTRADA;Venda;Venda #685952;170;Pix
2025-03-07T17:53:00.000Z;ENTRADA;Venda;Venda #685952;135;Pix
2025-03-07T17:44:00.000Z;ENTRADA;Venda;Venda #685952;24;Pix
2025-03-07T17:21:00.000Z;ENTRADA;Venda;Venda #685952;45;Pix
2025-03-07T16:29:00.000Z;ENTRADA;Venda;Venda #685952;16;Pix
2025-03-07T16:25:00.000Z;ENTRADA;Venda;Venda #685952;16;Pix
2025-03-07T16:21:00.000Z;ENTRADA;Venda;Venda #685952;85;Pix
2025-03-07T16:19:00.000Z;ENTRADA;Venda;Venda #685952;85;Pix
2025-03-07T15:43:00.000Z;ENTRADA;Venda;Venda #685952;85;Pix
2025-03-06T22:49:00.000Z;ENTRADA;Venda;Venda #685952;90;Pix
2025-03-06T22:05:00.000Z;ENTRADA;Venda;Venda #685952;240;Pix
2025-03-06T21:16:00.000Z;ENTRADA;Venda;Venda #685952;135;Pix
2025-03-06T20:36:00.000Z;ENTRADA;Venda;Venda #685952;240;Pix
2025-03-06T20:12:00.000Z;ENTRADA;Venda;Venda #685952;8;Pix
2025-03-06T17:49:00.000Z;ENTRADA;Venda;Venda #685952;45;Pix
2025-03-06T17:27:00.000Z;ENTRADA;Venda;Venda #685952;240;Pix
2025-03-06T17:18:00.000Z;ENTRADA;Venda;Venda #685952;120;Pix
2025-03-06T15:07:00.000Z;ENTRADA;Venda;Venda #685952;90;Pix
2025-03-06T03:00:00.000Z;SAÍDA;DESPESAS OPERACIONAIS;Compra de Insumos Reposição;-1890.9847437664557;Dinheiro/Banco
2025-03-05T21:18:00.000Z;ENTRADA;Venda;Venda #685952;16;Pix
2025-03-05T21:17:00.000Z;ENTRADA;Venda;Venda #685952;360;Pix
2025-03-05T20:36:00.000Z;ENTRADA;Venda;Venda #685952;120;Pix
2025-03-05T19:55:00.000Z;ENTRADA;Venda;Venda #685952;8;Pix
2025-03-05T19:51:00.000Z;ENTRADA;Venda;Venda #685952;240;Pix
2025-03-05T17:38:00.000Z;ENTRADA;Venda;Venda #685952;135;Pix
2025-03-05T16:01:00.000Z;ENTRADA;Venda;Venda #685952;360;Pix
2025-03-05T15:40:00.000Z;ENTRADA;Venda;Venda #685952;8;Pix
2025-03-05T15:31:00.000Z;ENTRADA;Venda;Venda #685952;170;Pix
2025-03-04T22:35:00.000Z;ENTRADA;Venda;Venda #685952;85;Pix
2025-03-04T20:01:00.000Z;ENTRADA;Venda;Venda #685952;135;Pix
2025-03-04T19:17:00.000Z;ENTRADA;Venda;Venda #685952;360;Pix
2025-03-04T18:37:00.000Z;ENTRADA;Venda;Venda #685952;85;Pix
2025-03-04T18:14:00.000Z;ENTRADA;Venda;Venda #685952;120;Pix
2025-03-04T17:25:00.000Z;ENTRADA;Venda;Venda #685952;8;Pix
2025-03-04T16:54:00.000Z;ENTRADA;Venda;Venda #685952;240;Pix
2025-03-04T16:02:00.000Z;ENTRADA;Venda;Venda #685952;85;Pix
2025-03-03T22:02:00.000Z;ENTRADA;Venda;Venda #685952;240;Pix
2025-03-03T21:31:00.000Z;ENTRADA;Venda;Venda #685952;170;Pix
2025-03-03T18:49:00.000Z;ENTRADA;Venda;Venda #685952;8;Pix
2025-03-03T16:52:00.000Z;ENTRADA;Venda;Venda #685952;16;Pix
2025-03-03T16:48:00.000Z;ENTRADA;Venda;Venda #685952;135;Pix
2025-03-03T16:39:00.000Z;ENTRADA;Venda;Venda #685952;170;Pix
2025-03-03T16:38:00.000Z;ENTRADA;Venda;Venda #685952;16;Pix
2025-03-03T15:37:00.000Z;ENTRADA;Venda;Venda #685952;255;Pix
2025-03-03T15:15:00.000Z;ENTRADA;Venda;Venda #685952;85;Pix
2025-03-03T03:00:00.000Z;SAÍDA;DESPESAS OPERACIONAIS;Compra de Insumos Reposição;-1575.52644402;Dinheiro/Banco
2025-02-28T22:11:00.000Z;ENTRADA;Venda;Venda #685952;240;Pix
2025-02-28T20:46:00.000Z;ENTRADA;Venda;Venda #685952;170;Pix
2025-02-28T19:22:00.000Z;ENTRADA;Venda;Venda #685952;135;Pix
2025-02-28T16:39:00.000Z;ENTRADA;Venda;Venda #685952;170;Pix
2025-02-28T15:46:00.000Z;ENTRADA;Venda;Venda #685952;45;Pix
2025-02-28T15:38:00.000Z;ENTRADA;Venda;Venda #685952;360;Pix
2025-02-27T22:56:00.000Z;ENTRADA;Venda;Venda #685951;85;Pix
2025-02-27T22:25:00.000Z;ENTRADA;Venda;Venda #685951;170;Pix
2025-02-27T22:25:00.000Z;ENTRADA;Venda;Venda #685951;170;Pix
2025-02-27T22:24:00.000Z;ENTRADA;Venda;Venda #685951;120;Pix
2025-02-27T22:07:00.000Z;ENTRADA;Venda;Venda #685951;85;Pix
2025-02-27T21:51:00.000Z;ENTRADA;Venda;Venda #685951;8;Pix
2025-02-27T21:35:00.000Z;ENTRADA;Venda;Venda #685951;45;Pix
2025-02-27T17:57:00.000Z;ENTRADA;Venda;Venda #685951;120;Pix
2025-02-27T17:19:00.000Z;ENTRADA;Venda;Venda #685951;16;Pix
2025-02-27T16:48:00.000Z;ENTRADA;Venda;Venda #685951;240;Pix
2025-02-27T16:46:00.000Z;ENTRADA;Venda;Venda #685951;8;Pix
2025-02-27T15:03:00.000Z;ENTRADA;Venda;Venda #685951;8;Pix
2025-02-27T03:00:00.000Z;SAÍDA;DESPESAS OPERACIONAIS;Compra de Insumos Reposição;-2433.88020234323;Dinheiro/Banco
2025-02-26T20:42:00.000Z;ENTRADA;Venda;Venda #685951;255;Pix
2025-02-26T20:06:00.000Z;ENTRADA;Venda;Venda #685951;45;Pix
2025-02-26T18:35:00.000Z;ENTRADA;Venda;Venda #685951;90;Pix
2025-02-26T18:24:00.000Z;ENTRADA;Venda;Venda #685951;135;Pix
2025-02-26T18:02:00.000Z;ENTRADA;Venda;Venda #685951;24;Pix
2025-02-26T17:45:00.000Z;ENTRADA;Venda;Venda #685951;45;Pix
2025-02-26T17:34:00.000Z;ENTRADA;Venda;Venda #685951;45;Pix
2025-02-26T17:01:00.000Z;ENTRADA;Venda;Venda #685951;240;Pix
2025-02-26T16:45:00.000Z;ENTRADA;Venda;Venda #685951;120;Pix
2025-02-26T16:38:00.000Z;ENTRADA;Venda;Venda #685951;170;Pix
2025-02-25T19:53:00.000Z;ENTRADA;Venda;Venda #685951;170;Pix
2025-02-25T19:12:00.000Z;ENTRADA;Venda;Venda #685951;16;Pix
2025-02-25T19:11:00.000Z;ENTRADA;Venda;Venda #685951;45;Pix
2025-02-25T18:31:00.000Z;ENTRADA;Venda;Venda #685951;360;Pix
2025-02-25T17:35:00.000Z;ENTRADA;Venda;Venda #685951;16;Pix
2025-02-25T17:27:00.000Z;ENTRADA;Venda;Venda #685951;85;Pix
2025-02-25T17:23:00.000Z;ENTRADA;Venda;Venda #685951;120;Pix
2025-02-25T15:48:00.000Z;ENTRADA;Venda;Venda #685951;255;Pix
2025-02-24T22:08:00.000Z;ENTRADA;Venda;Venda #685951;120;Pix
2025-02-24T21:55:00.000Z;ENTRADA;Venda;Venda #685951;360;Pix
2025-02-24T20:05:00.000Z;ENTRADA;Venda;Venda #685951;255;Pix
2025-02-24T18:49:00.000Z;ENTRADA;Venda;Venda #685951;16;Pix
2025-02-24T18:46:00.000Z;ENTRADA;Venda;Venda #685951;135;Pix
2025-02-24T18:44:00.000Z;ENTRADA;Venda;Venda #685951;135;Pix
2025-02-24T16:38:00.000Z;ENTRADA;Venda;Venda #685951;8;Pix
2025-02-24T15:22:00.000Z;ENTRADA;Venda;Venda #685951;45;Pix
2025-02-24T03:00:00.000Z;SAÍDA;DESPESAS OPERACIONAIS;Compra de Insumos Reposição;-1586.4700698248644;Dinheiro/Banco
2025-02-21T21:40:00.000Z;ENTRADA;Venda;Venda #685951;90;Pix
2025-02-21T20:41:00.000Z;ENTRADA;Venda;Venda #685951;16;Pix
2025-02-21T20:08:00.000Z;ENTRADA;Venda;Venda #685951;8;Pix
2025-02-21T19:35:00.000Z;ENTRADA;Venda;Venda #685951;360;Pix
2025-02-21T19:24:00.000Z;ENTRADA;Venda;Venda #685951;85;Pix
2025-02-21T19:02:00.000Z;ENTRADA;Venda;Venda #685951;45;Pix
2025-02-21T18:27:00.000Z;ENTRADA;Venda;Venda #685951;90;Pix
2025-02-21T17:13:00.000Z;ENTRADA;Venda;Venda #685951;255;Pix
2025-02-21T17:12:00.000Z;ENTRADA;Venda;Venda #685951;120;Pix
2025-02-21T16:55:00.000Z;ENTRADA;Venda;Venda #685951;16;Pix
2025-02-21T15:46:00.000Z;ENTRADA;Venda;Venda #685951;170;Pix
2025-02-21T15:10:00.000Z;ENTRADA;Venda;Venda #685951;16;Pix
2025-02-21T03:00:00.000Z;SAÍDA;DESPESAS OPERACIONAIS;Compra de Insumos Reposição;-1592.9140728358216;Dinheiro/Banco
2025-02-20T22:33:00.000Z;ENTRADA;Venda;Venda #685951;360;Pix
2025-02-20T22:32:00.000Z;ENTRADA;Venda;Venda #685951;240;Pix
2025-02-20T21:36:00.000Z;ENTRADA;Venda;Venda #685951;90;Pix
2025-02-20T21:03:00.000Z;ENTRADA;Venda;Venda #685951;240;Pix
2025-02-20T18:26:00.000Z;ENTRADA;Venda;Venda #685951;255;Pix
2025-02-20T16:20:00.000Z;ENTRADA;Venda;Venda #685951;8;Pix
2025-02-19T22:14:00.000Z;ENTRADA;Venda;Venda #685951;135;Pix
2025-02-19T20:28:00.000Z;ENTRADA;Venda;Venda #685951;90;Pix
2025-02-19T20:00:00.000Z;ENTRADA;Venda;Venda #685951;120;Pix
2025-02-19T17:57:00.000Z;ENTRADA;Venda;Venda #685951;85;Pix
2025-02-19T17:03:00.000Z;ENTRADA;Venda;Venda #685951;135;Pix
2025-02-19T16:37:00.000Z;ENTRADA;Venda;Venda #685951;240;Pix
2025-02-19T16:26:00.000Z;ENTRADA;Venda;Venda #685951;360;Pix
2025-02-19T16:06:00.000Z;ENTRADA;Venda;Venda #685951;16;Pix
2025-02-18T22:06:00.000Z;ENTRADA;Venda;Venda #685951;170;Pix
2025-02-18T21:38:00.000Z;ENTRADA;Venda;Venda #685951;24;Pix
2025-02-18T21:14:00.000Z;ENTRADA;Venda;Venda #685951;170;Pix
2025-02-18T20:58:00.000Z;ENTRADA;Venda;Venda #685951;240;Pix
2025-02-18T20:14:00.000Z;ENTRADA;Venda;Venda #685951;8;Pix
2025-02-18T20:01:00.000Z;ENTRADA;Venda;Venda #685951;360;Pix
2025-02-18T19:00:00.000Z;ENTRADA;Venda;Venda #685951;16;Pix
2025-02-18T18:39:00.000Z;ENTRADA;Venda;Venda #685951;45;Pix
2025-02-18T17:08:00.000Z;ENTRADA;Venda;Venda #685951;16;Pix
2025-02-18T16:40:00.000Z;ENTRADA;Venda;Venda #685951;120;Pix
2025-02-18T03:00:00.000Z;SAÍDA;DESPESAS OPERACIONAIS;Compra de Insumos Reposição;-2049.2070077048475;Dinheiro/Banco
2025-02-17T22:35:00.000Z;ENTRADA;Venda;Venda #685951;360;Pix
2025-02-17T22:23:00.000Z;ENTRADA;Venda;Venda #685951;85;Pix
2025-02-17T21:16:00.000Z;ENTRADA;Venda;Venda #685951;24;Pix
2025-02-17T21:07:00.000Z;ENTRADA;Venda;Venda #685951;90;Pix
2025-02-17T20:46:00.000Z;ENTRADA;Venda;Venda #685951;120;Pix
2025-02-17T19:02:00.000Z;ENTRADA;Venda;Venda #685951;360;Pix
2025-02-17T18:31:00.000Z;ENTRADA;Venda;Venda #685951;8;Pix
2025-02-17T16:00:00.000Z;ENTRADA;Venda;Venda #685951;360;Pix
2025-02-15T03:00:00.000Z;SAÍDA;DESPESAS OPERACIONAIS;Compra de Insumos Reposição;-2190.3249025229607;Dinheiro/Banco
2025-02-14T22:57:00.000Z;ENTRADA;Venda;Venda #685951;90;Pix
2025-02-14T20:07:00.000Z;ENTRADA;Venda;Venda #685951;360;Pix
2025-02-14T17:39:00.000Z;ENTRADA;Venda;Venda #685951;85;Pix
2025-02-14T16:49:00.000Z;ENTRADA;Venda;Venda #685951;120;Pix
2025-02-14T16:14:00.000Z;ENTRADA;Venda;Venda #685951;240;Pix
2025-02-14T16:07:00.000Z;ENTRADA;Venda;Venda #685951;240;Pix
2025-02-13T22:53:00.000Z;ENTRADA;Venda;Venda #685951;360;Pix
2025-02-13T22:40:00.000Z;ENTRADA;Venda;Venda #685951;16;Pix
2025-02-13T22:30:00.000Z;ENTRADA;Venda;Venda #685951;24;Pix
2025-02-13T22:20:00.000Z;ENTRADA;Venda;Venda #685951;360;Pix
2025-02-13T21:54:00.000Z;ENTRADA;Venda;Venda #685951;8;Pix
2025-02-13T20:44:00.000Z;ENTRADA;Venda;Venda #685951;45;Pix
2025-02-13T20:10:00.000Z;ENTRADA;Venda;Venda #685951;240;Pix
2025-02-13T15:52:00.000Z;ENTRADA;Venda;Venda #685951;85;Pix
2025-02-13T15:30:00.000Z;ENTRADA;Venda;Venda #685951;8;Pix
2025-02-13T15:25:00.000Z;ENTRADA;Venda;Venda #685951;8;Pix
2025-02-13T15:04:00.000Z;ENTRADA;Venda;Venda #685951;16;Pix
2025-02-12T22:51:00.000Z;ENTRADA;Venda;Venda #685951;240;Pix
2025-02-12T19:46:00.000Z;ENTRADA;Venda;Venda #685951;135;Pix
2025-02-12T19:45:00.000Z;ENTRADA;Venda;Venda #685951;45;Pix
2025-02-12T19:43:00.000Z;ENTRADA;Venda;Venda #685951;170;Pix
2025-02-12T19:17:00.000Z;ENTRADA;Venda;Venda #685951;360;Pix
2025-02-12T19:01:00.000Z;ENTRADA;Venda;Venda #685951;24;Pix
2025-02-12T17:21:00.000Z;ENTRADA;Venda;Venda #685951;135;Pix
2025-02-12T16:45:00.000Z;ENTRADA;Venda;Venda #685951;24;Pix
2025-02-12T16:26:00.000Z;ENTRADA;Venda;Venda #685951;170;Pix
2025-02-12T16:17:00.000Z;ENTRADA;Venda;Venda #685951;24;Pix
2025-02-12T03:00:00.000Z;SAÍDA;DESPESAS OPERACIONAIS;Compra de Insumos Reposição;-1967.6887542654224;Dinheiro/Banco
2025-02-11T20:50:00.000Z;ENTRADA;Venda;Venda #685951;24;Pix
2025-02-11T20:35:00.000Z;ENTRADA;Venda;Venda #685951;120;Pix
2025-02-11T19:56:00.000Z;ENTRADA;Venda;Venda #685951;135;Pix
2025-02-11T19:45:00.000Z;ENTRADA;Venda;Venda #685951;90;Pix
2025-02-11T18:43:00.000Z;ENTRADA;Venda;Venda #685951;24;Pix
2025-02-11T18:43:00.000Z;ENTRADA;Venda;Venda #685951;240;Pix
2025-02-11T18:02:00.000Z;ENTRADA;Venda;Venda #685951;85;Pix
2025-02-11T17:39:00.000Z;ENTRADA;Venda;Venda #685951;120;Pix
2025-02-11T16:55:00.000Z;ENTRADA;Venda;Venda #685951;255;Pix
2025-02-10T22:01:00.000Z;ENTRADA;Venda;Venda #685951;45;Pix
2025-02-10T21:57:00.000Z;ENTRADA;Venda;Venda #685951;135;Pix
2025-02-10T21:32:00.000Z;ENTRADA;Venda;Venda #685951;16;Pix
2025-02-10T21:05:00.000Z;ENTRADA;Venda;Venda #685951;255;Pix
2025-02-10T20:39:00.000Z;ENTRADA;Venda;Venda #685951;90;Pix
2025-02-10T20:14:00.000Z;ENTRADA;Venda;Venda #685951;90;Pix
2025-02-10T20:00:00.000Z;ENTRADA;Venda;Venda #685951;240;Pix
2025-02-10T19:42:00.000Z;ENTRADA;Venda;Venda #685951;45;Pix
2025-02-10T17:12:00.000Z;ENTRADA;Venda;Venda #685951;135;Pix
2025-02-10T16:00:00.000Z;ENTRADA;Venda;Venda #685951;120;Pix
2025-02-10T15:53:00.000Z;ENTRADA;Venda;Venda #685951;16;Pix
2025-02-09T03:00:00.000Z;SAÍDA;DESPESAS OPERACIONAIS;Compra de Insumos Reposição;-2277.4554841669083;Dinheiro/Banco
2025-02-07T22:51:00.000Z;ENTRADA;Venda;Venda #685951;360;Pix
2025-02-07T21:13:00.000Z;ENTRADA;Venda;Venda #685951;170;Pix
2025-02-07T21:12:00.000Z;ENTRADA;Venda;Venda #685951;135;Pix
2025-02-07T21:01:00.000Z;ENTRADA;Venda;Venda #685951;16;Pix
2025-02-07T17:03:00.000Z;ENTRADA;Venda;Venda #685951;90;Pix
2025-02-07T15:43:00.000Z;ENTRADA;Venda;Venda #685951;170;Pix
2025-02-07T15:41:00.000Z;ENTRADA;Venda;Venda #685951;255;Pix
2025-02-06T21:32:00.000Z;ENTRADA;Venda;Venda #685951;170;Pix
2025-02-06T21:10:00.000Z;ENTRADA;Venda;Venda #685951;120;Pix
2025-02-06T20:44:00.000Z;ENTRADA;Venda;Venda #685951;120;Pix
2025-02-06T19:57:00.000Z;ENTRADA;Venda;Venda #685951;120;Pix
2025-02-06T18:54:00.000Z;ENTRADA;Venda;Venda #685951;24;Pix
2025-02-06T18:11:00.000Z;ENTRADA;Venda;Venda #685951;255;Pix
2025-02-06T18:10:00.000Z;ENTRADA;Venda;Venda #685951;135;Pix
2025-02-06T18:07:00.000Z;ENTRADA;Venda;Venda #685951;24;Pix
2025-02-06T17:18:00.000Z;ENTRADA;Venda;Venda #685951;90;Pix
2025-02-06T16:04:00.000Z;ENTRADA;Venda;Venda #685951;90;Pix
2025-02-06T03:00:00.000Z;SAÍDA;DESPESAS OPERACIONAIS;Compra de Insumos Reposição;-2434.210275992596;Dinheiro/Banco
2025-02-05T22:17:00.000Z;ENTRADA;Venda;Venda #685951;24;Pix
2025-02-05T21:41:00.000Z;ENTRADA;Venda;Venda #685951;85;Pix
2025-02-05T21:39:00.000Z;ENTRADA;Venda;Venda #685951;45;Pix
2025-02-05T20:50:00.000Z;ENTRADA;Venda;Venda #685951;45;Pix
2025-02-05T19:55:00.000Z;ENTRADA;Venda;Venda #685951;170;Pix
2025-02-05T19:13:00.000Z;ENTRADA;Venda;Venda #685951;135;Pix
2025-02-05T19:09:00.000Z;ENTRADA;Venda;Venda #685951;85;Pix
2025-02-05T19:07:00.000Z;ENTRADA;Venda;Venda #685951;90;Pix
2025-02-05T18:53:00.000Z;ENTRADA;Venda;Venda #685951;16;Pix
2025-02-05T18:29:00.000Z;ENTRADA;Venda;Venda #685951;16;Pix
2025-02-05T18:28:00.000Z;ENTRADA;Venda;Venda #685951;90;Pix
2025-02-05T17:24:00.000Z;ENTRADA;Venda;Venda #685951;8;Pix
2025-02-05T17:20:00.000Z;ENTRADA;Venda;Venda #685951;170;Pix
2025-02-05T15:42:00.000Z;ENTRADA;Venda;Venda #685951;170;Pix
2025-02-04T22:52:00.000Z;ENTRADA;Venda;Venda #685951;90;Pix
2025-02-04T22:51:00.000Z;ENTRADA;Venda;Venda #685951;85;Pix
2025-02-04T22:00:00.000Z;ENTRADA;Venda;Venda #685951;360;Pix
2025-02-04T21:49:00.000Z;ENTRADA;Venda;Venda #685951;45;Pix
2025-02-04T20:01:00.000Z;ENTRADA;Venda;Venda #685951;120;Pix
2025-02-04T19:13:00.000Z;ENTRADA;Venda;Venda #685951;85;Pix
2025-02-04T19:05:00.000Z;ENTRADA;Venda;Venda #685951;45;Pix
2025-02-04T18:02:00.000Z;ENTRADA;Venda;Venda #685951;45;Pix
2025-02-04T17:48:00.000Z;ENTRADA;Venda;Venda #685951;240;Pix
2025-02-04T15:04:00.000Z;ENTRADA;Venda;Venda #685951;24;Pix
2025-02-03T22:15:00.000Z;ENTRADA;Venda;Venda #685951;240;Pix
2025-02-03T22:12:00.000Z;ENTRADA;Venda;Venda #685951;85;Pix
2025-02-03T22:02:00.000Z;ENTRADA;Venda;Venda #685951;135;Pix
2025-02-03T21:21:00.000Z;ENTRADA;Venda;Venda #685951;90;Pix
2025-02-03T21:19:00.000Z;ENTRADA;Venda;Venda #685951;120;Pix
2025-02-03T20:33:00.000Z;ENTRADA;Venda;Venda #685951;45;Pix
2025-02-03T18:10:00.000Z;ENTRADA;Venda;Venda #685951;8;Pix
2025-02-03T17:57:00.000Z;ENTRADA;Venda;Venda #685951;360;Pix
2025-02-03T16:22:00.000Z;ENTRADA;Venda;Venda #685951;8;Pix
2025-02-03T03:00:00.000Z;SAÍDA;DESPESAS OPERACIONAIS;Compra de Insumos Reposição;-2228.0968131042164;Dinheiro/Banco
2025-01-31T22:50:00.000Z;ENTRADA;Venda;Venda #685951;135;Pix
2025-01-31T22:41:00.000Z;ENTRADA;Venda;Venda #685951;90;Pix
2025-01-31T22:02:00.000Z;ENTRADA;Venda;Venda #685951;24;Pix
2025-01-31T22:00:00.000Z;ENTRADA;Venda;Venda #685951;120;Pix
2025-01-31T21:57:00.000Z;ENTRADA;Venda;Venda #685951;16;Pix
2025-01-31T21:51:00.000Z;ENTRADA;Venda;Venda #685951;360;Pix
2025-01-31T21:49:00.000Z;ENTRADA;Venda;Venda #685951;16;Pix
2025-01-31T21:48:00.000Z;ENTRADA;Venda;Venda #685951;240;Pix
2025-01-31T21:47:00.000Z;ENTRADA;Venda;Venda #685951;135;Pix
2025-01-31T21:35:00.000Z;ENTRADA;Venda;Venda #685951;255;Pix
2025-01-31T21:31:00.000Z;ENTRADA;Venda;Venda #685951;45;Pix
2025-01-31T21:24:00.000Z;ENTRADA;Venda;Venda #685951;120;Pix
2025-01-31T21:20:00.000Z;ENTRADA;Venda;Venda #685951;120;Pix
2025-01-31T21:19:00.000Z;ENTRADA;Venda;Venda #685951;16;Pix
2025-01-31T21:19:00.000Z;ENTRADA;Venda;Venda #685951;255;Pix
2025-01-31T21:05:00.000Z;ENTRADA;Venda;Venda #685951;8;Pix
2025-01-31T20:47:00.000Z;ENTRADA;Venda;Venda #685951;8;Pix
2025-01-31T20:21:00.000Z;ENTRADA;Venda;Venda #685951;135;Pix
2025-01-31T20:20:00.000Z;ENTRADA;Venda;Venda #685951;360;Pix
2025-01-31T20:18:00.000Z;ENTRADA;Venda;Venda #685951;240;Pix
2025-01-31T20:08:00.000Z;ENTRADA;Venda;Venda #685951;90;Pix
2025-01-31T19:58:00.000Z;ENTRADA;Venda;Venda #685951;240;Pix
2025-01-31T19:41:00.000Z;ENTRADA;Venda;Venda #685951;135;Pix
2025-01-31T19:33:00.000Z;ENTRADA;Venda;Venda #685951;255;Pix
2025-01-31T19:17:00.000Z;ENTRADA;Venda;Venda #685951;120;Pix
2025-01-31T19:12:00.000Z;ENTRADA;Venda;Venda #685951;85;Pix
2025-01-31T19:12:00.000Z;ENTRADA;Venda;Venda #685951;90;Pix
2025-01-31T19:00:00.000Z;ENTRADA;Venda;Venda #685951;170;Pix
2025-01-31T18:45:00.000Z;ENTRADA;Venda;Venda #685951;45;Pix
2025-01-31T18:44:00.000Z;ENTRADA;Venda;Venda #685951;135;Pix
2025-01-31T18:26:00.000Z;ENTRADA;Venda;Venda #685951;170;Pix
2025-01-31T18:12:00.000Z;ENTRADA;Venda;Venda #685951;240;Pix
2025-01-31T18:05:00.000Z;ENTRADA;Venda;Venda #685951;45;Pix
2025-01-31T17:57:00.000Z;ENTRADA;Venda;Venda #685951;16;Pix
2025-01-31T17:49:00.000Z;ENTRADA;Venda;Venda #685951;170;Pix
2025-01-31T17:33:00.000Z;ENTRADA;Venda;Venda #685951;255;Pix
2025-01-31T17:14:00.000Z;ENTRADA;Venda;Venda #685951;45;Pix
2025-01-31T17:11:00.000Z;ENTRADA;Venda;Venda #685951;360;Pix
2025-01-31T17:09:00.000Z;ENTRADA;Venda;Venda #685951;8;Pix
2025-01-31T16:50:00.000Z;ENTRADA;Venda;Venda #685951;16;Pix
2025-01-31T16:19:00.000Z;ENTRADA;Venda;Venda #685951;90;Pix
2025-01-31T16:18:00.000Z;ENTRADA;Venda;Venda #685951;85;Pix
2025-01-31T16:09:00.000Z;ENTRADA;Venda;Venda #685951;135;Pix
2025-01-31T15:58:00.000Z;ENTRADA;Venda;Venda #685951;8;Pix
2025-01-31T15:58:00.000Z;ENTRADA;Venda;Venda #685951;90;Pix
2025-01-31T15:52:00.000Z;ENTRADA;Venda;Venda #685951;170;Pix
2025-01-31T15:42:00.000Z;ENTRADA;Venda;Venda #685951;45;Pix
2025-01-31T15:39:00.000Z;ENTRADA;Venda;Venda #685951;240;Pix
2025-01-31T15:37:00.000Z;ENTRADA;Venda;Venda #685951;8;Pix
2025-01-31T15:22:00.000Z;ENTRADA;Venda;Venda #685951;255;Pix
2025-01-31T15:19:00.000Z;ENTRADA;Venda;Venda #685951;135;Pix
2025-01-31T15:00:00.000Z;ENTRADA;Venda;Venda #685951;8;Pix
2025-01-30T22:51:00.000Z;ENTRADA;Venda;Venda #685950;135;Pix
2025-01-30T22:47:00.000Z;ENTRADA;Venda;Venda #685951;360;Pix
2025-01-30T22:41:00.000Z;ENTRADA;Venda;Venda #685950;255;Pix
2025-01-30T22:04:00.000Z;ENTRADA;Venda;Venda #685950;8;Pix
2025-01-30T21:49:00.000Z;ENTRADA;Venda;Venda #685950;120;Pix
2025-01-30T21:35:00.000Z;ENTRADA;Venda;Venda #685950;24;Pix
2025-01-30T21:28:00.000Z;ENTRADA;Venda;Venda #685950;85;Pix
2025-01-30T21:20:00.000Z;ENTRADA;Venda;Venda #685951;24;Pix
2025-01-30T21:06:00.000Z;ENTRADA;Venda;Venda #685950;135;Pix
2025-01-30T21:01:00.000Z;ENTRADA;Venda;Venda #685950;170;Pix
2025-01-30T20:46:00.000Z;ENTRADA;Venda;Venda #685950;24;Pix
2025-01-30T20:44:00.000Z;ENTRADA;Venda;Venda #685950;85;Pix
2025-01-30T20:43:00.000Z;ENTRADA;Venda;Venda #685950;16;Pix
2025-01-30T20:39:00.000Z;ENTRADA;Venda;Venda #685950;85;Pix
2025-01-30T20:30:00.000Z;ENTRADA;Venda;Venda #685950;170;Pix
2025-01-30T20:22:00.000Z;ENTRADA;Venda;Venda #685951;24;Pix
2025-01-30T20:10:00.000Z;ENTRADA;Venda;Venda #685951;255;Pix
2025-01-30T19:50:00.000Z;ENTRADA;Venda;Venda #685950;255;Pix
2025-01-30T19:32:00.000Z;ENTRADA;Venda;Venda #685950;240;Pix
2025-01-30T19:24:00.000Z;ENTRADA;Venda;Venda #685950;45;Pix
2025-01-30T19:23:00.000Z;ENTRADA;Venda;Venda #685950;24;Pix
2025-01-30T18:56:00.000Z;ENTRADA;Venda;Venda #685951;8;Pix
2025-01-30T18:44:00.000Z;ENTRADA;Venda;Venda #685950;24;Pix
2025-01-30T18:40:00.000Z;ENTRADA;Venda;Venda #685950;135;Pix
2025-01-30T18:40:00.000Z;ENTRADA;Venda;Venda #685950;360;Pix
2025-01-30T18:28:00.000Z;ENTRADA;Venda;Venda #685950;24;Pix
2025-01-30T18:13:00.000Z;ENTRADA;Venda;Venda #685950;16;Pix
2025-01-30T18:11:00.000Z;ENTRADA;Venda;Venda #685950;255;Pix
2025-01-30T18:09:00.000Z;ENTRADA;Venda;Venda #685950;240;Pix
2025-01-30T18:01:00.000Z;ENTRADA;Venda;Venda #685950;90;Pix
2025-01-30T17:57:00.000Z;ENTRADA;Venda;Venda #685950;8;Pix
2025-01-30T17:53:00.000Z;ENTRADA;Venda;Venda #685950;85;Pix
2025-01-30T17:40:00.000Z;ENTRADA;Venda;Venda #685950;90;Pix
2025-01-30T17:34:00.000Z;ENTRADA;Venda;Venda #685950;16;Pix
2025-01-30T17:21:00.000Z;ENTRADA;Venda;Venda #685950;8;Pix
2025-01-30T16:54:00.000Z;ENTRADA;Venda;Venda #685950;360;Pix
2025-01-30T16:52:00.000Z;ENTRADA;Venda;Venda #685950;135;Pix
2025-01-30T16:48:00.000Z;ENTRADA;Venda;Venda #685950;170;Pix
2025-01-30T16:47:00.000Z;ENTRADA;Venda;Venda #685950;170;Pix
2025-01-30T16:40:00.000Z;ENTRADA;Venda;Venda #685950;170;Pix
2025-01-30T16:33:00.000Z;ENTRADA;Venda;Venda #685950;90;Pix
2025-01-30T16:33:00.000Z;ENTRADA;Venda;Venda #685950;85;Pix
2025-01-30T16:29:00.000Z;ENTRADA;Venda;Venda #685950;120;Pix
2025-01-30T16:29:00.000Z;ENTRADA;Venda;Venda #685950;16;Pix
2025-01-30T16:20:00.000Z;ENTRADA;Venda;Venda #685950;16;Pix
2025-01-30T16:11:00.000Z;ENTRADA;Venda;Venda #685950;24;Pix
2025-01-30T16:02:00.000Z;ENTRADA;Venda;Venda #685951;16;Pix
2025-01-30T15:54:00.000Z;ENTRADA;Venda;Venda #685950;90;Pix
2025-01-30T15:53:00.000Z;ENTRADA;Venda;Venda #685950;24;Pix
2025-01-30T15:50:00.000Z;ENTRADA;Venda;Venda #685950;45;Pix
2025-01-30T15:46:00.000Z;ENTRADA;Venda;Venda #685950;240;Pix
2025-01-30T15:40:00.000Z;ENTRADA;Venda;Venda #685950;85;Pix
2025-01-30T15:31:00.000Z;ENTRADA;Venda;Venda #685950;16;Pix
2025-01-30T15:25:00.000Z;ENTRADA;Venda;Venda #685950;170;Pix
2025-01-30T15:23:00.000Z;ENTRADA;Venda;Venda #685951;360;Pix
2025-01-30T15:21:00.000Z;ENTRADA;Venda;Venda #685951;120;Pix
2025-01-30T15:12:00.000Z;ENTRADA;Venda;Venda #685950;24;Pix
2025-01-30T15:10:00.000Z;ENTRADA;Venda;Venda #685950;240;Pix
2025-01-30T03:00:00.000Z;SAÍDA;DESPESAS OPERACIONAIS;Compra de Insumos Reposição;-1838.7508230680262;Dinheiro/Banco
2025-01-29T22:47:00.000Z;ENTRADA;Venda;Venda #685950;120;Pix
2025-01-29T22:34:00.000Z;ENTRADA;Venda;Venda #685950;90;Pix
2025-01-29T22:33:00.000Z;ENTRADA;Venda;Venda #685950;255;Pix
2025-01-29T22:08:00.000Z;ENTRADA;Venda;Venda #685950;135;Pix
2025-01-29T22:02:00.000Z;ENTRADA;Venda;Venda #685950;85;Pix
2025-01-29T21:56:00.000Z;ENTRADA;Venda;Venda #685950;85;Pix
2025-01-29T21:51:00.000Z;ENTRADA;Venda;Venda #685950;90;Pix
2025-01-29T21:48:00.000Z;ENTRADA;Venda;Venda #685950;240;Pix
2025-01-29T21:40:00.000Z;ENTRADA;Venda;Venda #685950;45;Pix
2025-01-29T21:28:00.000Z;ENTRADA;Venda;Venda #685950;24;Pix
2025-01-29T21:25:00.000Z;ENTRADA;Venda;Venda #685950;120;Pix
2025-01-29T21:22:00.000Z;ENTRADA;Venda;Venda #685950;135;Pix
2025-01-29T21:20:00.000Z;ENTRADA;Venda;Venda #685950;360;Pix
2025-01-29T21:07:00.000Z;ENTRADA;Venda;Venda #685950;135;Pix
2025-01-29T20:51:00.000Z;ENTRADA;Venda;Venda #685950;120;Pix
2025-01-29T20:51:00.000Z;ENTRADA;Venda;Venda #685950;45;Pix
2025-01-29T20:38:00.000Z;ENTRADA;Venda;Venda #685950;255;Pix
2025-01-29T20:38:00.000Z;ENTRADA;Venda;Venda #685950;120;Pix
2025-01-29T20:19:00.000Z;ENTRADA;Venda;Venda #685950;90;Pix
2025-01-29T20:14:00.000Z;ENTRADA;Venda;Venda #685950;8;Pix
2025-01-29T20:08:00.000Z;ENTRADA;Venda;Venda #685950;8;Pix
2025-01-29T19:53:00.000Z;ENTRADA;Venda;Venda #685950;135;Pix
2025-01-29T19:46:00.000Z;ENTRADA;Venda;Venda #685950;170;Pix
2025-01-29T19:31:00.000Z;ENTRADA;Venda;Venda #685950;8;Pix
2025-01-29T19:27:00.000Z;ENTRADA;Venda;Venda #685950;240;Pix
2025-01-29T18:58:00.000Z;ENTRADA;Venda;Venda #685950;255;Pix
2025-01-29T18:52:00.000Z;ENTRADA;Venda;Venda #685950;90;Pix
2025-01-29T18:45:00.000Z;ENTRADA;Venda;Venda #685950;45;Pix
2025-01-29T18:41:00.000Z;ENTRADA;Venda;Venda #685950;16;Pix
2025-01-29T18:39:00.000Z;ENTRADA;Venda;Venda #685950;170;Pix
2025-01-29T18:39:00.000Z;ENTRADA;Venda;Venda #685950;255;Pix
2025-01-29T18:37:00.000Z;ENTRADA;Venda;Venda #685950;360;Pix
2025-01-29T18:35:00.000Z;ENTRADA;Venda;Venda #685950;240;Pix
2025-01-29T18:02:00.000Z;ENTRADA;Venda;Venda #685950;255;Pix
2025-01-29T18:00:00.000Z;ENTRADA;Venda;Venda #685950;240;Pix
2025-01-29T17:40:00.000Z;ENTRADA;Venda;Venda #685950;360;Pix
2025-01-29T17:23:00.000Z;ENTRADA;Venda;Venda #685950;360;Pix
2025-01-29T17:16:00.000Z;ENTRADA;Venda;Venda #685950;8;Pix
2025-01-29T16:56:00.000Z;ENTRADA;Venda;Venda #685950;16;Pix
2025-01-29T16:42:00.000Z;ENTRADA;Venda;Venda #685950;90;Pix
2025-01-29T16:39:00.000Z;ENTRADA;Venda;Venda #685950;85;Pix
2025-01-29T16:39:00.000Z;ENTRADA;Venda;Venda #685950;170;Pix
2025-01-29T16:35:00.000Z;ENTRADA;Venda;Venda #685950;24;Pix
2025-01-29T16:20:00.000Z;ENTRADA;Venda;Venda #685950;8;Pix
2025-01-29T16:19:00.000Z;ENTRADA;Venda;Venda #685950;24;Pix
2025-01-29T16:14:00.000Z;ENTRADA;Venda;Venda #685950;45;Pix
2025-01-29T15:58:00.000Z;ENTRADA;Venda;Venda #685950;24;Pix
2025-01-29T15:48:00.000Z;ENTRADA;Venda;Venda #685950;24;Pix
2025-01-29T15:44:00.000Z;ENTRADA;Venda;Venda #685950;85;Pix
2025-01-29T15:34:00.000Z;ENTRADA;Venda;Venda #685950;85;Pix
2025-01-29T15:11:00.000Z;ENTRADA;Venda;Venda #685950;255;Pix
2025-01-28T22:52:00.000Z;ENTRADA;Venda;Venda #685950;120;Pix
2025-01-28T22:50:00.000Z;ENTRADA;Venda;Venda #685950;170;Pix
2025-01-28T22:41:00.000Z;ENTRADA;Venda;Venda #685950;90;Pix
2025-01-28T22:36:00.000Z;ENTRADA;Venda;Venda #685950;85;Pix
2025-01-28T22:08:00.000Z;ENTRADA;Venda;Venda #685950;135;Pix
2025-01-28T21:55:00.000Z;ENTRADA;Venda;Venda #685950;240;Pix
2025-01-28T21:53:00.000Z;ENTRADA;Venda;Venda #685950;120;Pix
2025-01-28T21:49:00.000Z;ENTRADA;Venda;Venda #685950;90;Pix
2025-01-28T21:47:00.000Z;ENTRADA;Venda;Venda #685950;255;Pix
2025-01-28T21:14:00.000Z;ENTRADA;Venda;Venda #685950;240;Pix
2025-01-28T21:06:00.000Z;ENTRADA;Venda;Venda #685950;120;Pix
2025-01-28T21:00:00.000Z;ENTRADA;Venda;Venda #685950;90;Pix
2025-01-28T20:28:00.000Z;ENTRADA;Venda;Venda #685950;240;Pix
2025-01-28T20:26:00.000Z;ENTRADA;Venda;Venda #685950;85;Pix
2025-01-28T20:05:00.000Z;ENTRADA;Venda;Venda #685950;45;Pix
2025-01-28T20:03:00.000Z;ENTRADA;Venda;Venda #685950;45;Pix
2025-01-28T20:01:00.000Z;ENTRADA;Venda;Venda #685950;170;Pix
2025-01-28T19:24:00.000Z;ENTRADA;Venda;Venda #685950;360;Pix
2025-01-28T19:07:00.000Z;ENTRADA;Venda;Venda #685950;45;Pix
2025-01-28T18:42:00.000Z;ENTRADA;Venda;Venda #685950;135;Pix
2025-01-28T18:33:00.000Z;ENTRADA;Venda;Venda #685950;90;Pix
2025-01-28T18:24:00.000Z;ENTRADA;Venda;Venda #685950;24;Pix
2025-01-28T18:12:00.000Z;ENTRADA;Venda;Venda #685950;120;Pix
2025-01-28T18:09:00.000Z;ENTRADA;Venda;Venda #685950;135;Pix
2025-01-28T18:09:00.000Z;ENTRADA;Venda;Venda #685950;120;Pix
2025-01-28T18:00:00.000Z;ENTRADA;Venda;Venda #685950;85;Pix
2025-01-28T17:52:00.000Z;ENTRADA;Venda;Venda #685950;8;Pix
2025-01-28T17:51:00.000Z;ENTRADA;Venda;Venda #685950;255;Pix
2025-01-28T17:48:00.000Z;ENTRADA;Venda;Venda #685950;135;Pix
2025-01-28T17:41:00.000Z;ENTRADA;Venda;Venda #685950;135;Pix
2025-01-28T17:33:00.000Z;ENTRADA;Venda;Venda #685950;90;Pix
2025-01-28T17:13:00.000Z;ENTRADA;Venda;Venda #685950;8;Pix
2025-01-28T17:13:00.000Z;ENTRADA;Venda;Venda #685950;8;Pix
2025-01-28T16:57:00.000Z;ENTRADA;Venda;Venda #685950;170;Pix
2025-01-28T16:54:00.000Z;ENTRADA;Venda;Venda #685950;120;Pix
2025-01-28T16:46:00.000Z;ENTRADA;Venda;Venda #685950;360;Pix
2025-01-28T16:32:00.000Z;ENTRADA;Venda;Venda #685950;170;Pix
2025-01-28T16:25:00.000Z;ENTRADA;Venda;Venda #685950;24;Pix
2025-01-28T16:11:00.000Z;ENTRADA;Venda;Venda #685950;360;Pix
2025-01-28T16:02:00.000Z;ENTRADA;Venda;Venda #685950;90;Pix
2025-01-28T15:44:00.000Z;ENTRADA;Venda;Venda #685950;90;Pix
2025-01-28T15:38:00.000Z;ENTRADA;Venda;Venda #685950;45;Pix
2025-01-28T15:30:00.000Z;ENTRADA;Venda;Venda #685950;16;Pix
2025-01-28T15:26:00.000Z;ENTRADA;Venda;Venda #685950;120;Pix
2025-01-28T15:18:00.000Z;ENTRADA;Venda;Venda #685950;120;Pix
2025-01-28T15:18:00.000Z;ENTRADA;Venda;Venda #685950;24;Pix
2025-01-28T15:11:00.000Z;ENTRADA;Venda;Venda #685950;360;Pix
2025-01-28T15:03:00.000Z;ENTRADA;Venda;Venda #685950;24;Pix
2025-01-28T15:03:00.000Z;ENTRADA;Venda;Venda #685950;255;Pix
2025-01-28T15:02:00.000Z;ENTRADA;Venda;Venda #685950;90;Pix
2025-01-27T22:43:00.000Z;ENTRADA;Venda;Venda #685950;90;Pix
2025-01-27T22:41:00.000Z;ENTRADA;Venda;Venda #685950;45;Pix
2025-01-27T22:31:00.000Z;ENTRADA;Venda;Venda #685950;24;Pix
2025-01-27T22:19:00.000Z;ENTRADA;Venda;Venda #685950;120;Pix
2025-01-27T22:07:00.000Z;ENTRADA;Venda;Venda #685950;135;Pix
2025-01-27T21:42:00.000Z;ENTRADA;Venda;Venda #685950;170;Pix
2025-01-27T21:30:00.000Z;ENTRADA;Venda;Venda #685950;85;Pix
2025-01-27T21:29:00.000Z;ENTRADA;Venda;Venda #685950;255;Pix
2025-01-27T21:05:00.000Z;ENTRADA;Venda;Venda #685950;255;Pix
2025-01-27T20:57:00.000Z;ENTRADA;Venda;Venda #685950;240;Pix
2025-01-27T20:40:00.000Z;ENTRADA;Venda;Venda #685950;360;Pix
2025-01-27T20:21:00.000Z;ENTRADA;Venda;Venda #685950;16;Pix
2025-01-27T20:17:00.000Z;ENTRADA;Venda;Venda #685950;120;Pix
2025-01-27T20:17:00.000Z;ENTRADA;Venda;Venda #685950;45;Pix
2025-01-27T19:47:00.000Z;ENTRADA;Venda;Venda #685950;240;Pix
2025-01-27T19:44:00.000Z;ENTRADA;Venda;Venda #685950;16;Pix
2025-01-27T19:27:00.000Z;ENTRADA;Venda;Venda #685950;360;Pix
2025-01-27T19:14:00.000Z;ENTRADA;Venda;Venda #685950;120;Pix
2025-01-27T19:14:00.000Z;ENTRADA;Venda;Venda #685950;135;Pix
2025-01-27T19:00:00.000Z;ENTRADA;Venda;Venda #685950;90;Pix
2025-01-27T19:00:00.000Z;ENTRADA;Venda;Venda #685950;255;Pix
2025-01-27T18:57:00.000Z;ENTRADA;Venda;Venda #685950;135;Pix
2025-01-27T18:44:00.000Z;ENTRADA;Venda;Venda #685950;255;Pix
2025-01-27T18:43:00.000Z;ENTRADA;Venda;Venda #685950;360;Pix
2025-01-27T18:11:00.000Z;ENTRADA;Venda;Venda #685950;240;Pix
2025-01-27T18:04:00.000Z;ENTRADA;Venda;Venda #685950;360;Pix
2025-01-27T18:01:00.000Z;ENTRADA;Venda;Venda #685950;8;Pix
2025-01-27T17:30:00.000Z;ENTRADA;Venda;Venda #685950;45;Pix
2025-01-27T17:27:00.000Z;ENTRADA;Venda;Venda #685950;360;Pix
2025-01-27T16:27:00.000Z;ENTRADA;Venda;Venda #685950;240;Pix
2025-01-27T16:21:00.000Z;ENTRADA;Venda;Venda #685950;16;Pix
2025-01-27T16:20:00.000Z;ENTRADA;Venda;Venda #685950;255;Pix
2025-01-27T16:11:00.000Z;ENTRADA;Venda;Venda #685950;16;Pix
2025-01-27T16:10:00.000Z;ENTRADA;Venda;Venda #685950;360;Pix
2025-01-27T16:09:00.000Z;ENTRADA;Venda;Venda #685950;90;Pix
2025-01-27T15:43:00.000Z;ENTRADA;Venda;Venda #685950;90;Pix
2025-01-27T15:28:00.000Z;ENTRADA;Venda;Venda #685950;255;Pix
2025-01-27T15:08:00.000Z;ENTRADA;Venda;Venda #685950;24;Pix
2025-01-27T15:05:00.000Z;ENTRADA;Venda;Venda #685950;255;Pix
2025-01-27T15:04:00.000Z;ENTRADA;Venda;Venda #685950;45;Pix
2025-01-27T15:03:00.000Z;ENTRADA;Venda;Venda #685950;24;Pix
2025-01-27T03:00:00.000Z;SAÍDA;DESPESAS OPERACIONAIS;Compra de Insumos Reposição;-2361.216414037867;Dinheiro/Banco
2025-01-24T22:40:00.000Z;ENTRADA;Venda;Venda #685950;8;Pix
2025-01-24T22:38:00.000Z;ENTRADA;Venda;Venda #685950;45;Pix
2025-01-24T22:38:00.000Z;ENTRADA;Venda;Venda #685950;85;Pix
2025-01-24T22:34:00.000Z;ENTRADA;Venda;Venda #685950;16;Pix
2025-01-24T22:25:00.000Z;ENTRADA;Venda;Venda #685950;360;Pix
2025-01-24T22:10:00.000Z;ENTRADA;Venda;Venda #685950;90;Pix
2025-01-24T22:09:00.000Z;ENTRADA;Venda;Venda #685950;8;Pix
2025-01-24T22:06:00.000Z;ENTRADA;Venda;Venda #685950;120;Pix
2025-01-24T21:58:00.000Z;ENTRADA;Venda;Venda #685950;170;Pix
2025-01-24T21:43:00.000Z;ENTRADA;Venda;Venda #685950;240;Pix
2025-01-24T21:33:00.000Z;ENTRADA;Venda;Venda #685950;135;Pix
2025-01-24T21:29:00.000Z;ENTRADA;Venda;Venda #685950;240;Pix
2025-01-24T21:14:00.000Z;ENTRADA;Venda;Venda #685950;45;Pix
2025-01-24T21:04:00.000Z;ENTRADA;Venda;Venda #685950;16;Pix
2025-01-24T20:56:00.000Z;ENTRADA;Venda;Venda #685950;360;Pix
2025-01-24T20:49:00.000Z;ENTRADA;Venda;Venda #685950;45;Pix
2025-01-24T20:49:00.000Z;ENTRADA;Venda;Venda #685950;360;Pix
2025-01-24T20:48:00.000Z;ENTRADA;Venda;Venda #685950;240;Pix
2025-01-24T20:37:00.000Z;ENTRADA;Venda;Venda #685950;135;Pix
2025-01-24T20:36:00.000Z;ENTRADA;Venda;Venda #685950;240;Pix
2025-01-24T20:34:00.000Z;ENTRADA;Venda;Venda #685950;255;Pix
2025-01-24T19:34:00.000Z;ENTRADA;Venda;Venda #685950;90;Pix
2025-01-24T19:28:00.000Z;ENTRADA;Venda;Venda #685950;45;Pix
2025-01-24T19:14:00.000Z;ENTRADA;Venda;Venda #685950;135;Pix
2025-01-24T19:05:00.000Z;ENTRADA;Venda;Venda #685950;85;Pix
2025-01-24T19:00:00.000Z;ENTRADA;Venda;Venda #685950;85;Pix
2025-01-24T19:00:00.000Z;ENTRADA;Venda;Venda #685950;240;Pix
2025-01-24T18:48:00.000Z;ENTRADA;Venda;Venda #685950;170;Pix
2025-01-24T18:13:00.000Z;ENTRADA;Venda;Venda #685950;360;Pix
2025-01-24T18:05:00.000Z;ENTRADA;Venda;Venda #685950;45;Pix
2025-01-24T18:00:00.000Z;ENTRADA;Venda;Venda #685950;240;Pix
2025-01-24T17:43:00.000Z;ENTRADA;Venda;Venda #685950;45;Pix
2025-01-24T17:43:00.000Z;ENTRADA;Venda;Venda #685950;135;Pix
2025-01-24T17:33:00.000Z;ENTRADA;Venda;Venda #685950;360;Pix
2025-01-24T17:11:00.000Z;ENTRADA;Venda;Venda #685950;45;Pix
2025-01-24T16:55:00.000Z;ENTRADA;Venda;Venda #685950;135;Pix
2025-01-24T16:52:00.000Z;ENTRADA;Venda;Venda #685950;85;Pix
2025-01-24T16:48:00.000Z;ENTRADA;Venda;Venda #685950;120;Pix
2025-01-24T16:37:00.000Z;ENTRADA;Venda;Venda #685950;24;Pix
2025-01-24T16:20:00.000Z;ENTRADA;Venda;Venda #685950;120;Pix
2025-01-24T16:12:00.000Z;ENTRADA;Venda;Venda #685950;360;Pix
2025-01-24T16:04:00.000Z;ENTRADA;Venda;Venda #685950;90;Pix
2025-01-24T15:42:00.000Z;ENTRADA;Venda;Venda #685950;120;Pix
2025-01-24T15:32:00.000Z;ENTRADA;Venda;Venda #685950;120;Pix
2025-01-24T15:20:00.000Z;ENTRADA;Venda;Venda #685950;255;Pix
2025-01-24T15:20:00.000Z;ENTRADA;Venda;Venda #685950;24;Pix
2025-01-24T15:14:00.000Z;ENTRADA;Venda;Venda #685950;8;Pix
2025-01-24T03:00:00.000Z;SAÍDA;DESPESAS OPERACIONAIS;Compra de Insumos Reposição;-1939.103491112833;Dinheiro/Banco
2025-01-23T22:45:00.000Z;ENTRADA;Venda;Venda #685950;170;Pix
2025-01-23T22:43:00.000Z;ENTRADA;Venda;Venda #685949;170;Pix
2025-01-23T22:16:00.000Z;ENTRADA;Venda;Venda #685949;255;Pix
2025-01-23T21:58:00.000Z;ENTRADA;Venda;Venda #685950;240;Pix
2025-01-23T21:56:00.000Z;ENTRADA;Venda;Venda #685950;135;Pix
2025-01-23T21:45:00.000Z;ENTRADA;Venda;Venda #685949;16;Pix
2025-01-23T21:42:00.000Z;ENTRADA;Venda;Venda #685949;16;Pix
2025-01-23T21:37:00.000Z;ENTRADA;Venda;Venda #685949;16;Pix
2025-01-23T21:16:00.000Z;ENTRADA;Venda;Venda #685950;16;Pix
2025-01-23T21:12:00.000Z;ENTRADA;Venda;Venda #685949;360;Pix
2025-01-23T21:09:00.000Z;ENTRADA;Venda;Venda #685950;255;Pix
2025-01-23T21:08:00.000Z;ENTRADA;Venda;Venda #685950;255;Pix
2025-01-23T21:04:00.000Z;ENTRADA;Venda;Venda #685949;135;Pix
2025-01-23T20:58:00.000Z;ENTRADA;Venda;Venda #685949;8;Pix
2025-01-23T20:53:00.000Z;ENTRADA;Venda;Venda #685949;90;Pix
2025-01-23T20:41:00.000Z;ENTRADA;Venda;Venda #685950;360;Pix
2025-01-23T20:18:00.000Z;ENTRADA;Venda;Venda #685949;85;Pix
2025-01-23T19:53:00.000Z;ENTRADA;Venda;Venda #685950;24;Pix
2025-01-23T19:31:00.000Z;ENTRADA;Venda;Venda #685950;120;Pix
2025-01-23T19:28:00.000Z;ENTRADA;Venda;Venda #685949;255;Pix
2025-01-23T19:17:00.000Z;ENTRADA;Venda;Venda #685949;170;Pix
2025-01-23T19:15:00.000Z;ENTRADA;Venda;Venda #685950;16;Pix
2025-01-23T18:54:00.000Z;ENTRADA;Venda;Venda #685950;16;Pix
2025-01-23T18:42:00.000Z;ENTRADA;Venda;Venda #685950;24;Pix
2025-01-23T18:33:00.000Z;ENTRADA;Venda;Venda #685949;135;Pix
2025-01-23T18:22:00.000Z;ENTRADA;Venda;Venda #685950;90;Pix
2025-01-23T18:16:00.000Z;ENTRADA;Venda;Venda #685950;240;Pix
2025-01-23T18:08:00.000Z;ENTRADA;Venda;Venda #685949;170;Pix
2025-01-23T18:06:00.000Z;ENTRADA;Venda;Venda #685949;135;Pix
2025-01-23T18:06:00.000Z;ENTRADA;Venda;Venda #685950;255;Pix
2025-01-23T17:54:00.000Z;ENTRADA;Venda;Venda #685949;24;Pix
2025-01-23T17:40:00.000Z;ENTRADA;Venda;Venda #685949;240;Pix
2025-01-23T17:18:00.000Z;ENTRADA;Venda;Venda #685949;90;Pix
2025-01-23T17:17:00.000Z;ENTRADA;Venda;Venda #685950;45;Pix
2025-01-23T17:14:00.000Z;ENTRADA;Venda;Venda #685950;85;Pix
2025-01-23T17:07:00.000Z;ENTRADA;Venda;Venda #685950;120;Pix
2025-01-23T17:02:00.000Z;ENTRADA;Venda;Venda #685949;90;Pix
2025-01-23T16:39:00.000Z;ENTRADA;Venda;Venda #685949;45;Pix
2025-01-23T16:38:00.000Z;ENTRADA;Venda;Venda #685949;45;Pix
2025-01-23T16:33:00.000Z;ENTRADA;Venda;Venda #685950;120;Pix
2025-01-23T16:12:00.000Z;ENTRADA;Venda;Venda #685950;85;Pix
2025-01-23T16:11:00.000Z;ENTRADA;Venda;Venda #685950;170;Pix
2025-01-23T16:09:00.000Z;ENTRADA;Venda;Venda #685949;8;Pix
2025-01-23T16:07:00.000Z;ENTRADA;Venda;Venda #685950;45;Pix
2025-01-23T16:05:00.000Z;ENTRADA;Venda;Venda #685949;240;Pix
2025-01-23T15:53:00.000Z;ENTRADA;Venda;Venda #685950;24;Pix
2025-01-23T15:49:00.000Z;ENTRADA;Venda;Venda #685949;170;Pix
2025-01-23T15:29:00.000Z;ENTRADA;Venda;Venda #685950;240;Pix
2025-01-23T15:27:00.000Z;ENTRADA;Venda;Venda #685949;170;Pix
2025-01-23T15:10:00.000Z;ENTRADA;Venda;Venda #685949;85;Pix
2025-01-23T15:10:00.000Z;ENTRADA;Venda;Venda #685950;135;Pix
2025-01-23T15:00:00.000Z;ENTRADA;Venda;Venda #685950;170;Pix
2025-01-22T22:49:00.000Z;ENTRADA;Venda;Venda #685949;8;Pix
2025-01-22T22:33:00.000Z;ENTRADA;Venda;Venda #685949;24;Pix
2025-01-22T21:45:00.000Z;ENTRADA;Venda;Venda #685949;360;Pix
2025-01-22T21:35:00.000Z;ENTRADA;Venda;Venda #685949;85;Pix
2025-01-22T21:23:00.000Z;ENTRADA;Venda;Venda #685949;135;Pix
2025-01-22T21:15:00.000Z;ENTRADA;Venda;Venda #685949;240;Pix
2025-01-22T21:07:00.000Z;ENTRADA;Venda;Venda #685949;120;Pix
2025-01-22T20:55:00.000Z;ENTRADA;Venda;Venda #685949;255;Pix
2025-01-22T20:41:00.000Z;ENTRADA;Venda;Venda #685949;170;Pix
2025-01-22T20:37:00.000Z;ENTRADA;Venda;Venda #685949;120;Pix
2025-01-22T20:16:00.000Z;ENTRADA;Venda;Venda #685949;240;Pix
2025-01-22T20:09:00.000Z;ENTRADA;Venda;Venda #685949;255;Pix
2025-01-22T20:06:00.000Z;ENTRADA;Venda;Venda #685949;255;Pix
2025-01-22T19:55:00.000Z;ENTRADA;Venda;Venda #685949;240;Pix
2025-01-22T19:42:00.000Z;ENTRADA;Venda;Venda #685949;240;Pix
2025-01-22T19:35:00.000Z;ENTRADA;Venda;Venda #685949;85;Pix
2025-01-22T19:35:00.000Z;ENTRADA;Venda;Venda #685949;135;Pix
2025-01-22T19:34:00.000Z;ENTRADA;Venda;Venda #685949;135;Pix
2025-01-22T19:30:00.000Z;ENTRADA;Venda;Venda #685949;16;Pix
2025-01-22T19:26:00.000Z;ENTRADA;Venda;Venda #685949;360;Pix
2025-01-22T19:19:00.000Z;ENTRADA;Venda;Venda #685949;45;Pix
2025-01-22T18:30:00.000Z;ENTRADA;Venda;Venda #685949;360;Pix
2025-01-22T18:20:00.000Z;ENTRADA;Venda;Venda #685949;45;Pix
2025-01-22T17:49:00.000Z;ENTRADA;Venda;Venda #685949;24;Pix
2025-01-22T17:36:00.000Z;ENTRADA;Venda;Venda #685949;90;Pix
2025-01-22T17:30:00.000Z;ENTRADA;Venda;Venda #685949;45;Pix
2025-01-22T17:30:00.000Z;ENTRADA;Venda;Venda #685949;24;Pix
2025-01-22T17:12:00.000Z;ENTRADA;Venda;Venda #685949;24;Pix
2025-01-22T16:54:00.000Z;ENTRADA;Venda;Venda #685949;24;Pix
2025-01-22T16:54:00.000Z;ENTRADA;Venda;Venda #685949;170;Pix
2025-01-22T16:34:00.000Z;ENTRADA;Venda;Venda #685949;255;Pix
2025-01-22T16:29:00.000Z;ENTRADA;Venda;Venda #685949;120;Pix
2025-01-22T16:25:00.000Z;ENTRADA;Venda;Venda #685949;170;Pix
2025-01-22T16:25:00.000Z;ENTRADA;Venda;Venda #685949;120;Pix
2025-01-22T16:20:00.000Z;ENTRADA;Venda;Venda #685949;8;Pix
2025-01-22T16:07:00.000Z;ENTRADA;Venda;Venda #685949;170;Pix
2025-01-22T15:49:00.000Z;ENTRADA;Venda;Venda #685949;135;Pix
2025-01-22T15:48:00.000Z;ENTRADA;Venda;Venda #685949;360;Pix
2025-01-22T15:44:00.000Z;ENTRADA;Venda;Venda #685949;170;Pix
2025-01-22T15:41:00.000Z;ENTRADA;Venda;Venda #685949;8;Pix
2025-01-22T15:40:00.000Z;ENTRADA;Venda;Venda #685949;240;Pix
2025-01-22T15:33:00.000Z;ENTRADA;Venda;Venda #685949;24;Pix
2025-01-22T15:32:00.000Z;ENTRADA;Venda;Venda #685949;24;Pix
2025-01-22T15:20:00.000Z;ENTRADA;Venda;Venda #685949;85;Pix
2025-01-22T15:15:00.000Z;ENTRADA;Venda;Venda #685949;255;Pix
2025-01-22T15:11:00.000Z;ENTRADA;Venda;Venda #685949;90;Pix
2025-01-22T15:10:00.000Z;ENTRADA;Venda;Venda #685949;170;Pix
2025-01-21T22:40:00.000Z;ENTRADA;Venda;Venda #685949;135;Pix
2025-01-21T22:07:00.000Z;ENTRADA;Venda;Venda #685949;170;Pix
2025-01-21T22:00:00.000Z;ENTRADA;Venda;Venda #685949;255;Pix
2025-01-21T21:58:00.000Z;ENTRADA;Venda;Venda #685949;135;Pix
2025-01-21T21:57:00.000Z;ENTRADA;Venda;Venda #685949;170;Pix
2025-01-21T21:48:00.000Z;ENTRADA;Venda;Venda #685949;240;Pix
2025-01-21T21:43:00.000Z;ENTRADA;Venda;Venda #685949;360;Pix
2025-01-21T21:34:00.000Z;ENTRADA;Venda;Venda #685949;45;Pix
2025-01-21T21:31:00.000Z;ENTRADA;Venda;Venda #685949;85;Pix
2025-01-21T21:30:00.000Z;ENTRADA;Venda;Venda #685949;8;Pix
2025-01-21T21:25:00.000Z;ENTRADA;Venda;Venda #685949;16;Pix
2025-01-21T21:18:00.000Z;ENTRADA;Venda;Venda #685949;8;Pix
2025-01-21T21:17:00.000Z;ENTRADA;Venda;Venda #685949;16;Pix
2025-01-21T21:17:00.000Z;ENTRADA;Venda;Venda #685949;85;Pix
2025-01-21T21:00:00.000Z;ENTRADA;Venda;Venda #685949;24;Pix
2025-01-21T20:45:00.000Z;ENTRADA;Venda;Venda #685949;45;Pix
2025-01-21T20:32:00.000Z;ENTRADA;Venda;Venda #685949;8;Pix
2025-01-21T20:19:00.000Z;ENTRADA;Venda;Venda #685949;24;Pix
2025-01-21T20:13:00.000Z;ENTRADA;Venda;Venda #685949;360;Pix
2025-01-21T20:02:00.000Z;ENTRADA;Venda;Venda #685949;45;Pix
2025-01-21T19:54:00.000Z;ENTRADA;Venda;Venda #685949;45;Pix
2025-01-21T19:32:00.000Z;ENTRADA;Venda;Venda #685949;360;Pix
2025-01-21T19:01:00.000Z;ENTRADA;Venda;Venda #685949;16;Pix
2025-01-21T19:01:00.000Z;ENTRADA;Venda;Venda #685949;360;Pix
2025-01-21T18:57:00.000Z;ENTRADA;Venda;Venda #685949;90;Pix
2025-01-21T18:56:00.000Z;ENTRADA;Venda;Venda #685949;16;Pix
2025-01-21T18:50:00.000Z;ENTRADA;Venda;Venda #685949;120;Pix
2025-01-21T18:50:00.000Z;ENTRADA;Venda;Venda #685949;16;Pix
2025-01-21T18:30:00.000Z;ENTRADA;Venda;Venda #685949;135;Pix
2025-01-21T18:18:00.000Z;ENTRADA;Venda;Venda #685949;120;Pix
2025-01-21T18:05:00.000Z;ENTRADA;Venda;Venda #685949;255;Pix
2025-01-21T17:40:00.000Z;ENTRADA;Venda;Venda #685949;255;Pix
2025-01-21T17:33:00.000Z;ENTRADA;Venda;Venda #685949;90;Pix
2025-01-21T17:31:00.000Z;ENTRADA;Venda;Venda #685949;45;Pix
2025-01-21T17:30:00.000Z;ENTRADA;Venda;Venda #685949;90;Pix
2025-01-21T17:11:00.000Z;ENTRADA;Venda;Venda #685949;170;Pix
2025-01-21T16:56:00.000Z;ENTRADA;Venda;Venda #685949;90;Pix
2025-01-21T16:43:00.000Z;ENTRADA;Venda;Venda #685949;255;Pix
2025-01-21T16:35:00.000Z;ENTRADA;Venda;Venda #685949;8;Pix
2025-01-21T16:31:00.000Z;ENTRADA;Venda;Venda #685949;255;Pix
2025-01-21T16:19:00.000Z;ENTRADA;Venda;Venda #685949;85;Pix
2025-01-21T16:18:00.000Z;ENTRADA;Venda;Venda #685949;45;Pix
2025-01-21T16:18:00.000Z;ENTRADA;Venda;Venda #685949;135;Pix
2025-01-21T16:06:00.000Z;ENTRADA;Venda;Venda #685949;45;Pix
2025-01-21T15:58:00.000Z;ENTRADA;Venda;Venda #685949;45;Pix
2025-01-21T15:55:00.000Z;ENTRADA;Venda;Venda #685949;135;Pix
2025-01-21T15:34:00.000Z;ENTRADA;Venda;Venda #685949;135;Pix
2025-01-21T15:34:00.000Z;ENTRADA;Venda;Venda #685949;90;Pix
2025-01-21T15:32:00.000Z;ENTRADA;Venda;Venda #685949;360;Pix
2025-01-21T15:21:00.000Z;ENTRADA;Venda;Venda #685949;360;Pix
2025-01-21T15:09:00.000Z;ENTRADA;Venda;Venda #685949;85;Pix
2025-01-21T03:00:00.000Z;SAÍDA;DESPESAS OPERACIONAIS;Compra de Insumos Reposição;-2056.7291213418102;Dinheiro/Banco
2025-01-20T22:48:00.000Z;ENTRADA;Venda;Venda #685949;240;Pix
2025-01-20T22:46:00.000Z;ENTRADA;Venda;Venda #685949;90;Pix
2025-01-20T22:38:00.000Z;ENTRADA;Venda;Venda #685949;120;Pix
2025-01-20T22:35:00.000Z;ENTRADA;Venda;Venda #685949;16;Pix
2025-01-20T22:30:00.000Z;ENTRADA;Venda;Venda #685949;45;Pix
2025-01-20T22:26:00.000Z;ENTRADA;Venda;Venda #685949;135;Pix
2025-01-20T22:16:00.000Z;ENTRADA;Venda;Venda #685949;24;Pix
2025-01-20T22:15:00.000Z;ENTRADA;Venda;Venda #685949;8;Pix
2025-01-20T22:04:00.000Z;ENTRADA;Venda;Venda #685949;85;Pix
2025-01-20T22:03:00.000Z;ENTRADA;Venda;Venda #685949;8;Pix
2025-01-20T21:46:00.000Z;ENTRADA;Venda;Venda #685949;16;Pix
2025-01-20T21:36:00.000Z;ENTRADA;Venda;Venda #685949;8;Pix
2025-01-20T21:31:00.000Z;ENTRADA;Venda;Venda #685949;170;Pix
2025-01-20T21:18:00.000Z;ENTRADA;Venda;Venda #685949;120;Pix
2025-01-20T21:06:00.000Z;ENTRADA;Venda;Venda #685949;240;Pix
2025-01-20T20:20:00.000Z;ENTRADA;Venda;Venda #685949;8;Pix
2025-01-20T19:53:00.000Z;ENTRADA;Venda;Venda #685949;135;Pix
2025-01-20T19:53:00.000Z;ENTRADA;Venda;Venda #685949;255;Pix
2025-01-20T19:47:00.000Z;ENTRADA;Venda;Venda #685949;24;Pix
2025-01-20T19:42:00.000Z;ENTRADA;Venda;Venda #685949;8;Pix
2025-01-20T19:42:00.000Z;ENTRADA;Venda;Venda #685949;120;Pix
2025-01-20T19:41:00.000Z;ENTRADA;Venda;Venda #685949;24;Pix
2025-01-20T19:41:00.000Z;ENTRADA;Venda;Venda #685949;24;Pix
2025-01-20T19:22:00.000Z;ENTRADA;Venda;Venda #685949;90;Pix
2025-01-20T19:19:00.000Z;ENTRADA;Venda;Venda #685949;360;Pix
2025-01-20T19:09:00.000Z;ENTRADA;Venda;Venda #685949;240;Pix
2025-01-20T19:06:00.000Z;ENTRADA;Venda;Venda #685949;255;Pix
2025-01-20T18:58:00.000Z;ENTRADA;Venda;Venda #685949;135;Pix
2025-01-20T18:49:00.000Z;ENTRADA;Venda;Venda #685949;170;Pix
2025-01-20T18:32:00.000Z;ENTRADA;Venda;Venda #685949;170;Pix
2025-01-20T18:29:00.000Z;ENTRADA;Venda;Venda #685949;8;Pix
2025-01-20T18:28:00.000Z;ENTRADA;Venda;Venda #685949;255;Pix
2025-01-20T18:20:00.000Z;ENTRADA;Venda;Venda #685949;135;Pix
2025-01-20T18:10:00.000Z;ENTRADA;Venda;Venda #685949;240;Pix
2025-01-20T18:08:00.000Z;ENTRADA;Venda;Venda #685949;90;Pix
2025-01-20T18:06:00.000Z;ENTRADA;Venda;Venda #685949;120;Pix
2025-01-20T18:00:00.000Z;ENTRADA;Venda;Venda #685949;360;Pix
2025-01-20T17:51:00.000Z;ENTRADA;Venda;Venda #685949;45;Pix
2025-01-20T17:36:00.000Z;ENTRADA;Venda;Venda #685949;45;Pix
2025-01-20T17:36:00.000Z;ENTRADA;Venda;Venda #685949;255;Pix
2025-01-20T17:31:00.000Z;ENTRADA;Venda;Venda #685949;24;Pix
2025-01-20T17:21:00.000Z;ENTRADA;Venda;Venda #685949;16;Pix
2025-01-20T17:01:00.000Z;ENTRADA;Venda;Venda #685949;120;Pix
2025-01-20T16:53:00.000Z;ENTRADA;Venda;Venda #685949;85;Pix
2025-01-20T16:40:00.000Z;ENTRADA;Venda;Venda #685949;24;Pix
2025-01-20T16:20:00.000Z;ENTRADA;Venda;Venda #685949;16;Pix
2025-01-20T16:10:00.000Z;ENTRADA;Venda;Venda #685949;135;Pix
2025-01-20T16:08:00.000Z;ENTRADA;Venda;Venda #685949;360;Pix
2025-01-20T16:05:00.000Z;ENTRADA;Venda;Venda #685949;170;Pix
2025-01-20T16:02:00.000Z;ENTRADA;Venda;Venda #685949;90;Pix
2025-01-20T15:57:00.000Z;ENTRADA;Venda;Venda #685949;170;Pix
2025-01-20T15:55:00.000Z;ENTRADA;Venda;Venda #685949;255;Pix
2025-01-20T15:47:00.000Z;ENTRADA;Venda;Venda #685949;170;Pix
2025-01-20T15:31:00.000Z;ENTRADA;Venda;Venda #685949;85;Pix
2025-01-20T15:01:00.000Z;ENTRADA;Venda;Venda #685949;24;Pix
2025-01-18T03:00:00.000Z;SAÍDA;DESPESAS OPERACIONAIS;Compra de Insumos Reposição;-1559.0621335297324;Dinheiro/Banco
2025-01-17T22:51:00.000Z;ENTRADA;Venda;Venda #685949;8;Pix
2025-01-17T22:45:00.000Z;ENTRADA;Venda;Venda #685949;85;Pix
2025-01-17T22:40:00.000Z;ENTRADA;Venda;Venda #685949;120;Pix
2025-01-17T22:37:00.000Z;ENTRADA;Venda;Venda #685949;8;Pix
2025-01-17T22:25:00.000Z;ENTRADA;Venda;Venda #685949;170;Pix
2025-01-17T22:24:00.000Z;ENTRADA;Venda;Venda #685949;90;Pix
2025-01-17T22:17:00.000Z;ENTRADA;Venda;Venda #685949;85;Pix
2025-01-17T22:03:00.000Z;ENTRADA;Venda;Venda #685949;120;Pix
2025-01-17T21:57:00.000Z;ENTRADA;Venda;Venda #685949;24;Pix
2025-01-17T21:57:00.000Z;ENTRADA;Venda;Venda #685949;170;Pix
2025-01-17T21:37:00.000Z;ENTRADA;Venda;Venda #685949;90;Pix
2025-01-17T21:33:00.000Z;ENTRADA;Venda;Venda #685949;85;Pix
2025-01-17T21:23:00.000Z;ENTRADA;Venda;Venda #685949;85;Pix
2025-01-17T21:15:00.000Z;ENTRADA;Venda;Venda #685949;120;Pix
2025-01-17T21:03:00.000Z;ENTRADA;Venda;Venda #685949;170;Pix
2025-01-17T20:58:00.000Z;ENTRADA;Venda;Venda #685949;90;Pix
2025-01-17T20:47:00.000Z;ENTRADA;Venda;Venda #685949;120;Pix
2025-01-17T20:39:00.000Z;ENTRADA;Venda;Venda #685949;240;Pix
2025-01-17T20:30:00.000Z;ENTRADA;Venda;Venda #685949;360;Pix
2025-01-17T20:26:00.000Z;ENTRADA;Venda;Venda #685949;240;Pix
2025-01-17T20:25:00.000Z;ENTRADA;Venda;Venda #685949;24;Pix
2025-01-17T20:14:00.000Z;ENTRADA;Venda;Venda #685949;16;Pix
2025-01-17T19:50:00.000Z;ENTRADA;Venda;Venda #685949;85;Pix
2025-01-17T19:49:00.000Z;ENTRADA;Venda;Venda #685949;45;Pix
2025-01-17T19:32:00.000Z;ENTRADA;Venda;Venda #685949;135;Pix
2025-01-17T19:29:00.000Z;ENTRADA;Venda;Venda #685949;45;Pix
2025-01-17T19:23:00.000Z;ENTRADA;Venda;Venda #685949;135;Pix
2025-01-17T19:16:00.000Z;ENTRADA;Venda;Venda #685949;90;Pix
2025-01-17T19:07:00.000Z;ENTRADA;Venda;Venda #685949;360;Pix
2025-01-17T18:34:00.000Z;ENTRADA;Venda;Venda #685949;24;Pix
2025-01-17T18:24:00.000Z;ENTRADA;Venda;Venda #685949;255;Pix
2025-01-17T18:18:00.000Z;ENTRADA;Venda;Venda #685949;85;Pix
2025-01-17T18:11:00.000Z;ENTRADA;Venda;Venda #685949;170;Pix
2025-01-17T18:10:00.000Z;ENTRADA;Venda;Venda #685949;135;Pix
2025-01-17T18:04:00.000Z;ENTRADA;Venda;Venda #685949;24;Pix
2025-01-17T18:02:00.000Z;ENTRADA;Venda;Venda #685949;45;Pix
2025-01-17T17:30:00.000Z;ENTRADA;Venda;Venda #685949;360;Pix
2025-01-17T17:04:00.000Z;ENTRADA;Venda;Venda #685949;90;Pix
2025-01-17T17:02:00.000Z;ENTRADA;Venda;Venda #685949;85;Pix
2025-01-17T16:53:00.000Z;ENTRADA;Venda;Venda #685949;8;Pix
2025-01-17T16:51:00.000Z;ENTRADA;Venda;Venda #685949;170;Pix
2025-01-17T16:40:00.000Z;ENTRADA;Venda;Venda #685949;16;Pix
2025-01-17T16:36:00.000Z;ENTRADA;Venda;Venda #685949;90;Pix
2025-01-17T16:31:00.000Z;ENTRADA;Venda;Venda #685949;240;Pix
2025-01-17T16:28:00.000Z;ENTRADA;Venda;Venda #685949;240;Pix
2025-01-17T16:22:00.000Z;ENTRADA;Venda;Venda #685949;135;Pix
2025-01-17T16:18:00.000Z;ENTRADA;Venda;Venda #685949;24;Pix
2025-01-17T15:54:00.000Z;ENTRADA;Venda;Venda #685949;24;Pix
2025-01-17T15:34:00.000Z;ENTRADA;Venda;Venda #685949;255;Pix
2025-01-17T15:32:00.000Z;ENTRADA;Venda;Venda #685949;16;Pix
2025-01-17T15:25:00.000Z;ENTRADA;Venda;Venda #685949;135;Pix
2025-01-17T15:25:00.000Z;ENTRADA;Venda;Venda #685949;255;Pix
2025-01-17T15:15:00.000Z;ENTRADA;Venda;Venda #685949;90;Pix
2025-01-17T15:08:00.000Z;ENTRADA;Venda;Venda #685949;135;Pix
2025-01-17T15:07:00.000Z;ENTRADA;Venda;Venda #685949;8;Pix
2025-01-16T22:55:00.000Z;ENTRADA;Venda;Venda #685948;120;Pix
2025-01-16T22:50:00.000Z;ENTRADA;Venda;Venda #685948;255;Pix
2025-01-16T22:44:00.000Z;ENTRADA;Venda;Venda #685949;255;Pix
2025-01-16T22:43:00.000Z;ENTRADA;Venda;Venda #685948;120;Pix
2025-01-16T22:41:00.000Z;ENTRADA;Venda;Venda #685948;85;Pix
2025-01-16T22:36:00.000Z;ENTRADA;Venda;Venda #685949;8;Pix
2025-01-16T22:11:00.000Z;ENTRADA;Venda;Venda #685948;85;Pix
2025-01-16T22:08:00.000Z;ENTRADA;Venda;Venda #685949;135;Pix
2025-01-16T21:52:00.000Z;ENTRADA;Venda;Venda #685949;90;Pix
2025-01-16T21:47:00.000Z;ENTRADA;Venda;Venda #685948;90;Pix
2025-01-16T21:35:00.000Z;ENTRADA;Venda;Venda #685948;360;Pix
2025-01-16T21:28:00.000Z;ENTRADA;Venda;Venda #685948;24;Pix
2025-01-16T21:17:00.000Z;ENTRADA;Venda;Venda #685948;255;Pix
2025-01-16T21:15:00.000Z;ENTRADA;Venda;Venda #685949;45;Pix
2025-01-16T21:07:00.000Z;ENTRADA;Venda;Venda #685948;255;Pix
2025-01-16T21:04:00.000Z;ENTRADA;Venda;Venda #685949;85;Pix
2025-01-16T20:39:00.000Z;ENTRADA;Venda;Venda #685949;360;Pix
2025-01-16T20:29:00.000Z;ENTRADA;Venda;Venda #685949;8;Pix
2025-01-16T20:22:00.000Z;ENTRADA;Venda;Venda #685949;24;Pix
2025-01-16T20:16:00.000Z;ENTRADA;Venda;Venda #685948;255;Pix
2025-01-16T20:08:00.000Z;ENTRADA;Venda;Venda #685948;90;Pix
2025-01-16T20:02:00.000Z;ENTRADA;Venda;Venda #685948;90;Pix
2025-01-16T19:53:00.000Z;ENTRADA;Venda;Venda #685948;8;Pix
2025-01-16T19:42:00.000Z;ENTRADA;Venda;Venda #685949;45;Pix
2025-01-16T19:35:00.000Z;ENTRADA;Venda;Venda #685948;16;Pix
2025-01-16T19:31:00.000Z;ENTRADA;Venda;Venda #685948;240;Pix
2025-01-16T19:30:00.000Z;ENTRADA;Venda;Venda #685948;8;Pix
2025-01-16T19:22:00.000Z;ENTRADA;Venda;Venda #685948;240;Pix
2025-01-16T19:20:00.000Z;ENTRADA;Venda;Venda #685948;16;Pix
2025-01-16T19:19:00.000Z;ENTRADA;Venda;Venda #685948;45;Pix
2025-01-16T19:09:00.000Z;ENTRADA;Venda;Venda #685949;16;Pix
2025-01-16T19:05:00.000Z;ENTRADA;Venda;Venda #685949;170;Pix
2025-01-16T19:02:00.000Z;ENTRADA;Venda;Venda #685949;45;Pix
2025-01-16T18:57:00.000Z;ENTRADA;Venda;Venda #685948;240;Pix
2025-01-16T18:57:00.000Z;ENTRADA;Venda;Venda #685949;120;Pix
2025-01-16T18:53:00.000Z;ENTRADA;Venda;Venda #685948;90;Pix
2025-01-16T18:33:00.000Z;ENTRADA;Venda;Venda #685949;16;Pix
2025-01-16T17:37:00.000Z;ENTRADA;Venda;Venda #685948;170;Pix
2025-01-16T17:35:00.000Z;ENTRADA;Venda;Venda #685948;90;Pix
2025-01-16T17:35:00.000Z;ENTRADA;Venda;Venda #685948;255;Pix
2025-01-16T17:29:00.000Z;ENTRADA;Venda;Venda #685949;170;Pix
2025-01-16T17:23:00.000Z;ENTRADA;Venda;Venda #685948;8;Pix
2025-01-16T17:19:00.000Z;ENTRADA;Venda;Venda #685949;90;Pix
2025-01-16T16:49:00.000Z;ENTRADA;Venda;Venda #685948;45;Pix
2025-01-16T16:36:00.000Z;ENTRADA;Venda;Venda #685948;360;Pix
2025-01-16T16:34:00.000Z;ENTRADA;Venda;Venda #685948;90;Pix
2025-01-16T16:17:00.000Z;ENTRADA;Venda;Venda #685948;240;Pix
2025-01-16T15:45:00.000Z;ENTRADA;Venda;Venda #685949;240;Pix
2025-01-16T15:37:00.000Z;ENTRADA;Venda;Venda #685949;16;Pix
2025-01-16T15:26:00.000Z;ENTRADA;Venda;Venda #685948;85;Pix
2025-01-16T15:21:00.000Z;ENTRADA;Venda;Venda #685948;360;Pix
2025-01-15T22:51:00.000Z;ENTRADA;Venda;Venda #685948;8;Pix
2025-01-15T22:42:00.000Z;ENTRADA;Venda;Venda #685948;120;Pix
2025-01-15T22:22:00.000Z;ENTRADA;Venda;Venda #685948;16;Pix
2025-01-15T22:20:00.000Z;ENTRADA;Venda;Venda #685948;90;Pix
2025-01-15T22:07:00.000Z;ENTRADA;Venda;Venda #685948;135;Pix
2025-01-15T21:56:00.000Z;ENTRADA;Venda;Venda #685948;360;Pix
2025-01-15T21:23:00.000Z;ENTRADA;Venda;Venda #685948;170;Pix
2025-01-15T21:21:00.000Z;ENTRADA;Venda;Venda #685948;16;Pix
2025-01-15T21:16:00.000Z;ENTRADA;Venda;Venda #685948;360;Pix
2025-01-15T21:13:00.000Z;ENTRADA;Venda;Venda #685948;135;Pix
2025-01-15T21:00:00.000Z;ENTRADA;Venda;Venda #685948;255;Pix
2025-01-15T20:51:00.000Z;ENTRADA;Venda;Venda #685948;135;Pix
2025-01-15T20:48:00.000Z;ENTRADA;Venda;Venda #685948;85;Pix
2025-01-15T20:40:00.000Z;ENTRADA;Venda;Venda #685948;120;Pix
2025-01-15T20:27:00.000Z;ENTRADA;Venda;Venda #685948;85;Pix
2025-01-15T20:20:00.000Z;ENTRADA;Venda;Venda #685948;45;Pix
2025-01-15T20:13:00.000Z;ENTRADA;Venda;Venda #685948;16;Pix
2025-01-15T20:09:00.000Z;ENTRADA;Venda;Venda #685948;16;Pix
2025-01-15T20:07:00.000Z;ENTRADA;Venda;Venda #685948;90;Pix
2025-01-15T20:05:00.000Z;ENTRADA;Venda;Venda #685948;240;Pix
2025-01-15T19:56:00.000Z;ENTRADA;Venda;Venda #685948;240;Pix
2025-01-15T19:52:00.000Z;ENTRADA;Venda;Venda #685948;8;Pix
2025-01-15T19:51:00.000Z;ENTRADA;Venda;Venda #685948;16;Pix
2025-01-15T19:43:00.000Z;ENTRADA;Venda;Venda #685948;255;Pix
2025-01-15T19:30:00.000Z;ENTRADA;Venda;Venda #685948;240;Pix
2025-01-15T19:13:00.000Z;ENTRADA;Venda;Venda #685948;45;Pix
2025-01-15T18:55:00.000Z;ENTRADA;Venda;Venda #685948;240;Pix
2025-01-15T18:43:00.000Z;ENTRADA;Venda;Venda #685948;90;Pix
2025-01-15T18:28:00.000Z;ENTRADA;Venda;Venda #685948;360;Pix
2025-01-15T18:28:00.000Z;ENTRADA;Venda;Venda #685948;255;Pix
2025-01-15T18:18:00.000Z;ENTRADA;Venda;Venda #685948;120;Pix
2025-01-15T18:15:00.000Z;ENTRADA;Venda;Venda #685948;24;Pix
2025-01-15T18:07:00.000Z;ENTRADA;Venda;Venda #685948;360;Pix
2025-01-15T18:06:00.000Z;ENTRADA;Venda;Venda #685948;24;Pix
2025-01-15T17:54:00.000Z;ENTRADA;Venda;Venda #685948;16;Pix
2025-01-15T17:21:00.000Z;ENTRADA;Venda;Venda #685948;135;Pix
2025-01-15T17:09:00.000Z;ENTRADA;Venda;Venda #685948;120;Pix
2025-01-15T16:51:00.000Z;ENTRADA;Venda;Venda #685948;240;Pix
2025-01-15T16:49:00.000Z;ENTRADA;Venda;Venda #685948;24;Pix
2025-01-15T16:49:00.000Z;ENTRADA;Venda;Venda #685948;8;Pix
2025-01-15T16:11:00.000Z;ENTRADA;Venda;Venda #685948;240;Pix
2025-01-15T15:44:00.000Z;ENTRADA;Venda;Venda #685948;360;Pix
2025-01-15T15:39:00.000Z;ENTRADA;Venda;Venda #685948;16;Pix
2025-01-15T15:24:00.000Z;ENTRADA;Venda;Venda #685948;120;Pix
2025-01-15T15:15:00.000Z;ENTRADA;Venda;Venda #685948;135;Pix
2025-01-15T15:13:00.000Z;ENTRADA;Venda;Venda #685948;170;Pix
2025-01-15T15:10:00.000Z;ENTRADA;Venda;Venda #685948;45;Pix
2025-01-15T15:05:00.000Z;ENTRADA;Venda;Venda #685948;170;Pix
2025-01-15T15:02:00.000Z;ENTRADA;Venda;Venda #685948;135;Pix
2025-01-15T03:00:00.000Z;SAÍDA;DESPESAS OPERACIONAIS;Compra de Insumos Reposição;-1742.7880067138658;Dinheiro/Banco
2025-01-14T22:57:00.000Z;ENTRADA;Venda;Venda #685948;45;Pix
2025-01-14T22:54:00.000Z;ENTRADA;Venda;Venda #685948;8;Pix
2025-01-14T22:52:00.000Z;ENTRADA;Venda;Venda #685948;8;Pix
2025-01-14T22:46:00.000Z;ENTRADA;Venda;Venda #685948;360;Pix
2025-01-14T22:42:00.000Z;ENTRADA;Venda;Venda #685948;170;Pix
2025-01-14T22:34:00.000Z;ENTRADA;Venda;Venda #685948;135;Pix
2025-01-14T22:26:00.000Z;ENTRADA;Venda;Venda #685948;8;Pix
2025-01-14T22:13:00.000Z;ENTRADA;Venda;Venda #685948;240;Pix
2025-01-14T22:02:00.000Z;ENTRADA;Venda;Venda #685948;240;Pix
2025-01-14T22:01:00.000Z;ENTRADA;Venda;Venda #685948;85;Pix
2025-01-14T21:54:00.000Z;ENTRADA;Venda;Venda #685948;90;Pix
2025-01-14T21:53:00.000Z;ENTRADA;Venda;Venda #685948;240;Pix
2025-01-14T21:51:00.000Z;ENTRADA;Venda;Venda #685948;8;Pix
2025-01-14T21:47:00.000Z;ENTRADA;Venda;Venda #685948;170;Pix
2025-01-14T21:46:00.000Z;ENTRADA;Venda;Venda #685948;90;Pix
2025-01-14T21:42:00.000Z;ENTRADA;Venda;Venda #685948;85;Pix
2025-01-14T21:36:00.000Z;ENTRADA;Venda;Venda #685948;8;Pix
2025-01-14T21:22:00.000Z;ENTRADA;Venda;Venda #685948;16;Pix
2025-01-14T21:19:00.000Z;ENTRADA;Venda;Venda #685948;45;Pix
2025-01-14T21:09:00.000Z;ENTRADA;Venda;Venda #685948;8;Pix
2025-01-14T21:09:00.000Z;ENTRADA;Venda;Venda #685948;8;Pix
2025-01-14T20:52:00.000Z;ENTRADA;Venda;Venda #685948;16;Pix
2025-01-14T20:39:00.000Z;ENTRADA;Venda;Venda #685948;8;Pix
2025-01-14T20:31:00.000Z;ENTRADA;Venda;Venda #685948;24;Pix
2025-01-14T20:18:00.000Z;ENTRADA;Venda;Venda #685948;16;Pix
2025-01-14T20:11:00.000Z;ENTRADA;Venda;Venda #685948;8;Pix
2025-01-14T20:03:00.000Z;ENTRADA;Venda;Venda #685948;120;Pix
2025-01-14T20:01:00.000Z;ENTRADA;Venda;Venda #685948;24;Pix
2025-01-14T19:50:00.000Z;ENTRADA;Venda;Venda #685948;8;Pix
2025-01-14T19:43:00.000Z;ENTRADA;Venda;Venda #685948;135;Pix
2025-01-14T19:37:00.000Z;ENTRADA;Venda;Venda #685948;90;Pix
2025-01-14T19:16:00.000Z;ENTRADA;Venda;Venda #685948;120;Pix
2025-01-14T19:09:00.000Z;ENTRADA;Venda;Venda #685948;120;Pix
2025-01-14T18:50:00.000Z;ENTRADA;Venda;Venda #685948;135;Pix
2025-01-14T18:46:00.000Z;ENTRADA;Venda;Venda #685948;8;Pix
2025-01-14T18:15:00.000Z;ENTRADA;Venda;Venda #685948;45;Pix
2025-01-14T17:57:00.000Z;ENTRADA;Venda;Venda #685948;24;Pix
2025-01-14T17:53:00.000Z;ENTRADA;Venda;Venda #685948;45;Pix
2025-01-14T17:51:00.000Z;ENTRADA;Venda;Venda #685948;85;Pix
2025-01-14T17:23:00.000Z;ENTRADA;Venda;Venda #685948;90;Pix
2025-01-14T17:20:00.000Z;ENTRADA;Venda;Venda #685948;240;Pix
2025-01-14T16:52:00.000Z;ENTRADA;Venda;Venda #685948;90;Pix
2025-01-14T16:37:00.000Z;ENTRADA;Venda;Venda #685948;24;Pix
2025-01-14T16:31:00.000Z;ENTRADA;Venda;Venda #685948;90;Pix
2025-01-14T16:22:00.000Z;ENTRADA;Venda;Venda #685948;255;Pix
2025-01-14T16:14:00.000Z;ENTRADA;Venda;Venda #685948;240;Pix
2025-01-14T16:08:00.000Z;ENTRADA;Venda;Venda #685948;360;Pix
2025-01-14T16:06:00.000Z;ENTRADA;Venda;Venda #685948;240;Pix
2025-01-14T16:06:00.000Z;ENTRADA;Venda;Venda #685948;85;Pix
2025-01-14T16:00:00.000Z;ENTRADA;Venda;Venda #685948;170;Pix
2025-01-14T15:54:00.000Z;ENTRADA;Venda;Venda #685948;360;Pix
2025-01-14T15:53:00.000Z;ENTRADA;Venda;Venda #685948;8;Pix
2025-01-14T15:53:00.000Z;ENTRADA;Venda;Venda #685948;45;Pix
2025-01-14T15:48:00.000Z;ENTRADA;Venda;Venda #685948;8;Pix
2025-01-14T15:47:00.000Z;ENTRADA;Venda;Venda #685948;240;Pix
2025-01-14T15:46:00.000Z;ENTRADA;Venda;Venda #685948;255;Pix
2025-01-14T15:37:00.000Z;ENTRADA;Venda;Venda #685948;90;Pix
2025-01-14T15:36:00.000Z;ENTRADA;Venda;Venda #685948;255;Pix
2025-01-14T15:30:00.000Z;ENTRADA;Venda;Venda #685948;85;Pix
2025-01-14T15:17:00.000Z;ENTRADA;Venda;Venda #685948;24;Pix
2025-01-14T15:17:00.000Z;ENTRADA;Venda;Venda #685948;170;Pix
2025-01-14T15:15:00.000Z;ENTRADA;Venda;Venda #685948;24;Pix
2025-01-13T22:56:00.000Z;ENTRADA;Venda;Venda #685947;85;Pix
2025-01-13T22:43:00.000Z;ENTRADA;Venda;Venda #685947;135;Pix
2025-01-13T22:39:00.000Z;ENTRADA;Venda;Venda #685948;16;Pix
2025-01-13T22:34:00.000Z;ENTRADA;Venda;Venda #685948;85;Pix
2025-01-13T22:31:00.000Z;ENTRADA;Venda;Venda #685948;135;Pix
2025-01-13T22:15:00.000Z;ENTRADA;Venda;Venda #685948;170;Pix
2025-01-13T22:09:00.000Z;ENTRADA;Venda;Venda #685948;85;Pix
2025-01-13T22:07:00.000Z;ENTRADA;Venda;Venda #685948;120;Pix
2025-01-13T21:58:00.000Z;ENTRADA;Venda;Venda #685947;240;Pix
2025-01-13T21:42:00.000Z;ENTRADA;Venda;Venda #685948;8;Pix
2025-01-13T21:34:00.000Z;ENTRADA;Venda;Venda #685948;360;Pix
2025-01-13T21:31:00.000Z;ENTRADA;Venda;Venda #685948;45;Pix
2025-01-13T21:15:00.000Z;ENTRADA;Venda;Venda #685948;85;Pix
2025-01-13T21:12:00.000Z;ENTRADA;Venda;Venda #685948;16;Pix
2025-01-13T21:04:00.000Z;ENTRADA;Venda;Venda #685948;360;Pix
2025-01-13T20:56:00.000Z;ENTRADA;Venda;Venda #685948;240;Pix
2025-01-13T20:46:00.000Z;ENTRADA;Venda;Venda #685948;16;Pix
2025-01-13T20:45:00.000Z;ENTRADA;Venda;Venda #685948;16;Pix
2025-01-13T20:32:00.000Z;ENTRADA;Venda;Venda #685948;90;Pix
2025-01-13T20:32:00.000Z;ENTRADA;Venda;Venda #685948;170;Pix
2025-01-13T20:24:00.000Z;ENTRADA;Venda;Venda #685948;240;Pix
2025-01-13T20:18:00.000Z;ENTRADA;Venda;Venda #685947;85;Pix
2025-01-13T20:13:00.000Z;ENTRADA;Venda;Venda #685948;16;Pix
2025-01-13T20:10:00.000Z;ENTRADA;Venda;Venda #685948;85;Pix
2025-01-13T20:06:00.000Z;ENTRADA;Venda;Venda #685948;24;Pix
2025-01-13T19:38:00.000Z;ENTRADA;Venda;Venda #685947;24;Pix
2025-01-13T19:26:00.000Z;ENTRADA;Venda;Venda #685948;16;Pix
2025-01-13T19:22:00.000Z;ENTRADA;Venda;Venda #685948;45;Pix
2025-01-13T19:16:00.000Z;ENTRADA;Venda;Venda #685948;135;Pix
2025-01-13T18:48:00.000Z;ENTRADA;Venda;Venda #685948;255;Pix
2025-01-13T18:43:00.000Z;ENTRADA;Venda;Venda #685948;255;Pix
2025-01-13T18:35:00.000Z;ENTRADA;Venda;Venda #685948;85;Pix
2025-01-13T18:29:00.000Z;ENTRADA;Venda;Venda #685948;45;Pix
2025-01-13T18:01:00.000Z;ENTRADA;Venda;Venda #685948;90;Pix
2025-01-13T17:55:00.000Z;ENTRADA;Venda;Venda #685948;45;Pix
2025-01-13T17:51:00.000Z;ENTRADA;Venda;Venda #685948;135;Pix
2025-01-13T17:49:00.000Z;ENTRADA;Venda;Venda #685948;8;Pix
2025-01-13T17:37:00.000Z;ENTRADA;Venda;Venda #685948;360;Pix
2025-01-13T17:30:00.000Z;ENTRADA;Venda;Venda #685947;16;Pix
2025-01-13T16:35:00.000Z;ENTRADA;Venda;Venda #685948;360;Pix
2025-01-13T16:30:00.000Z;ENTRADA;Venda;Venda #685948;135;Pix
2025-01-13T16:04:00.000Z;ENTRADA;Venda;Venda #685948;24;Pix
2025-01-13T16:04:00.000Z;ENTRADA;Venda;Venda #685948;24;Pix
2025-01-13T16:02:00.000Z;ENTRADA;Venda;Venda #685948;360;Pix
2025-01-13T15:53:00.000Z;ENTRADA;Venda;Venda #685948;240;Pix
2025-01-13T15:48:00.000Z;ENTRADA;Venda;Venda #685948;90;Pix
2025-01-13T15:40:00.000Z;ENTRADA;Venda;Venda #685947;90;Pix
2025-01-13T15:38:00.000Z;ENTRADA;Venda;Venda #685948;8;Pix
2025-01-13T15:34:00.000Z;ENTRADA;Venda;Venda #685947;16;Pix
2025-01-13T15:23:00.000Z;ENTRADA;Venda;Venda #685948;240;Pix
2025-01-13T15:21:00.000Z;ENTRADA;Venda;Venda #685948;120;Pix
2025-01-13T15:20:00.000Z;ENTRADA;Venda;Venda #685948;24;Pix
2025-01-13T15:19:00.000Z;ENTRADA;Venda;Venda #685948;170;Pix
2025-01-13T15:19:00.000Z;ENTRADA;Venda;Venda #685948;240;Pix
2025-01-13T15:10:00.000Z;ENTRADA;Venda;Venda #685947;90;Pix
2025-01-13T15:09:00.000Z;ENTRADA;Venda;Venda #685948;8;Pix
2025-01-13T15:01:00.000Z;ENTRADA;Venda;Venda #685948;24;Pix
2025-01-12T03:00:00.000Z;SAÍDA;DESPESAS OPERACIONAIS;Compra de Insumos Reposição;-1769.535403933433;Dinheiro/Banco
2025-01-10T22:57:00.000Z;ENTRADA;Venda;Venda #685947;255;Pix
2025-01-10T22:54:00.000Z;ENTRADA;Venda;Venda #685947;90;Pix
2025-01-10T22:46:00.000Z;ENTRADA;Venda;Venda #685947;360;Pix
2025-01-10T22:39:00.000Z;ENTRADA;Venda;Venda #685947;8;Pix
2025-01-10T22:33:00.000Z;ENTRADA;Venda;Venda #685947;45;Pix
2025-01-10T22:33:00.000Z;ENTRADA;Venda;Venda #685947;90;Pix
2025-01-10T22:13:00.000Z;ENTRADA;Venda;Venda #685947;45;Pix
2025-01-10T22:05:00.000Z;ENTRADA;Venda;Venda #685947;360;Pix
2025-01-10T21:48:00.000Z;ENTRADA;Venda;Venda #685947;170;Pix
2025-01-10T21:48:00.000Z;ENTRADA;Venda;Venda #685947;90;Pix
2025-01-10T21:25:00.000Z;ENTRADA;Venda;Venda #685947;16;Pix
2025-01-10T21:20:00.000Z;ENTRADA;Venda;Venda #685947;135;Pix
2025-01-10T21:19:00.000Z;ENTRADA;Venda;Venda #685947;8;Pix
2025-01-10T21:07:00.000Z;ENTRADA;Venda;Venda #685947;135;Pix
2025-01-10T21:05:00.000Z;ENTRADA;Venda;Venda #685947;240;Pix
2025-01-10T20:48:00.000Z;ENTRADA;Venda;Venda #685947;360;Pix
2025-01-10T20:39:00.000Z;ENTRADA;Venda;Venda #685947;120;Pix
2025-01-10T20:36:00.000Z;ENTRADA;Venda;Venda #685947;255;Pix
2025-01-10T20:16:00.000Z;ENTRADA;Venda;Venda #685947;85;Pix
2025-01-10T20:14:00.000Z;ENTRADA;Venda;Venda #685947;170;Pix
2025-01-10T20:12:00.000Z;ENTRADA;Venda;Venda #685947;90;Pix
2025-01-10T19:48:00.000Z;ENTRADA;Venda;Venda #685947;255;Pix
2025-01-10T19:41:00.000Z;ENTRADA;Venda;Venda #685947;16;Pix
2025-01-10T19:34:00.000Z;ENTRADA;Venda;Venda #685947;135;Pix
2025-01-10T19:32:00.000Z;ENTRADA;Venda;Venda #685947;8;Pix
2025-01-10T19:13:00.000Z;ENTRADA;Venda;Venda #685947;85;Pix
2025-01-10T18:53:00.000Z;ENTRADA;Venda;Venda #685947;120;Pix
2025-01-10T18:40:00.000Z;ENTRADA;Venda;Venda #685947;24;Pix
2025-01-10T18:38:00.000Z;ENTRADA;Venda;Venda #685947;90;Pix
2025-01-10T18:32:00.000Z;ENTRADA;Venda;Venda #685947;8;Pix
2025-01-10T18:31:00.000Z;ENTRADA;Venda;Venda #685947;135;Pix
2025-01-10T18:31:00.000Z;ENTRADA;Venda;Venda #685947;240;Pix
2025-01-10T18:26:00.000Z;ENTRADA;Venda;Venda #685947;85;Pix
2025-01-10T18:26:00.000Z;ENTRADA;Venda;Venda #685947;255;Pix
2025-01-10T18:04:00.000Z;ENTRADA;Venda;Venda #685947;170;Pix
2025-01-10T18:01:00.000Z;ENTRADA;Venda;Venda #685947;85;Pix
2025-01-10T18:00:00.000Z;ENTRADA;Venda;Venda #685947;85;Pix
2025-01-10T17:53:00.000Z;ENTRADA;Venda;Venda #685947;170;Pix
2025-01-10T17:50:00.000Z;ENTRADA;Venda;Venda #685947;24;Pix
2025-01-10T17:50:00.000Z;ENTRADA;Venda;Venda #685947;360;Pix
2025-01-10T17:49:00.000Z;ENTRADA;Venda;Venda #685947;45;Pix
2025-01-10T17:32:00.000Z;ENTRADA;Venda;Venda #685947;240;Pix
2025-01-10T17:15:00.000Z;ENTRADA;Venda;Venda #685947;90;Pix
2025-01-10T16:56:00.000Z;ENTRADA;Venda;Venda #685947;24;Pix
2025-01-10T16:52:00.000Z;ENTRADA;Venda;Venda #685947;120;Pix
2025-01-10T16:42:00.000Z;ENTRADA;Venda;Venda #685947;255;Pix
2025-01-10T16:39:00.000Z;ENTRADA;Venda;Venda #685947;8;Pix
2025-01-10T16:29:00.000Z;ENTRADA;Venda;Venda #685947;16;Pix
2025-01-10T16:22:00.000Z;ENTRADA;Venda;Venda #685947;16;Pix
2025-01-10T16:21:00.000Z;ENTRADA;Venda;Venda #685947;90;Pix
2025-01-10T16:11:00.000Z;ENTRADA;Venda;Venda #685947;8;Pix
2025-01-10T16:03:00.000Z;ENTRADA;Venda;Venda #685947;90;Pix
2025-01-10T15:54:00.000Z;ENTRADA;Venda;Venda #685947;24;Pix
2025-01-10T15:51:00.000Z;ENTRADA;Venda;Venda #685947;90;Pix
2025-01-10T15:37:00.000Z;ENTRADA;Venda;Venda #685947;120;Pix
2025-01-10T15:00:00.000Z;ENTRADA;Venda;Venda #685947;85;Pix
2025-01-09T22:52:00.000Z;ENTRADA;Venda;Venda #685947;360;Pix
2025-01-09T22:38:00.000Z;ENTRADA;Venda;Venda #685947;170;Pix
2025-01-09T22:37:00.000Z;ENTRADA;Venda;Venda #685947;85;Pix
2025-01-09T22:36:00.000Z;ENTRADA;Venda;Venda #685947;170;Pix
2025-01-09T22:35:00.000Z;ENTRADA;Venda;Venda #685947;170;Pix
2025-01-09T22:32:00.000Z;ENTRADA;Venda;Venda #685947;8;Pix
2025-01-09T22:16:00.000Z;ENTRADA;Venda;Venda #685947;85;Pix
2025-01-09T22:08:00.000Z;ENTRADA;Venda;Venda #685947;45;Pix
2025-01-09T22:00:00.000Z;ENTRADA;Venda;Venda #685947;85;Pix
2025-01-09T21:58:00.000Z;ENTRADA;Venda;Venda #685947;16;Pix
2025-01-09T21:53:00.000Z;ENTRADA;Venda;Venda #685947;90;Pix
2025-01-09T21:52:00.000Z;ENTRADA;Venda;Venda #685947;90;Pix
2025-01-09T21:46:00.000Z;ENTRADA;Venda;Venda #685947;24;Pix
2025-01-09T21:43:00.000Z;ENTRADA;Venda;Venda #685947;120;Pix
2025-01-09T21:40:00.000Z;ENTRADA;Venda;Venda #685947;16;Pix
2025-01-09T21:34:00.000Z;ENTRADA;Venda;Venda #685947;90;Pix
2025-01-09T21:19:00.000Z;ENTRADA;Venda;Venda #685947;24;Pix
2025-01-09T21:19:00.000Z;ENTRADA;Venda;Venda #685947;240;Pix
2025-01-09T21:17:00.000Z;ENTRADA;Venda;Venda #685947;45;Pix
2025-01-09T21:16:00.000Z;ENTRADA;Venda;Venda #685947;170;Pix
2025-01-09T21:11:00.000Z;ENTRADA;Venda;Venda #685947;8;Pix
2025-01-09T21:09:00.000Z;ENTRADA;Venda;Venda #685947;85;Pix
2025-01-09T21:08:00.000Z;ENTRADA;Venda;Venda #685947;170;Pix
2025-01-09T21:01:00.000Z;ENTRADA;Venda;Venda #685947;360;Pix
2025-01-09T20:50:00.000Z;ENTRADA;Venda;Venda #685947;45;Pix
2025-01-09T20:41:00.000Z;ENTRADA;Venda;Venda #685947;360;Pix
2025-01-09T20:31:00.000Z;ENTRADA;Venda;Venda #685947;135;Pix
2025-01-09T20:13:00.000Z;ENTRADA;Venda;Venda #685947;170;Pix
2025-01-09T20:12:00.000Z;ENTRADA;Venda;Venda #685947;240;Pix
2025-01-09T20:01:00.000Z;ENTRADA;Venda;Venda #685947;135;Pix
2025-01-09T19:54:00.000Z;ENTRADA;Venda;Venda #685947;90;Pix
2025-01-09T19:50:00.000Z;ENTRADA;Venda;Venda #685947;16;Pix
2025-01-09T19:20:00.000Z;ENTRADA;Venda;Venda #685947;120;Pix
2025-01-09T19:19:00.000Z;ENTRADA;Venda;Venda #685947;85;Pix
2025-01-09T19:15:00.000Z;ENTRADA;Venda;Venda #685947;24;Pix
2025-01-09T18:44:00.000Z;ENTRADA;Venda;Venda #685947;255;Pix
2025-01-09T18:41:00.000Z;ENTRADA;Venda;Venda #685947;170;Pix
2025-01-09T18:29:00.000Z;ENTRADA;Venda;Venda #685947;135;Pix
2025-01-09T18:28:00.000Z;ENTRADA;Venda;Venda #685947;85;Pix
2025-01-09T18:25:00.000Z;ENTRADA;Venda;Venda #685947;170;Pix
2025-01-09T18:20:00.000Z;ENTRADA;Venda;Venda #685947;120;Pix
2025-01-09T18:19:00.000Z;ENTRADA;Venda;Venda #685947;8;Pix
2025-01-09T18:01:00.000Z;ENTRADA;Venda;Venda #685947;90;Pix
2025-01-09T17:55:00.000Z;ENTRADA;Venda;Venda #685947;8;Pix
2025-01-09T17:27:00.000Z;ENTRADA;Venda;Venda #685947;16;Pix
2025-01-09T17:25:00.000Z;ENTRADA;Venda;Venda #685947;170;Pix
2025-01-09T17:22:00.000Z;ENTRADA;Venda;Venda #685947;16;Pix
2025-01-09T17:15:00.000Z;ENTRADA;Venda;Venda #685947;255;Pix
2025-01-09T17:04:00.000Z;ENTRADA;Venda;Venda #685947;16;Pix
2025-01-09T17:03:00.000Z;ENTRADA;Venda;Venda #685947;24;Pix
2025-01-09T16:37:00.000Z;ENTRADA;Venda;Venda #685947;255;Pix
2025-01-09T16:37:00.000Z;ENTRADA;Venda;Venda #685947;120;Pix
2025-01-09T16:28:00.000Z;ENTRADA;Venda;Venda #685947;16;Pix
2025-01-09T16:25:00.000Z;ENTRADA;Venda;Venda #685947;170;Pix
2025-01-09T16:21:00.000Z;ENTRADA;Venda;Venda #685947;24;Pix
2025-01-09T15:45:00.000Z;ENTRADA;Venda;Venda #685947;24;Pix
2025-01-09T15:44:00.000Z;ENTRADA;Venda;Venda #685947;135;Pix
2025-01-09T15:38:00.000Z;ENTRADA;Venda;Venda #685947;8;Pix
2025-01-09T15:29:00.000Z;ENTRADA;Venda;Venda #685947;16;Pix
2025-01-09T15:19:00.000Z;ENTRADA;Venda;Venda #685947;85;Pix
2025-01-09T15:13:00.000Z;ENTRADA;Venda;Venda #685947;45;Pix
2025-01-09T03:00:00.000Z;SAÍDA;DESPESAS OPERACIONAIS;Compra de Insumos Reposição;-2126.9573653595567;Dinheiro/Banco
2025-01-08T22:56:00.000Z;ENTRADA;Venda;Venda #685947;16;Pix
2025-01-08T22:54:00.000Z;ENTRADA;Venda;Venda #685947;360;Pix
2025-01-08T22:50:00.000Z;ENTRADA;Venda;Venda #685947;135;Pix
2025-01-08T22:47:00.000Z;ENTRADA;Venda;Venda #685947;170;Pix
2025-01-08T22:39:00.000Z;ENTRADA;Venda;Venda #685947;135;Pix
2025-01-08T22:17:00.000Z;ENTRADA;Venda;Venda #685947;8;Pix
2025-01-08T22:15:00.000Z;ENTRADA;Venda;Venda #685947;240;Pix
2025-01-08T22:05:00.000Z;ENTRADA;Venda;Venda #685947;135;Pix
2025-01-08T22:04:00.000Z;ENTRADA;Venda;Venda #685947;135;Pix
2025-01-08T22:02:00.000Z;ENTRADA;Venda;Venda #685947;120;Pix
2025-01-08T21:53:00.000Z;ENTRADA;Venda;Venda #685947;120;Pix
2025-01-08T21:52:00.000Z;ENTRADA;Venda;Venda #685947;120;Pix
2025-01-08T21:45:00.000Z;ENTRADA;Venda;Venda #685947;360;Pix
2025-01-08T21:43:00.000Z;ENTRADA;Venda;Venda #685947;90;Pix
2025-01-08T21:40:00.000Z;ENTRADA;Venda;Venda #685947;240;Pix
2025-01-08T21:34:00.000Z;ENTRADA;Venda;Venda #685947;85;Pix
2025-01-08T21:18:00.000Z;ENTRADA;Venda;Venda #685947;360;Pix
2025-01-08T21:15:00.000Z;ENTRADA;Venda;Venda #685947;120;Pix
2025-01-08T20:37:00.000Z;ENTRADA;Venda;Venda #685947;120;Pix
2025-01-08T20:30:00.000Z;ENTRADA;Venda;Venda #685947;16;Pix
2025-01-08T20:12:00.000Z;ENTRADA;Venda;Venda #685947;24;Pix
2025-01-08T19:30:00.000Z;ENTRADA;Venda;Venda #685947;120;Pix
2025-01-08T19:14:00.000Z;ENTRADA;Venda;Venda #685947;85;Pix
2025-01-08T18:53:00.000Z;ENTRADA;Venda;Venda #685947;135;Pix
2025-01-08T18:42:00.000Z;ENTRADA;Venda;Venda #685947;170;Pix
2025-01-08T18:21:00.000Z;ENTRADA;Venda;Venda #685947;45;Pix
2025-01-08T18:11:00.000Z;ENTRADA;Venda;Venda #685947;255;Pix
2025-01-08T17:48:00.000Z;ENTRADA;Venda;Venda #685947;8;Pix
2025-01-08T17:47:00.000Z;ENTRADA;Venda;Venda #685947;360;Pix
2025-01-08T17:42:00.000Z;ENTRADA;Venda;Venda #685947;24;Pix
2025-01-08T17:38:00.000Z;ENTRADA;Venda;Venda #685947;45;Pix
2025-01-08T17:35:00.000Z;ENTRADA;Venda;Venda #685947;24;Pix
2025-01-08T16:53:00.000Z;ENTRADA;Venda;Venda #685947;255;Pix
2025-01-08T16:53:00.000Z;ENTRADA;Venda;Venda #685947;24;Pix
2025-01-08T16:36:00.000Z;ENTRADA;Venda;Venda #685947;255;Pix
2025-01-08T16:28:00.000Z;ENTRADA;Venda;Venda #685947;120;Pix
2025-01-08T16:24:00.000Z;ENTRADA;Venda;Venda #685947;360;Pix
2025-01-08T16:13:00.000Z;ENTRADA;Venda;Venda #685947;16;Pix
2025-01-08T16:10:00.000Z;ENTRADA;Venda;Venda #685947;16;Pix
2025-01-08T16:01:00.000Z;ENTRADA;Venda;Venda #685947;255;Pix
2025-01-08T15:50:00.000Z;ENTRADA;Venda;Venda #685947;24;Pix
2025-01-08T15:49:00.000Z;ENTRADA;Venda;Venda #685947;360;Pix
2025-01-08T15:46:00.000Z;ENTRADA;Venda;Venda #685947;85;Pix
2025-01-08T15:42:00.000Z;ENTRADA;Venda;Venda #685947;45;Pix
2025-01-08T15:40:00.000Z;ENTRADA;Venda;Venda #685947;85;Pix
2025-01-08T15:30:00.000Z;ENTRADA;Venda;Venda #685947;120;Pix
2025-01-08T15:01:00.000Z;ENTRADA;Venda;Venda #685947;240;Pix
2025-01-07T22:40:00.000Z;ENTRADA;Venda;Venda #685946;24;Pix
2025-01-07T22:40:00.000Z;ENTRADA;Venda;Venda #685946;8;Pix
2025-01-07T22:32:00.000Z;ENTRADA;Venda;Venda #685946;45;Pix
2025-01-07T22:17:00.000Z;ENTRADA;Venda;Venda #685946;45;Pix
2025-01-07T22:15:00.000Z;ENTRADA;Venda;Venda #685946;255;Pix
2025-01-07T22:00:00.000Z;ENTRADA;Venda;Venda #685946;170;Pix
2025-01-07T21:56:00.000Z;ENTRADA;Venda;Venda #685946;240;Pix
2025-01-07T21:40:00.000Z;ENTRADA;Venda;Venda #685946;16;Pix
2025-01-07T21:34:00.000Z;ENTRADA;Venda;Venda #685946;255;Pix
2025-01-07T21:17:00.000Z;ENTRADA;Venda;Venda #685946;120;Pix
2025-01-07T21:08:00.000Z;ENTRADA;Venda;Venda #685946;135;Pix
2025-01-07T20:58:00.000Z;ENTRADA;Venda;Venda #685946;120;Pix
2025-01-07T20:53:00.000Z;ENTRADA;Venda;Venda #685947;24;Pix
2025-01-07T20:47:00.000Z;ENTRADA;Venda;Venda #685946;45;Pix
2025-01-07T20:14:00.000Z;ENTRADA;Venda;Venda #685946;240;Pix
2025-01-07T20:13:00.000Z;ENTRADA;Venda;Venda #685946;45;Pix
2025-01-07T20:12:00.000Z;ENTRADA;Venda;Venda #685947;240;Pix
2025-01-07T19:57:00.000Z;ENTRADA;Venda;Venda #685946;135;Pix
2025-01-07T19:55:00.000Z;ENTRADA;Venda;Venda #685946;170;Pix
2025-01-07T19:35:00.000Z;ENTRADA;Venda;Venda #685946;24;Pix
2025-01-07T19:34:00.000Z;ENTRADA;Venda;Venda #685946;16;Pix
2025-01-07T19:28:00.000Z;ENTRADA;Venda;Venda #685946;90;Pix
2025-01-07T19:26:00.000Z;ENTRADA;Venda;Venda #685946;135;Pix
2025-01-07T19:21:00.000Z;ENTRADA;Venda;Venda #685946;16;Pix
2025-01-07T19:18:00.000Z;ENTRADA;Venda;Venda #685946;24;Pix
2025-01-07T19:12:00.000Z;ENTRADA;Venda;Venda #685947;240;Pix
2025-01-07T19:09:00.000Z;ENTRADA;Venda;Venda #685946;135;Pix
2025-01-07T18:44:00.000Z;ENTRADA;Venda;Venda #685946;170;Pix
2025-01-07T18:43:00.000Z;ENTRADA;Venda;Venda #685947;16;Pix
2025-01-07T18:39:00.000Z;ENTRADA;Venda;Venda #685946;120;Pix
2025-01-07T18:36:00.000Z;ENTRADA;Venda;Venda #685947;120;Pix
2025-01-07T18:34:00.000Z;ENTRADA;Venda;Venda #685946;16;Pix
2025-01-07T18:31:00.000Z;ENTRADA;Venda;Venda #685946;85;Pix
2025-01-07T18:03:00.000Z;ENTRADA;Venda;Venda #685946;45;Pix
2025-01-07T18:02:00.000Z;ENTRADA;Venda;Venda #685946;45;Pix
2025-01-07T17:50:00.000Z;ENTRADA;Venda;Venda #685946;85;Pix
2025-01-07T17:50:00.000Z;ENTRADA;Venda;Venda #685947;85;Pix
2025-01-07T17:48:00.000Z;ENTRADA;Venda;Venda #685946;135;Pix
2025-01-07T17:48:00.000Z;ENTRADA;Venda;Venda #685946;120;Pix
2025-01-07T17:44:00.000Z;ENTRADA;Venda;Venda #685946;240;Pix
2025-01-07T17:43:00.000Z;ENTRADA;Venda;Venda #685946;8;Pix
2025-01-07T17:43:00.000Z;ENTRADA;Venda;Venda #685947;8;Pix
2025-01-07T17:33:00.000Z;ENTRADA;Venda;Venda #685946;85;Pix
2025-01-07T17:21:00.000Z;ENTRADA;Venda;Venda #685946;45;Pix
2025-01-07T17:16:00.000Z;ENTRADA;Venda;Venda #685946;24;Pix
2025-01-07T17:15:00.000Z;ENTRADA;Venda;Venda #685946;135;Pix
2025-01-07T17:00:00.000Z;ENTRADA;Venda;Venda #685946;120;Pix
2025-01-07T16:57:00.000Z;ENTRADA;Venda;Venda #685946;135;Pix
2025-01-07T16:43:00.000Z;ENTRADA;Venda;Venda #685946;8;Pix
2025-01-07T16:38:00.000Z;ENTRADA;Venda;Venda #685946;16;Pix
2025-01-07T16:34:00.000Z;ENTRADA;Venda;Venda #685946;45;Pix
2025-01-07T16:30:00.000Z;ENTRADA;Venda;Venda #685946;240;Pix
2025-01-07T16:23:00.000Z;ENTRADA;Venda;Venda #685946;85;Pix
2025-01-07T16:12:00.000Z;ENTRADA;Venda;Venda #685946;45;Pix
2025-01-07T16:11:00.000Z;ENTRADA;Venda;Venda #685946;8;Pix
2025-01-07T16:04:00.000Z;ENTRADA;Venda;Venda #685946;24;Pix
2025-01-07T16:04:00.000Z;ENTRADA;Venda;Venda #685947;85;Pix
2025-01-07T15:56:00.000Z;ENTRADA;Venda;Venda #685946;24;Pix
2025-01-07T15:56:00.000Z;ENTRADA;Venda;Venda #685946;85;Pix
2025-01-07T15:54:00.000Z;ENTRADA;Venda;Venda #685946;16;Pix
2025-01-07T15:50:00.000Z;ENTRADA;Venda;Venda #685946;120;Pix
2025-01-07T15:49:00.000Z;ENTRADA;Venda;Venda #685946;8;Pix
2025-01-07T15:42:00.000Z;ENTRADA;Venda;Venda #685946;90;Pix
2025-01-07T15:36:00.000Z;ENTRADA;Venda;Venda #685946;135;Pix
2025-01-07T15:31:00.000Z;ENTRADA;Venda;Venda #685946;360;Pix
2025-01-07T15:26:00.000Z;ENTRADA;Venda;Venda #685946;8;Pix
2025-01-07T15:20:00.000Z;ENTRADA;Venda;Venda #685946;120;Pix
2025-01-07T15:12:00.000Z;ENTRADA;Venda;Venda #685946;255;Pix
2025-01-07T15:07:00.000Z;ENTRADA;Venda;Venda #685946;85;Pix
2025-01-06T22:57:00.000Z;ENTRADA;Venda;Venda #685946;255;Pix
2025-01-06T22:48:00.000Z;ENTRADA;Venda;Venda #685946;255;Pix
2025-01-06T22:34:00.000Z;ENTRADA;Venda;Venda #685946;8;Pix
2025-01-06T22:32:00.000Z;ENTRADA;Venda;Venda #685946;240;Pix
2025-01-06T22:28:00.000Z;ENTRADA;Venda;Venda #685946;90;Pix
2025-01-06T22:25:00.000Z;ENTRADA;Venda;Venda #685946;24;Pix
2025-01-06T22:21:00.000Z;ENTRADA;Venda;Venda #685946;170;Pix
2025-01-06T22:15:00.000Z;ENTRADA;Venda;Venda #685946;24;Pix
2025-01-06T22:14:00.000Z;ENTRADA;Venda;Venda #685946;240;Pix
2025-01-06T22:02:00.000Z;ENTRADA;Venda;Venda #685946;255;Pix
2025-01-06T21:34:00.000Z;ENTRADA;Venda;Venda #685946;240;Pix
2025-01-06T21:33:00.000Z;ENTRADA;Venda;Venda #685946;360;Pix
2025-01-06T21:32:00.000Z;ENTRADA;Venda;Venda #685946;135;Pix
2025-01-06T21:28:00.000Z;ENTRADA;Venda;Venda #685946;85;Pix
2025-01-06T21:17:00.000Z;ENTRADA;Venda;Venda #685946;85;Pix
2025-01-06T21:17:00.000Z;ENTRADA;Venda;Venda #685946;24;Pix
2025-01-06T21:12:00.000Z;ENTRADA;Venda;Venda #685946;16;Pix
2025-01-06T21:11:00.000Z;ENTRADA;Venda;Venda #685946;255;Pix
2025-01-06T20:40:00.000Z;ENTRADA;Venda;Venda #685946;135;Pix
2025-01-06T20:28:00.000Z;ENTRADA;Venda;Venda #685946;255;Pix
2025-01-06T20:21:00.000Z;ENTRADA;Venda;Venda #685946;85;Pix
2025-01-06T20:10:00.000Z;ENTRADA;Venda;Venda #685946;24;Pix
2025-01-06T19:50:00.000Z;ENTRADA;Venda;Venda #685946;255;Pix
2025-01-06T19:36:00.000Z;ENTRADA;Venda;Venda #685946;85;Pix
2025-01-06T19:26:00.000Z;ENTRADA;Venda;Venda #685946;24;Pix
2025-01-06T19:19:00.000Z;ENTRADA;Venda;Venda #685946;16;Pix
2025-01-06T19:17:00.000Z;ENTRADA;Venda;Venda #685946;24;Pix
2025-01-06T19:14:00.000Z;ENTRADA;Venda;Venda #685946;135;Pix
2025-01-06T19:10:00.000Z;ENTRADA;Venda;Venda #685946;170;Pix
2025-01-06T18:52:00.000Z;ENTRADA;Venda;Venda #685946;45;Pix
2025-01-06T18:45:00.000Z;ENTRADA;Venda;Venda #685946;170;Pix
2025-01-06T18:40:00.000Z;ENTRADA;Venda;Venda #685946;24;Pix
2025-01-06T18:24:00.000Z;ENTRADA;Venda;Venda #685946;120;Pix
2025-01-06T18:18:00.000Z;ENTRADA;Venda;Venda #685946;170;Pix
2025-01-06T18:08:00.000Z;ENTRADA;Venda;Venda #685946;170;Pix
2025-01-06T18:06:00.000Z;ENTRADA;Venda;Venda #685946;255;Pix
2025-01-06T17:30:00.000Z;ENTRADA;Venda;Venda #685946;90;Pix
2025-01-06T17:30:00.000Z;ENTRADA;Venda;Venda #685946;45;Pix
2025-01-06T17:26:00.000Z;ENTRADA;Venda;Venda #685946;255;Pix
2025-01-06T17:22:00.000Z;ENTRADA;Venda;Venda #685946;255;Pix
2025-01-06T17:11:00.000Z;ENTRADA;Venda;Venda #685946;255;Pix
2025-01-06T16:41:00.000Z;ENTRADA;Venda;Venda #685946;170;Pix
2025-01-06T16:10:00.000Z;ENTRADA;Venda;Venda #685946;170;Pix
2025-01-06T16:04:00.000Z;ENTRADA;Venda;Venda #685946;170;Pix
2025-01-06T16:02:00.000Z;ENTRADA;Venda;Venda #685946;24;Pix
2025-01-06T15:55:00.000Z;ENTRADA;Venda;Venda #685946;85;Pix
2025-01-06T15:48:00.000Z;ENTRADA;Venda;Venda #685946;16;Pix
2025-01-06T15:47:00.000Z;ENTRADA;Venda;Venda #685946;85;Pix
2025-01-06T03:00:00.000Z;SAÍDA;DESPESAS OPERACIONAIS;Compra de Insumos Reposição;-1765.610154823757;Dinheiro/Banco
2025-01-03T22:53:00.000Z;ENTRADA;Venda;Venda #685946;120;Pix
2025-01-03T22:50:00.000Z;ENTRADA;Venda;Venda #685946;8;Pix
2025-01-03T22:36:00.000Z;ENTRADA;Venda;Venda #685946;45;Pix
2025-01-03T22:31:00.000Z;ENTRADA;Venda;Venda #685946;8;Pix
2025-01-03T22:28:00.000Z;ENTRADA;Venda;Venda #685946;8;Pix
2025-01-03T22:14:00.000Z;ENTRADA;Venda;Venda #685946;8;Pix
2025-01-03T22:03:00.000Z;ENTRADA;Venda;Venda #685946;255;Pix
2025-01-03T21:52:00.000Z;ENTRADA;Venda;Venda #685946;135;Pix
2025-01-03T21:44:00.000Z;ENTRADA;Venda;Venda #685946;45;Pix
2025-01-03T21:42:00.000Z;ENTRADA;Venda;Venda #685946;90;Pix
2025-01-03T21:27:00.000Z;ENTRADA;Venda;Venda #685946;45;Pix
2025-01-03T21:26:00.000Z;ENTRADA;Venda;Venda #685946;45;Pix
2025-01-03T21:16:00.000Z;ENTRADA;Venda;Venda #685946;8;Pix
2025-01-03T21:12:00.000Z;ENTRADA;Venda;Venda #685946;135;Pix
2025-01-03T21:04:00.000Z;ENTRADA;Venda;Venda #685946;85;Pix
2025-01-03T21:03:00.000Z;ENTRADA;Venda;Venda #685946;135;Pix
2025-01-03T20:57:00.000Z;ENTRADA;Venda;Venda #685946;240;Pix
2025-01-03T20:56:00.000Z;ENTRADA;Venda;Venda #685946;255;Pix
2025-01-03T20:28:00.000Z;ENTRADA;Venda;Venda #685946;255;Pix
2025-01-03T20:17:00.000Z;ENTRADA;Venda;Venda #685946;85;Pix
2025-01-03T19:45:00.000Z;ENTRADA;Venda;Venda #685946;240;Pix
2025-01-03T19:38:00.000Z;ENTRADA;Venda;Venda #685946;8;Pix
2025-01-03T19:36:00.000Z;ENTRADA;Venda;Venda #685946;255;Pix
2025-01-03T19:32:00.000Z;ENTRADA;Venda;Venda #685946;240;Pix
2025-01-03T19:00:00.000Z;ENTRADA;Venda;Venda #685946;240;Pix
2025-01-03T18:54:00.000Z;ENTRADA;Venda;Venda #685946;240;Pix
2025-01-03T18:39:00.000Z;ENTRADA;Venda;Venda #685946;90;Pix
2025-01-03T18:20:00.000Z;ENTRADA;Venda;Venda #685946;8;Pix
2025-01-03T18:10:00.000Z;ENTRADA;Venda;Venda #685946;255;Pix
2025-01-03T18:10:00.000Z;ENTRADA;Venda;Venda #685946;135;Pix
2025-01-03T18:03:00.000Z;ENTRADA;Venda;Venda #685946;16;Pix
2025-01-03T17:58:00.000Z;ENTRADA;Venda;Venda #685946;8;Pix
2025-01-03T17:47:00.000Z;ENTRADA;Venda;Venda #685946;255;Pix
2025-01-03T17:43:00.000Z;ENTRADA;Venda;Venda #685946;45;Pix
2025-01-03T17:42:00.000Z;ENTRADA;Venda;Venda #685946;240;Pix
2025-01-03T17:40:00.000Z;ENTRADA;Venda;Venda #685946;45;Pix
2025-01-03T16:53:00.000Z;ENTRADA;Venda;Venda #685946;16;Pix
2025-01-03T16:41:00.000Z;ENTRADA;Venda;Venda #685946;255;Pix
2025-01-03T16:30:00.000Z;ENTRADA;Venda;Venda #685946;16;Pix
2025-01-03T16:27:00.000Z;ENTRADA;Venda;Venda #685946;240;Pix
2025-01-03T16:20:00.000Z;ENTRADA;Venda;Venda #685946;8;Pix
2025-01-03T16:10:00.000Z;ENTRADA;Venda;Venda #685946;16;Pix
2025-01-03T16:09:00.000Z;ENTRADA;Venda;Venda #685946;24;Pix
2025-01-03T16:08:00.000Z;ENTRADA;Venda;Venda #685946;255;Pix
2025-01-03T15:54:00.000Z;ENTRADA;Venda;Venda #685946;90;Pix
2025-01-03T15:44:00.000Z;ENTRADA;Venda;Venda #685946;8;Pix
2025-01-03T15:42:00.000Z;ENTRADA;Venda;Venda #685946;170;Pix
2025-01-03T15:37:00.000Z;ENTRADA;Venda;Venda #685946;85;Pix
2025-01-03T15:35:00.000Z;ENTRADA;Venda;Venda #685946;240;Pix
2025-01-03T15:32:00.000Z;ENTRADA;Venda;Venda #685946;360;Pix
2025-01-03T15:31:00.000Z;ENTRADA;Venda;Venda #685946;135;Pix
2025-01-03T15:19:00.000Z;ENTRADA;Venda;Venda #685946;24;Pix
2025-01-03T15:07:00.000Z;ENTRADA;Venda;Venda #685946;255;Pix
2025-01-03T15:06:00.000Z;ENTRADA;Venda;Venda #685946;24;Pix
2025-01-03T03:00:00.000Z;SAÍDA;DESPESAS OPERACIONAIS;Compra de Insumos Reposição;-1599.1865920343719;Dinheiro/Banco
2025-01-02T22:51:00.000Z;ENTRADA;Venda;Venda #685946;90;Pix
2025-01-02T22:37:00.000Z;ENTRADA;Venda;Venda #685946;85;Pix
2025-01-02T22:37:00.000Z;ENTRADA;Venda;Venda #685946;8;Pix
2025-01-02T22:11:00.000Z;ENTRADA;Venda;Venda #685946;360;Pix
2025-01-02T22:06:00.000Z;ENTRADA;Venda;Venda #685946;45;Pix
2025-01-02T22:04:00.000Z;ENTRADA;Venda;Venda #685946;24;Pix
2025-01-02T21:45:00.000Z;ENTRADA;Venda;Venda #685946;170;Pix
2025-01-02T21:37:00.000Z;ENTRADA;Venda;Venda #685946;45;Pix
2025-01-02T21:26:00.000Z;ENTRADA;Venda;Venda #685946;360;Pix
2025-01-02T21:25:00.000Z;ENTRADA;Venda;Venda #685946;240;Pix
2025-01-02T21:20:00.000Z;ENTRADA;Venda;Venda #685946;16;Pix
2025-01-02T21:20:00.000Z;ENTRADA;Venda;Venda #685946;45;Pix
2025-01-02T21:19:00.000Z;ENTRADA;Venda;Venda #685946;240;Pix
2025-01-02T21:17:00.000Z;ENTRADA;Venda;Venda #685946;120;Pix
2025-01-02T20:43:00.000Z;ENTRADA;Venda;Venda #685946;360;Pix
2025-01-02T20:39:00.000Z;ENTRADA;Venda;Venda #685946;16;Pix
2025-01-02T20:27:00.000Z;ENTRADA;Venda;Venda #685946;90;Pix
2025-01-02T20:22:00.000Z;ENTRADA;Venda;Venda #685946;24;Pix
2025-01-02T20:06:00.000Z;ENTRADA;Venda;Venda #685946;170;Pix
2025-01-02T20:05:00.000Z;ENTRADA;Venda;Venda #685946;255;Pix
2025-01-02T20:05:00.000Z;ENTRADA;Venda;Venda #685946;8;Pix
2025-01-02T19:58:00.000Z;ENTRADA;Venda;Venda #685946;45;Pix
2025-01-02T19:44:00.000Z;ENTRADA;Venda;Venda #685946;120;Pix
2025-01-02T19:37:00.000Z;ENTRADA;Venda;Venda #685946;24;Pix
2025-01-02T19:36:00.000Z;ENTRADA;Venda;Venda #685946;24;Pix
2025-01-02T19:28:00.000Z;ENTRADA;Venda;Venda #685946;240;Pix
2025-01-02T19:23:00.000Z;ENTRADA;Venda;Venda #685946;135;Pix
2025-01-02T19:11:00.000Z;ENTRADA;Venda;Venda #685946;45;Pix
2025-01-02T19:07:00.000Z;ENTRADA;Venda;Venda #685946;16;Pix
2025-01-02T18:57:00.000Z;ENTRADA;Venda;Venda #685946;8;Pix
2025-01-02T18:44:00.000Z;ENTRADA;Venda;Venda #685946;240;Pix
2025-01-02T18:38:00.000Z;ENTRADA;Venda;Venda #685946;85;Pix
2025-01-02T18:35:00.000Z;ENTRADA;Venda;Venda #685946;240;Pix
2025-01-02T18:32:00.000Z;ENTRADA;Venda;Venda #685946;240;Pix
2025-01-02T18:15:00.000Z;ENTRADA;Venda;Venda #685946;170;Pix
2025-01-02T17:50:00.000Z;ENTRADA;Venda;Venda #685946;8;Pix
2025-01-02T17:42:00.000Z;ENTRADA;Venda;Venda #685946;135;Pix
2025-01-02T17:39:00.000Z;ENTRADA;Venda;Venda #685946;24;Pix
2025-01-02T17:06:00.000Z;ENTRADA;Venda;Venda #685946;135;Pix
2025-01-02T17:06:00.000Z;ENTRADA;Venda;Venda #685946;24;Pix
2025-01-02T16:44:00.000Z;ENTRADA;Venda;Venda #685946;90;Pix
2025-01-02T16:15:00.000Z;ENTRADA;Venda;Venda #685946;90;Pix
2025-01-02T16:08:00.000Z;ENTRADA;Venda;Venda #685946;360;Pix
2025-01-02T16:05:00.000Z;ENTRADA;Venda;Venda #685946;120;Pix
2025-01-02T16:03:00.000Z;ENTRADA;Venda;Venda #685946;90;Pix
2025-01-02T15:45:00.000Z;ENTRADA;Venda;Venda #685946;170;Pix
2025-01-02T15:41:00.000Z;ENTRADA;Venda;Venda #685946;170;Pix
2025-01-02T15:41:00.000Z;ENTRADA;Venda;Venda #685946;16;Pix
2025-01-02T15:35:00.000Z;ENTRADA;Venda;Venda #685946;24;Pix
2025-01-02T15:32:00.000Z;ENTRADA;Venda;Venda #685946;170;Pix
2025-01-02T15:29:00.000Z;ENTRADA;Venda;Venda #685946;85;Pix
2025-01-02T15:25:00.000Z;ENTRADA;Venda;Venda #685946;360;Pix
2025-01-02T15:11:00.000Z;ENTRADA;Venda;Venda #685946;170;Pix
2025-01-02T15:03:00.000Z;ENTRADA;Venda;Venda #685946;8;Pix
2025-01-01T22:56:00.000Z;ENTRADA;Venda;Venda #685945;8;Pix
2025-01-01T22:50:00.000Z;ENTRADA;Venda;Venda #685945;135;Pix
2025-01-01T22:48:00.000Z;ENTRADA;Venda;Venda #685945;360;Pix
2025-01-01T22:46:00.000Z;ENTRADA;Venda;Venda #685945;24;Pix
2025-01-01T22:38:00.000Z;ENTRADA;Venda;Venda #685945;135;Pix
2025-01-01T22:26:00.000Z;ENTRADA;Venda;Venda #685945;24;Pix
2025-01-01T22:11:00.000Z;ENTRADA;Venda;Venda #685945;170;Pix
2025-01-01T22:04:00.000Z;ENTRADA;Venda;Venda #685945;170;Pix
2025-01-01T21:52:00.000Z;ENTRADA;Venda;Venda #685945;85;Pix
2025-01-01T21:43:00.000Z;ENTRADA;Venda;Venda #685945;45;Pix
2025-01-01T21:41:00.000Z;ENTRADA;Venda;Venda #685945;16;Pix
2025-01-01T21:17:00.000Z;ENTRADA;Venda;Venda #685945;135;Pix
2025-01-01T21:09:00.000Z;ENTRADA;Venda;Venda #685946;360;Pix
2025-01-01T21:03:00.000Z;ENTRADA;Venda;Venda #685945;255;Pix
2025-01-01T20:56:00.000Z;ENTRADA;Venda;Venda #685946;255;Pix
2025-01-01T20:47:00.000Z;ENTRADA;Venda;Venda #685945;8;Pix
2025-01-01T20:44:00.000Z;ENTRADA;Venda;Venda #685945;120;Pix
2025-01-01T20:30:00.000Z;ENTRADA;Venda;Venda #685945;24;Pix
2025-01-01T20:27:00.000Z;ENTRADA;Venda;Venda #685945;90;Pix
2025-01-01T20:18:00.000Z;ENTRADA;Venda;Venda #685945;24;Pix
2025-01-01T20:15:00.000Z;ENTRADA;Venda;Venda #685945;240;Pix
2025-01-01T20:13:00.000Z;ENTRADA;Venda;Venda #685945;90;Pix
2025-01-01T20:12:00.000Z;ENTRADA;Venda;Venda #685945;45;Pix
2025-01-01T20:03:00.000Z;ENTRADA;Venda;Venda #685945;135;Pix
2025-01-01T20:01:00.000Z;ENTRADA;Venda;Venda #685945;24;Pix
2025-01-01T19:46:00.000Z;ENTRADA;Venda;Venda #685945;255;Pix
2025-01-01T19:30:00.000Z;ENTRADA;Venda;Venda #685945;90;Pix
2025-01-01T19:29:00.000Z;ENTRADA;Venda;Venda #685945;240;Pix
2025-01-01T19:29:00.000Z;ENTRADA;Venda;Venda #685945;85;Pix
2025-01-01T19:24:00.000Z;ENTRADA;Venda;Venda #685945;240;Pix
2025-01-01T19:20:00.000Z;ENTRADA;Venda;Venda #685945;85;Pix
2025-01-01T19:08:00.000Z;ENTRADA;Venda;Venda #685945;240;Pix
2025-01-01T19:07:00.000Z;ENTRADA;Venda;Venda #685945;24;Pix
2025-01-01T18:49:00.000Z;ENTRADA;Venda;Venda #685945;255;Pix
2025-01-01T18:41:00.000Z;ENTRADA;Venda;Venda #685945;240;Pix
2025-01-01T18:35:00.000Z;ENTRADA;Venda;Venda #685945;45;Pix
2025-01-01T18:22:00.000Z;ENTRADA;Venda;Venda #685945;85;Pix
2025-01-01T18:22:00.000Z;ENTRADA;Venda;Venda #685946;170;Pix
2025-01-01T18:03:00.000Z;ENTRADA;Venda;Venda #685945;120;Pix
2025-01-01T17:58:00.000Z;ENTRADA;Venda;Venda #685945;120;Pix
2025-01-01T17:52:00.000Z;ENTRADA;Venda;Venda #685945;45;Pix
2025-01-01T17:50:00.000Z;ENTRADA;Venda;Venda #685945;16;Pix
2025-01-01T17:47:00.000Z;ENTRADA;Venda;Venda #685945;16;Pix
2025-01-01T17:40:00.000Z;ENTRADA;Venda;Venda #685945;170;Pix
2025-01-01T17:18:00.000Z;ENTRADA;Venda;Venda #685945;16;Pix
2025-01-01T17:10:00.000Z;ENTRADA;Venda;Venda #685945;255;Pix
2025-01-01T17:04:00.000Z;ENTRADA;Venda;Venda #685945;16;Pix
2025-01-01T17:03:00.000Z;ENTRADA;Venda;Venda #685945;8;Pix
2025-01-01T16:58:00.000Z;ENTRADA;Venda;Venda #685945;24;Pix
2025-01-01T16:50:00.000Z;ENTRADA;Venda;Venda #685945;240;Pix
2025-01-01T16:46:00.000Z;ENTRADA;Venda;Venda #685945;90;Pix
2025-01-01T16:29:00.000Z;ENTRADA;Venda;Venda #685945;24;Pix
2025-01-01T16:19:00.000Z;ENTRADA;Venda;Venda #685946;8;Pix
2025-01-01T15:42:00.000Z;ENTRADA;Venda;Venda #685945;135;Pix
2025-01-01T15:20:00.000Z;ENTRADA;Venda;Venda #685945;24;Pix
2025-01-01T15:18:00.000Z;ENTRADA;Venda;Venda #685945;240;Pix
2025-01-01T15:18:00.000Z;ENTRADA;Venda;Venda #685945;90;Pix
2025-01-01T15:16:00.000Z;ENTRADA;Venda;Venda #685945;45;Pix
2024-12-31T21:51:00.000Z;ENTRADA;Venda;Venda #685945;360;Pix
2024-12-31T21:02:00.000Z;ENTRADA;Venda;Venda #685945;16;Pix
2024-12-31T20:57:00.000Z;ENTRADA;Venda;Venda #685945;24;Pix
2024-12-31T20:04:00.000Z;ENTRADA;Venda;Venda #685945;45;Pix
2024-12-31T19:25:00.000Z;ENTRADA;Venda;Venda #685945;24;Pix
2024-12-31T19:22:00.000Z;ENTRADA;Venda;Venda #685945;120;Pix
2024-12-31T18:57:00.000Z;ENTRADA;Venda;Venda #685945;240;Pix
2024-12-31T18:45:00.000Z;ENTRADA;Venda;Venda #685945;120;Pix
2024-12-31T18:38:00.000Z;ENTRADA;Venda;Venda #685945;90;Pix
2024-12-31T16:01:00.000Z;ENTRADA;Venda;Venda #685945;24;Pix
2024-12-31T15:45:00.000Z;ENTRADA;Venda;Venda #685945;120;Pix
2024-12-30T22:51:00.000Z;ENTRADA;Venda;Venda #685945;170;Pix
2024-12-30T22:42:00.000Z;ENTRADA;Venda;Venda #685945;8;Pix
2024-12-30T22:01:00.000Z;ENTRADA;Venda;Venda #685945;240;Pix
2024-12-30T19:33:00.000Z;ENTRADA;Venda;Venda #685945;360;Pix
2024-12-30T17:35:00.000Z;ENTRADA;Venda;Venda #685945;90;Pix
2024-12-30T16:17:00.000Z;ENTRADA;Venda;Venda #685945;255;Pix
2024-12-30T03:00:00.000Z;SAÍDA;DESPESAS OPERACIONAIS;Compra de Insumos Reposição;-1789.5392350417785;Dinheiro/Banco
2024-12-27T22:44:00.000Z;ENTRADA;Venda;Venda #685945;360;Pix
2024-12-27T22:21:00.000Z;ENTRADA;Venda;Venda #685945;90;Pix
2024-12-27T21:27:00.000Z;ENTRADA;Venda;Venda #685945;255;Pix
2024-12-27T20:31:00.000Z;ENTRADA;Venda;Venda #685945;85;Pix
2024-12-27T19:53:00.000Z;ENTRADA;Venda;Venda #685945;240;Pix
2024-12-27T18:12:00.000Z;ENTRADA;Venda;Venda #685945;45;Pix
2024-12-27T18:07:00.000Z;ENTRADA;Venda;Venda #685945;16;Pix
2024-12-27T16:51:00.000Z;ENTRADA;Venda;Venda #685945;24;Pix
2024-12-27T03:00:00.000Z;SAÍDA;DESPESAS OPERACIONAIS;Compra de Insumos Reposição;-1735.28034415518;Dinheiro/Banco
2024-12-26T22:46:00.000Z;ENTRADA;Venda;Venda #685945;85;Pix
2024-12-26T22:30:00.000Z;ENTRADA;Venda;Venda #685945;90;Pix
2024-12-26T19:46:00.000Z;ENTRADA;Venda;Venda #685945;90;Pix
2024-12-26T19:05:00.000Z;ENTRADA;Venda;Venda #685945;255;Pix
2024-12-26T18:25:00.000Z;ENTRADA;Venda;Venda #685945;8;Pix
2024-12-26T18:09:00.000Z;ENTRADA;Venda;Venda #685945;85;Pix
2024-12-26T17:56:00.000Z;ENTRADA;Venda;Venda #685945;90;Pix
2024-12-26T16:40:00.000Z;ENTRADA;Venda;Venda #685945;170;Pix
2024-12-26T16:40:00.000Z;ENTRADA;Venda;Venda #685945;90;Pix
2024-12-26T15:57:00.000Z;ENTRADA;Venda;Venda #685945;8;Pix
2024-12-26T15:18:00.000Z;ENTRADA;Venda;Venda #685945;135;Pix
2024-12-26T15:15:00.000Z;ENTRADA;Venda;Venda #685945;8;Pix
2024-12-25T20:54:00.000Z;ENTRADA;Venda;Venda #685945;240;Pix
2024-12-25T20:52:00.000Z;ENTRADA;Venda;Venda #685945;120;Pix
2024-12-25T20:09:00.000Z;ENTRADA;Venda;Venda #685945;170;Pix
2024-12-25T19:21:00.000Z;ENTRADA;Venda;Venda #685945;85;Pix
2024-12-25T18:03:00.000Z;ENTRADA;Venda;Venda #685945;8;Pix
2024-12-25T17:57:00.000Z;ENTRADA;Venda;Venda #685945;170;Pix
2024-12-25T17:28:00.000Z;ENTRADA;Venda;Venda #685945;16;Pix
2024-12-25T16:43:00.000Z;ENTRADA;Venda;Venda #685945;90;Pix
2024-12-25T16:29:00.000Z;ENTRADA;Venda;Venda #685945;240;Pix
2024-12-25T16:10:00.000Z;ENTRADA;Venda;Venda #685945;16;Pix
2024-12-24T22:46:00.000Z;ENTRADA;Venda;Venda #685945;135;Pix
2024-12-24T22:20:00.000Z;ENTRADA;Venda;Venda #685945;16;Pix
2024-12-24T21:50:00.000Z;ENTRADA;Venda;Venda #685945;24;Pix
2024-12-24T21:29:00.000Z;ENTRADA;Venda;Venda #685945;24;Pix
2024-12-24T21:20:00.000Z;ENTRADA;Venda;Venda #685945;45;Pix
2024-12-24T21:12:00.000Z;ENTRADA;Venda;Venda #685945;24;Pix
2024-12-24T21:07:00.000Z;ENTRADA;Venda;Venda #685945;240;Pix
2024-12-24T20:55:00.000Z;ENTRADA;Venda;Venda #685945;16;Pix
2024-12-24T20:08:00.000Z;ENTRADA;Venda;Venda #685945;135;Pix
2024-12-24T19:58:00.000Z;ENTRADA;Venda;Venda #685945;8;Pix
2024-12-24T19:03:00.000Z;ENTRADA;Venda;Venda #685945;16;Pix
2024-12-24T17:43:00.000Z;ENTRADA;Venda;Venda #685945;90;Pix
2024-12-24T16:22:00.000Z;ENTRADA;Venda;Venda #685945;135;Pix
2024-12-24T15:32:00.000Z;ENTRADA;Venda;Venda #685945;170;Pix
2024-12-24T03:00:00.000Z;SAÍDA;DESPESAS OPERACIONAIS;Compra de Insumos Reposição;-2304.4314720049824;Dinheiro/Banco
2024-12-23T22:18:00.000Z;ENTRADA;Venda;Venda #685945;45;Pix
2024-12-23T22:03:00.000Z;ENTRADA;Venda;Venda #685945;120;Pix
2024-12-23T20:06:00.000Z;ENTRADA;Venda;Venda #685945;120;Pix
2024-12-23T17:35:00.000Z;ENTRADA;Venda;Venda #685945;120;Pix
2024-12-23T17:10:00.000Z;ENTRADA;Venda;Venda #685945;360;Pix
2024-12-23T16:46:00.000Z;ENTRADA;Venda;Venda #685945;255;Pix
2024-12-23T15:01:00.000Z;ENTRADA;Venda;Venda #685945;255;Pix
2024-12-21T03:00:00.000Z;SAÍDA;DESPESAS OPERACIONAIS;Compra de Insumos Reposição;-1708.7507520403242;Dinheiro/Banco
2024-12-20T22:50:00.000Z;ENTRADA;Venda;Venda #685945;24;Pix
2024-12-20T22:36:00.000Z;ENTRADA;Venda;Venda #685945;135;Pix
2024-12-20T22:12:00.000Z;ENTRADA;Venda;Venda #685945;135;Pix
2024-12-20T19:43:00.000Z;ENTRADA;Venda;Venda #685945;24;Pix
2024-12-20T18:49:00.000Z;ENTRADA;Venda;Venda #685945;16;Pix
2024-12-20T18:49:00.000Z;ENTRADA;Venda;Venda #685945;135;Pix
2024-12-20T18:49:00.000Z;ENTRADA;Venda;Venda #685945;120;Pix
2024-12-20T18:02:00.000Z;ENTRADA;Venda;Venda #685945;360;Pix
2024-12-20T16:14:00.000Z;ENTRADA;Venda;Venda #685945;85;Pix
2024-12-20T15:03:00.000Z;ENTRADA;Venda;Venda #685945;85;Pix
2024-12-19T22:57:00.000Z;ENTRADA;Venda;Venda #685945;255;Pix
2024-12-19T22:44:00.000Z;ENTRADA;Venda;Venda #685945;240;Pix
2024-12-19T21:35:00.000Z;ENTRADA;Venda;Venda #685945;85;Pix
2024-12-19T21:05:00.000Z;ENTRADA;Venda;Venda #685945;45;Pix
2024-12-19T19:28:00.000Z;ENTRADA;Venda;Venda #685945;85;Pix
2024-12-19T19:10:00.000Z;ENTRADA;Venda;Venda #685945;85;Pix
2024-12-19T17:25:00.000Z;ENTRADA;Venda;Venda #685945;240;Pix
2024-12-19T17:21:00.000Z;ENTRADA;Venda;Venda #685945;8;Pix
2024-12-19T16:39:00.000Z;ENTRADA;Venda;Venda #685945;45;Pix
2024-12-19T15:55:00.000Z;ENTRADA;Venda;Venda #685945;85;Pix
2024-12-19T15:52:00.000Z;ENTRADA;Venda;Venda #685945;85;Pix
2024-12-19T15:44:00.000Z;ENTRADA;Venda;Venda #685945;16;Pix
2024-12-18T22:29:00.000Z;ENTRADA;Venda;Venda #685945;360;Pix
2024-12-18T22:00:00.000Z;ENTRADA;Venda;Venda #685945;90;Pix
2024-12-18T20:11:00.000Z;ENTRADA;Venda;Venda #685945;8;Pix
2024-12-18T19:51:00.000Z;ENTRADA;Venda;Venda #685945;16;Pix
2024-12-18T19:15:00.000Z;ENTRADA;Venda;Venda #685945;45;Pix
2024-12-18T18:46:00.000Z;ENTRADA;Venda;Venda #685945;85;Pix
2024-12-18T18:45:00.000Z;ENTRADA;Venda;Venda #685945;90;Pix
2024-12-18T17:35:00.000Z;ENTRADA;Venda;Venda #685945;170;Pix
2024-12-18T15:19:00.000Z;ENTRADA;Venda;Venda #685945;135;Pix
2024-12-18T15:18:00.000Z;ENTRADA;Venda;Venda #685945;90;Pix
2024-12-18T03:00:00.000Z;SAÍDA;DESPESAS OPERACIONAIS;Compra de Insumos Reposição;-1935.7773121895536;Dinheiro/Banco
2024-12-17T22:12:00.000Z;ENTRADA;Venda;Venda #685945;170;Pix
2024-12-17T20:40:00.000Z;ENTRADA;Venda;Venda #685945;120;Pix
2024-12-17T19:15:00.000Z;ENTRADA;Venda;Venda #685945;240;Pix
2024-12-17T19:04:00.000Z;ENTRADA;Venda;Venda #685945;90;Pix
2024-12-17T18:50:00.000Z;ENTRADA;Venda;Venda #685945;85;Pix
2024-12-17T18:09:00.000Z;ENTRADA;Venda;Venda #685945;135;Pix
2024-12-17T17:32:00.000Z;ENTRADA;Venda;Venda #685945;135;Pix
2024-12-17T15:15:00.000Z;ENTRADA;Venda;Venda #685945;85;Pix
2024-12-17T15:13:00.000Z;ENTRADA;Venda;Venda #685945;255;Pix
2024-12-16T22:32:00.000Z;ENTRADA;Venda;Venda #685945;170;Pix
2024-12-16T22:14:00.000Z;ENTRADA;Venda;Venda #685945;8;Pix
2024-12-16T22:14:00.000Z;ENTRADA;Venda;Venda #685945;255;Pix
2024-12-16T20:05:00.000Z;ENTRADA;Venda;Venda #685945;45;Pix
2024-12-16T20:00:00.000Z;ENTRADA;Venda;Venda #685945;120;Pix
2024-12-16T19:25:00.000Z;ENTRADA;Venda;Venda #685945;360;Pix
2024-12-16T19:12:00.000Z;ENTRADA;Venda;Venda #685945;170;Pix
2024-12-16T17:30:00.000Z;ENTRADA;Venda;Venda #685945;135;Pix
2024-12-16T16:11:00.000Z;ENTRADA;Venda;Venda #685945;8;Pix
2024-12-15T03:00:00.000Z;SAÍDA;DESPESAS OPERACIONAIS;Compra de Insumos Reposição;-1502.3589371672833;Dinheiro/Banco
2024-12-13T22:18:00.000Z;ENTRADA;Venda;Venda #685945;90;Pix
2024-12-13T21:47:00.000Z;ENTRADA;Venda;Venda #685945;120;Pix
2024-12-13T21:11:00.000Z;ENTRADA;Venda;Venda #685945;120;Pix
2024-12-13T18:53:00.000Z;ENTRADA;Venda;Venda #685945;360;Pix
2024-12-13T18:30:00.000Z;ENTRADA;Venda;Venda #685945;135;Pix
2024-12-13T18:03:00.000Z;ENTRADA;Venda;Venda #685945;8;Pix
2024-12-13T16:15:00.000Z;ENTRADA;Venda;Venda #685945;255;Pix
2024-12-13T15:19:00.000Z;ENTRADA;Venda;Venda #685945;85;Pix
2024-12-12T22:52:00.000Z;ENTRADA;Venda;Venda #685945;255;Pix
2024-12-12T19:47:00.000Z;ENTRADA;Venda;Venda #685945;135;Pix
2024-12-12T18:40:00.000Z;ENTRADA;Venda;Venda #685945;8;Pix
2024-12-12T18:24:00.000Z;ENTRADA;Venda;Venda #685945;170;Pix
2024-12-12T17:41:00.000Z;ENTRADA;Venda;Venda #685945;24;Pix
2024-12-12T17:11:00.000Z;ENTRADA;Venda;Venda #685945;170;Pix
2024-12-12T16:55:00.000Z;ENTRADA;Venda;Venda #685945;45;Pix
2024-12-12T16:36:00.000Z;ENTRADA;Venda;Venda #685945;360;Pix
2024-12-12T03:00:00.000Z;SAÍDA;DESPESAS OPERACIONAIS;Compra de Insumos Reposição;-2020.5768739722264;Dinheiro/Banco
2024-12-11T22:55:00.000Z;ENTRADA;Venda;Venda #685945;16;Pix
2024-12-11T20:07:00.000Z;ENTRADA;Venda;Venda #685945;360;Pix
2024-12-11T20:04:00.000Z;ENTRADA;Venda;Venda #685945;170;Pix
2024-12-11T18:14:00.000Z;ENTRADA;Venda;Venda #685945;135;Pix
2024-12-11T16:32:00.000Z;ENTRADA;Venda;Venda #685945;360;Pix
2024-12-11T16:27:00.000Z;ENTRADA;Venda;Venda #685945;240;Pix
2024-12-10T22:19:00.000Z;ENTRADA;Venda;Venda #685945;240;Pix
2024-12-10T22:06:00.000Z;ENTRADA;Venda;Venda #685945;16;Pix
2024-12-10T22:04:00.000Z;ENTRADA;Venda;Venda #685945;120;Pix
2024-12-10T19:57:00.000Z;ENTRADA;Venda;Venda #685945;255;Pix
2024-12-10T19:38:00.000Z;ENTRADA;Venda;Venda #685945;360;Pix
2024-12-10T19:01:00.000Z;ENTRADA;Venda;Venda #685945;240;Pix
2024-12-10T18:32:00.000Z;ENTRADA;Venda;Venda #685945;90;Pix
2024-12-10T17:40:00.000Z;ENTRADA;Venda;Venda #685945;16;Pix
2024-12-10T16:53:00.000Z;ENTRADA;Venda;Venda #685945;16;Pix
2024-12-10T16:27:00.000Z;ENTRADA;Venda;Venda #685945;16;Pix
2024-12-10T15:03:00.000Z;ENTRADA;Venda;Venda #685945;24;Pix
2024-12-09T22:03:00.000Z;ENTRADA;Venda;Venda #685945;135;Pix
2024-12-09T20:45:00.000Z;ENTRADA;Venda;Venda #685945;135;Pix
2024-12-09T20:26:00.000Z;ENTRADA;Venda;Venda #685945;240;Pix
2024-12-09T19:34:00.000Z;ENTRADA;Venda;Venda #685945;360;Pix
2024-12-09T19:22:00.000Z;ENTRADA;Venda;Venda #685945;85;Pix
2024-12-09T18:47:00.000Z;ENTRADA;Venda;Venda #685945;90;Pix
2024-12-09T16:04:00.000Z;ENTRADA;Venda;Venda #685945;24;Pix
2024-12-09T03:00:00.000Z;SAÍDA;DESPESAS OPERACIONAIS;Compra de Insumos Reposição;-1842.6019487115298;Dinheiro/Banco
2024-12-06T21:55:00.000Z;ENTRADA;Venda;Venda #685945;16;Pix
2024-12-06T21:34:00.000Z;ENTRADA;Venda;Venda #685945;170;Pix
2024-12-06T21:27:00.000Z;ENTRADA;Venda;Venda #685945;16;Pix
2024-12-06T18:55:00.000Z;ENTRADA;Venda;Venda #685945;255;Pix
2024-12-06T18:52:00.000Z;ENTRADA;Venda;Venda #685945;24;Pix
2024-12-06T18:44:00.000Z;ENTRADA;Venda;Venda #685945;120;Pix
2024-12-06T17:31:00.000Z;ENTRADA;Venda;Venda #685945;240;Pix
2024-12-06T17:30:00.000Z;ENTRADA;Venda;Venda #685945;8;Pix
2024-12-06T17:26:00.000Z;ENTRADA;Venda;Venda #685945;24;Pix
2024-12-06T17:11:00.000Z;ENTRADA;Venda;Venda #685945;170;Pix
2024-12-06T15:46:00.000Z;ENTRADA;Venda;Venda #685945;24;Pix
2024-12-06T15:07:00.000Z;ENTRADA;Venda;Venda #685945;24;Pix
2024-12-06T03:00:00.000Z;SAÍDA;DESPESAS OPERACIONAIS;Compra de Insumos Reposição;-2120.3342138817866;Dinheiro/Banco
2024-12-05T22:26:00.000Z;ENTRADA;Venda;Venda #685945;360;Pix
2024-12-05T22:16:00.000Z;ENTRADA;Venda;Venda #685945;85;Pix
2024-12-05T21:28:00.000Z;ENTRADA;Venda;Venda #685945;240;Pix
2024-12-05T20:53:00.000Z;ENTRADA;Venda;Venda #685945;240;Pix
2024-12-05T18:48:00.000Z;ENTRADA;Venda;Venda #685945;170;Pix
2024-12-04T22:38:00.000Z;ENTRADA;Venda;Venda #685945;360;Pix
2024-12-04T20:30:00.000Z;ENTRADA;Venda;Venda #685945;120;Pix
2024-12-04T19:34:00.000Z;ENTRADA;Venda;Venda #685945;255;Pix
2024-12-04T19:17:00.000Z;ENTRADA;Venda;Venda #685945;255;Pix
2024-12-04T16:50:00.000Z;ENTRADA;Venda;Venda #685945;120;Pix
2024-12-04T15:52:00.000Z;ENTRADA;Venda;Venda #685945;85;Pix
2024-12-03T21:47:00.000Z;ENTRADA;Venda;Venda #685942;85;Pix
2024-12-03T21:04:00.000Z;ENTRADA;Venda;Venda #685942;360;Pix
2024-12-03T19:29:00.000Z;ENTRADA;Venda;Venda #685942;8;Pix
2024-12-03T17:27:00.000Z;ENTRADA;Venda;Venda #685945;360;Pix
2024-12-03T17:17:00.000Z;ENTRADA;Venda;Venda #685942;360;Pix
2024-12-03T16:33:00.000Z;ENTRADA;Venda;Venda #685942;16;Pix
2024-12-03T16:30:00.000Z;ENTRADA;Venda;Venda #685942;24;Pix
2024-12-03T16:27:00.000Z;ENTRADA;Venda;Venda #685942;120;Pix
2024-12-03T03:00:00.000Z;SAÍDA;DESPESAS OPERACIONAIS;Compra de Insumos Reposição;-2093.6882967215834;Dinheiro/Banco
2024-12-02T21:16:00.000Z;ENTRADA;Venda;Venda #685942;135;Pix
2024-12-02T21:04:00.000Z;ENTRADA;Venda;Venda #685942;255;Pix
2024-12-02T17:23:00.000Z;ENTRADA;Venda;Venda #685942;360;Pix
2024-12-02T15:11:00.000Z;ENTRADA;Venda;Venda #685942;255;Pix
2024-12-02T15:01:00.000Z;ENTRADA;Venda;Venda #685942;120;Pix
2024-11-30T03:00:00.000Z;SAÍDA;DESPESAS OPERACIONAIS;Compra de Insumos Reposição;-1924.235918523468;Dinheiro/Banco
2024-11-29T22:13:00.000Z;ENTRADA;Venda;Venda #685942;90;Pix
2024-11-29T21:35:00.000Z;ENTRADA;Venda;Venda #685942;8;Pix
2024-11-29T21:28:00.000Z;ENTRADA;Venda;Venda #685942;240;Pix
2024-11-29T20:34:00.000Z;ENTRADA;Venda;Venda #685942;8;Pix
2024-11-29T20:29:00.000Z;ENTRADA;Venda;Venda #685942;240;Pix
2024-11-29T18:10:00.000Z;ENTRADA;Venda;Venda #685942;8;Pix
2024-11-29T17:09:00.000Z;ENTRADA;Venda;Venda #685942;360;Pix
2024-11-29T16:35:00.000Z;ENTRADA;Venda;Venda #685942;170;Pix
2024-11-28T22:20:00.000Z;ENTRADA;Venda;Venda #685942;170;Pix
2024-11-28T19:29:00.000Z;ENTRADA;Venda;Venda #685942;85;Pix
2024-11-28T19:22:00.000Z;ENTRADA;Venda;Venda #685942;24;Pix
2024-11-28T18:20:00.000Z;ENTRADA;Venda;Venda #685942;120;Pix
2024-11-28T18:18:00.000Z;ENTRADA;Venda;Venda #685942;360;Pix
2024-11-28T16:29:00.000Z;ENTRADA;Venda;Venda #685942;255;Pix
2024-11-28T16:28:00.000Z;ENTRADA;Venda;Venda #685942;90;Pix
2024-11-27T22:47:00.000Z;ENTRADA;Venda;Venda #685942;120;Pix
2024-11-27T22:47:00.000Z;ENTRADA;Venda;Venda #685942;24;Pix
2024-11-27T22:40:00.000Z;ENTRADA;Venda;Venda #685942;90;Pix
2024-11-27T22:22:00.000Z;ENTRADA;Venda;Venda #685942;24;Pix
2024-11-27T21:19:00.000Z;ENTRADA;Venda;Venda #685942;24;Pix
2024-11-27T20:25:00.000Z;ENTRADA;Venda;Venda #685942;8;Pix
2024-11-27T20:17:00.000Z;ENTRADA;Venda;Venda #685942;24;Pix
2024-11-27T20:09:00.000Z;ENTRADA;Venda;Venda #685942;24;Pix
2024-11-27T20:05:00.000Z;ENTRADA;Venda;Venda #685942;16;Pix
2024-11-27T19:44:00.000Z;ENTRADA;Venda;Venda #685942;24;Pix
2024-11-27T18:29:00.000Z;ENTRADA;Venda;Venda #685942;240;Pix
2024-11-27T15:40:00.000Z;ENTRADA;Venda;Venda #685942;240;Pix
2024-11-27T15:38:00.000Z;ENTRADA;Venda;Venda #685942;24;Pix
2024-11-27T15:34:00.000Z;ENTRADA;Venda;Venda #685942;240;Pix
2024-11-27T03:00:00.000Z;SAÍDA;DESPESAS OPERACIONAIS;Compra de Insumos Reposição;-1978.3748959872505;Dinheiro/Banco
2024-11-26T22:50:00.000Z;ENTRADA;Venda;Venda #685942;85;Pix
2024-11-26T21:31:00.000Z;ENTRADA;Venda;Venda #685942;170;Pix
2024-11-26T21:18:00.000Z;ENTRADA;Venda;Venda #685942;170;Pix
2024-11-26T20:21:00.000Z;ENTRADA;Venda;Venda #685942;120;Pix
2024-11-26T20:06:00.000Z;ENTRADA;Venda;Venda #685942;360;Pix
2024-11-26T19:33:00.000Z;ENTRADA;Venda;Venda #685942;24;Pix
2024-11-26T19:06:00.000Z;ENTRADA;Venda;Venda #685942;8;Pix
2024-11-26T18:04:00.000Z;ENTRADA;Venda;Venda #685942;8;Pix
2024-11-26T17:49:00.000Z;ENTRADA;Venda;Venda #685942;240;Pix
2024-11-26T17:19:00.000Z;ENTRADA;Venda;Venda #685942;24;Pix
2024-11-26T16:09:00.000Z;ENTRADA;Venda;Venda #685942;45;Pix
2024-11-26T16:08:00.000Z;ENTRADA;Venda;Venda #685942;16;Pix
2024-11-25T22:10:00.000Z;ENTRADA;Venda;Venda #685942;8;Pix
2024-11-25T22:06:00.000Z;ENTRADA;Venda;Venda #685942;24;Pix
2024-11-25T21:21:00.000Z;ENTRADA;Venda;Venda #685942;120;Pix
2024-11-25T21:19:00.000Z;ENTRADA;Venda;Venda #685942;16;Pix
2024-11-25T20:44:00.000Z;ENTRADA;Venda;Venda #685942;24;Pix
2024-11-25T20:23:00.000Z;ENTRADA;Venda;Venda #685942;135;Pix
2024-11-25T19:52:00.000Z;ENTRADA;Venda;Venda #685942;90;Pix
2024-11-25T18:55:00.000Z;ENTRADA;Venda;Venda #685942;135;Pix
2024-11-25T17:58:00.000Z;ENTRADA;Venda;Venda #685942;8;Pix
2024-11-25T17:50:00.000Z;ENTRADA;Venda;Venda #685942;16;Pix
2024-11-25T16:34:00.000Z;ENTRADA;Venda;Venda #685942;45;Pix
2024-11-25T16:05:00.000Z;ENTRADA;Venda;Venda #685942;16;Pix
2024-11-25T15:37:00.000Z;ENTRADA;Venda;Venda #685942;85;Pix
2024-11-25T15:24:00.000Z;ENTRADA;Venda;Venda #685942;45;Pix
2024-11-25T15:08:00.000Z;ENTRADA;Venda;Venda #685942;255;Pix
2024-11-25T15:02:00.000Z;ENTRADA;Venda;Venda #685942;45;Pix
2024-11-24T03:00:00.000Z;SAÍDA;DESPESAS OPERACIONAIS;Compra de Insumos Reposição;-1749.140242222434;Dinheiro/Banco
2024-11-22T22:43:00.000Z;ENTRADA;Venda;Venda #685942;255;Pix
2024-11-22T22:31:00.000Z;ENTRADA;Venda;Venda #685942;45;Pix
2024-11-22T22:01:00.000Z;ENTRADA;Venda;Venda #685942;16;Pix
2024-11-22T21:49:00.000Z;ENTRADA;Venda;Venda #685942;170;Pix
2024-11-22T20:54:00.000Z;ENTRADA;Venda;Venda #685942;45;Pix
2024-11-22T20:07:00.000Z;ENTRADA;Venda;Venda #685942;360;Pix
2024-11-22T19:18:00.000Z;ENTRADA;Venda;Venda #685942;16;Pix
2024-11-22T19:13:00.000Z;ENTRADA;Venda;Venda #685942;85;Pix
2024-11-22T18:33:00.000Z;ENTRADA;Venda;Venda #685942;24;Pix
2024-11-22T16:09:00.000Z;ENTRADA;Venda;Venda #685942;240;Pix
2024-11-22T15:18:00.000Z;ENTRADA;Venda;Venda #685942;45;Pix
2024-11-21T22:54:00.000Z;ENTRADA;Venda;Venda #685942;240;Pix
2024-11-21T22:35:00.000Z;ENTRADA;Venda;Venda #685942;135;Pix
2024-11-21T20:13:00.000Z;ENTRADA;Venda;Venda #685942;135;Pix
2024-11-21T20:04:00.000Z;ENTRADA;Venda;Venda #685942;8;Pix
2024-11-21T19:22:00.000Z;ENTRADA;Venda;Venda #685942;360;Pix
2024-11-21T19:14:00.000Z;ENTRADA;Venda;Venda #685942;85;Pix
2024-11-21T17:16:00.000Z;ENTRADA;Venda;Venda #685942;170;Pix
2024-11-21T17:07:00.000Z;ENTRADA;Venda;Venda #685942;8;Pix
2024-11-21T17:02:00.000Z;ENTRADA;Venda;Venda #685942;24;Pix
2024-11-21T16:01:00.000Z;ENTRADA;Venda;Venda #685942;170;Pix
2024-11-21T03:00:00.000Z;SAÍDA;DESPESAS OPERACIONAIS;Compra de Insumos Reposição;-1812.7674517412254;Dinheiro/Banco
2024-11-20T22:52:00.000Z;ENTRADA;Venda;Venda #685942;85;Pix
2024-11-20T21:53:00.000Z;ENTRADA;Venda;Venda #685942;16;Pix
2024-11-20T20:53:00.000Z;ENTRADA;Venda;Venda #685942;135;Pix
2024-11-20T20:29:00.000Z;ENTRADA;Venda;Venda #685942;24;Pix
2024-11-20T20:10:00.000Z;ENTRADA;Venda;Venda #685942;240;Pix
2024-11-20T20:10:00.000Z;ENTRADA;Venda;Venda #685942;255;Pix
2024-11-20T19:22:00.000Z;ENTRADA;Venda;Venda #685942;16;Pix
2024-11-20T19:04:00.000Z;ENTRADA;Venda;Venda #685942;240;Pix
2024-11-20T19:00:00.000Z;ENTRADA;Venda;Venda #685942;24;Pix
2024-11-20T18:15:00.000Z;ENTRADA;Venda;Venda #685942;45;Pix
2024-11-19T21:15:00.000Z;ENTRADA;Venda;Venda #685942;240;Pix
2024-11-19T21:12:00.000Z;ENTRADA;Venda;Venda #685942;16;Pix
2024-11-19T20:25:00.000Z;ENTRADA;Venda;Venda #685942;90;Pix
2024-11-19T19:23:00.000Z;ENTRADA;Venda;Venda #685942;255;Pix
2024-11-19T18:16:00.000Z;ENTRADA;Venda;Venda #685942;90;Pix
2024-11-19T17:32:00.000Z;ENTRADA;Venda;Venda #685942;120;Pix
2024-11-19T17:15:00.000Z;ENTRADA;Venda;Venda #685942;90;Pix
2024-11-19T16:58:00.000Z;ENTRADA;Venda;Venda #685942;16;Pix
2024-11-19T16:52:00.000Z;ENTRADA;Venda;Venda #685942;120;Pix
2024-11-19T15:35:00.000Z;ENTRADA;Venda;Venda #685942;16;Pix
2024-11-19T15:11:00.000Z;ENTRADA;Venda;Venda #685942;16;Pix
2024-11-19T15:10:00.000Z;ENTRADA;Venda;Venda #685942;8;Pix
2024-11-18T21:54:00.000Z;ENTRADA;Venda;Venda #685942;240;Pix
2024-11-18T21:49:00.000Z;ENTRADA;Venda;Venda #685942;170;Pix
2024-11-18T21:45:00.000Z;ENTRADA;Venda;Venda #685942;135;Pix
2024-11-18T21:17:00.000Z;ENTRADA;Venda;Venda #685942;90;Pix
2024-11-18T20:02:00.000Z;ENTRADA;Venda;Venda #685942;16;Pix
2024-11-18T18:50:00.000Z;ENTRADA;Venda;Venda #685942;240;Pix
2024-11-18T18:50:00.000Z;ENTRADA;Venda;Venda #685942;16;Pix
2024-11-18T18:46:00.000Z;ENTRADA;Venda;Venda #685942;45;Pix
2024-11-18T17:30:00.000Z;ENTRADA;Venda;Venda #685942;170;Pix
2024-11-18T17:10:00.000Z;ENTRADA;Venda;Venda #685942;16;Pix
2024-11-18T03:00:00.000Z;SAÍDA;DESPESAS OPERACIONAIS;Compra de Insumos Reposição;-2361.4335168187995;Dinheiro/Banco
2024-11-15T20:18:00.000Z;ENTRADA;Venda;Venda #685942;24;Pix
2024-11-15T18:52:00.000Z;ENTRADA;Venda;Venda #685942;90;Pix
2024-11-15T18:25:00.000Z;ENTRADA;Venda;Venda #685942;240;Pix
2024-11-15T17:55:00.000Z;ENTRADA;Venda;Venda #685942;135;Pix
2024-11-15T16:17:00.000Z;ENTRADA;Venda;Venda #685942;45;Pix
2024-11-15T15:52:00.000Z;ENTRADA;Venda;Venda #685942;240;Pix
2024-11-15T15:34:00.000Z;ENTRADA;Venda;Venda #685942;170;Pix
2024-11-15T15:24:00.000Z;ENTRADA;Venda;Venda #685942;16;Pix
2024-11-15T15:19:00.000Z;ENTRADA;Venda;Venda #685942;255;Pix
2024-11-15T03:00:00.000Z;SAÍDA;DESPESAS OPERACIONAIS;Compra de Insumos Reposição;-2454.0997055011017;Dinheiro/Banco
2024-11-14T22:40:00.000Z;ENTRADA;Venda;Venda #685942;45;Pix
2024-11-14T20:35:00.000Z;ENTRADA;Venda;Venda #685942;255;Pix
2024-11-14T20:07:00.000Z;ENTRADA;Venda;Venda #685942;170;Pix
2024-11-14T19:34:00.000Z;ENTRADA;Venda;Venda #685942;90;Pix
2024-11-14T18:58:00.000Z;ENTRADA;Venda;Venda #685942;24;Pix
2024-11-14T18:53:00.000Z;ENTRADA;Venda;Venda #685942;170;Pix
2024-11-14T18:14:00.000Z;ENTRADA;Venda;Venda #685942;360;Pix
2024-11-13T21:57:00.000Z;ENTRADA;Venda;Venda #685942;170;Pix
2024-11-13T21:33:00.000Z;ENTRADA;Venda;Venda #685942;45;Pix
2024-11-13T21:08:00.000Z;ENTRADA;Venda;Venda #685942;24;Pix
2024-11-13T20:55:00.000Z;ENTRADA;Venda;Venda #685942;360;Pix
2024-11-13T18:31:00.000Z;ENTRADA;Venda;Venda #685942;85;Pix
2024-11-13T18:03:00.000Z;ENTRADA;Venda;Venda #685942;240;Pix
2024-11-13T17:01:00.000Z;ENTRADA;Venda;Venda #685942;170;Pix
2024-11-12T22:40:00.000Z;ENTRADA;Venda;Venda #685942;85;Pix
2024-11-12T22:02:00.000Z;ENTRADA;Venda;Venda #685942;24;Pix
2024-11-12T21:45:00.000Z;ENTRADA;Venda;Venda #685942;360;Pix
2024-11-12T21:20:00.000Z;ENTRADA;Venda;Venda #685942;85;Pix
2024-11-12T19:34:00.000Z;ENTRADA;Venda;Venda #685942;240;Pix
2024-11-12T19:21:00.000Z;ENTRADA;Venda;Venda #685942;45;Pix
2024-11-12T17:19:00.000Z;ENTRADA;Venda;Venda #685942;240;Pix
2024-11-12T16:08:00.000Z;ENTRADA;Venda;Venda #685942;135;Pix
2024-11-12T03:00:00.000Z;SAÍDA;DESPESAS OPERACIONAIS;Compra de Insumos Reposição;-2068.8274970767716;Dinheiro/Banco
2024-11-11T22:50:00.000Z;ENTRADA;Venda;Venda #685942;240;Pix
2024-11-11T22:08:00.000Z;ENTRADA;Venda;Venda #685942;240;Pix
2024-11-11T22:01:00.000Z;ENTRADA;Venda;Venda #685942;45;Pix
2024-11-11T20:55:00.000Z;ENTRADA;Venda;Venda #685942;120;Pix
2024-11-11T20:17:00.000Z;ENTRADA;Venda;Venda #685942;90;Pix
2024-11-11T18:24:00.000Z;ENTRADA;Venda;Venda #685942;45;Pix
2024-11-11T17:58:00.000Z;ENTRADA;Venda;Venda #685942;8;Pix
2024-11-11T17:32:00.000Z;ENTRADA;Venda;Venda #685942;255;Pix
2024-11-11T17:06:00.000Z;ENTRADA;Venda;Venda #685942;120;Pix
2024-11-09T03:00:00.000Z;SAÍDA;DESPESAS OPERACIONAIS;Compra de Insumos Reposição;-1724.5927477954801;Dinheiro/Banco
2024-11-08T22:34:00.000Z;ENTRADA;Venda;Venda #685942;135;Pix
2024-11-08T21:52:00.000Z;ENTRADA;Venda;Venda #685942;120;Pix
2024-11-08T21:33:00.000Z;ENTRADA;Venda;Venda #685942;120;Pix
2024-11-08T21:00:00.000Z;ENTRADA;Venda;Venda #685942;240;Pix
2024-11-08T20:17:00.000Z;ENTRADA;Venda;Venda #685942;85;Pix
2024-11-08T19:16:00.000Z;ENTRADA;Venda;Venda #685942;45;Pix
2024-11-08T18:48:00.000Z;ENTRADA;Venda;Venda #685942;45;Pix
2024-11-08T18:15:00.000Z;ENTRADA;Venda;Venda #685942;45;Pix
2024-11-08T17:54:00.000Z;ENTRADA;Venda;Venda #685942;24;Pix
2024-11-08T17:04:00.000Z;ENTRADA;Venda;Venda #685942;45;Pix
2024-11-08T15:35:00.000Z;ENTRADA;Venda;Venda #685942;255;Pix
2024-11-07T22:50:00.000Z;ENTRADA;Venda;Venda #685942;16;Pix
2024-11-07T22:42:00.000Z;ENTRADA;Venda;Venda #685942;24;Pix
2024-11-07T22:34:00.000Z;ENTRADA;Venda;Venda #685942;16;Pix
2024-11-07T22:05:00.000Z;ENTRADA;Venda;Venda #685942;8;Pix
2024-11-07T22:00:00.000Z;ENTRADA;Venda;Venda #685942;45;Pix
2024-11-07T20:30:00.000Z;ENTRADA;Venda;Venda #685942;360;Pix
2024-11-07T20:08:00.000Z;ENTRADA;Venda;Venda #685942;8;Pix
2024-11-07T20:00:00.000Z;ENTRADA;Venda;Venda #685942;85;Pix
2024-11-07T19:26:00.000Z;ENTRADA;Venda;Venda #685942;135;Pix
2024-11-07T18:31:00.000Z;ENTRADA;Venda;Venda #685942;120;Pix
2024-11-07T17:28:00.000Z;ENTRADA;Venda;Venda #685942;16;Pix
2024-11-07T16:58:00.000Z;ENTRADA;Venda;Venda #685942;240;Pix
2024-11-07T16:37:00.000Z;ENTRADA;Venda;Venda #685942;8;Pix
2024-11-07T15:24:00.000Z;ENTRADA;Venda;Venda #685942;16;Pix
2024-11-06T22:45:00.000Z;ENTRADA;Venda;Venda #685942;85;Pix
2024-11-06T22:19:00.000Z;ENTRADA;Venda;Venda #685942;90;Pix
2024-11-06T18:48:00.000Z;ENTRADA;Venda;Venda #685942;8;Pix
2024-11-06T18:32:00.000Z;ENTRADA;Venda;Venda #685942;45;Pix
2024-11-06T18:27:00.000Z;ENTRADA;Venda;Venda #685942;360;Pix
2024-11-06T18:17:00.000Z;ENTRADA;Venda;Venda #685942;24;Pix
2024-11-06T16:04:00.000Z;ENTRADA;Venda;Venda #685942;240;Pix
2024-11-06T15:37:00.000Z;ENTRADA;Venda;Venda #685942;8;Pix
2024-11-06T15:09:00.000Z;ENTRADA;Venda;Venda #685942;360;Pix
2024-11-06T03:00:00.000Z;SAÍDA;DESPESAS OPERACIONAIS;Compra de Insumos Reposição;-1798.3029732590603;Dinheiro/Banco
2024-11-05T22:48:00.000Z;ENTRADA;Venda;Venda #685942;120;Pix
2024-11-05T22:34:00.000Z;ENTRADA;Venda;Venda #685942;120;Pix
2024-11-05T22:15:00.000Z;ENTRADA;Venda;Venda #685942;240;Pix
2024-11-05T20:37:00.000Z;ENTRADA;Venda;Venda #685942;45;Pix
2024-11-05T18:22:00.000Z;ENTRADA;Venda;Venda #685942;8;Pix
2024-11-05T17:07:00.000Z;ENTRADA;Venda;Venda #685942;90;Pix
2024-11-05T17:04:00.000Z;ENTRADA;Venda;Venda #685942;240;Pix
2024-11-05T16:31:00.000Z;ENTRADA;Venda;Venda #685942;120;Pix
2024-11-05T15:09:00.000Z;ENTRADA;Venda;Venda #685942;170;Pix
2024-11-04T22:31:00.000Z;ENTRADA;Venda;Venda #685942;255;Pix
2024-11-04T21:57:00.000Z;ENTRADA;Venda;Venda #685942;90;Pix
2024-11-04T21:36:00.000Z;ENTRADA;Venda;Venda #685942;24;Pix
2024-11-04T19:22:00.000Z;ENTRADA;Venda;Venda #685942;16;Pix
2024-11-04T19:10:00.000Z;ENTRADA;Venda;Venda #685942;120;Pix
2024-11-04T17:51:00.000Z;ENTRADA;Venda;Venda #685942;16;Pix
2024-11-04T16:58:00.000Z;ENTRADA;Venda;Venda #685942;360;Pix
2024-11-04T16:46:00.000Z;ENTRADA;Venda;Venda #685942;8;Pix
2024-11-04T16:41:00.000Z;ENTRADA;Venda;Venda #685942;24;Pix
2024-11-04T15:30:00.000Z;ENTRADA;Venda;Venda #685942;135;Pix
2024-11-04T15:21:00.000Z;ENTRADA;Venda;Venda #685942;170;Pix
2024-11-03T03:00:00.000Z;SAÍDA;DESPESAS OPERACIONAIS;Compra de Insumos Reposição;-2083.1455208645625;Dinheiro/Banco
2024-11-01T22:44:00.000Z;ENTRADA;Venda;Venda #685942;24;Pix
2024-11-01T21:32:00.000Z;ENTRADA;Venda;Venda #685942;240;Pix
2024-11-01T17:43:00.000Z;ENTRADA;Venda;Venda #685942;24;Pix
2024-11-01T17:40:00.000Z;ENTRADA;Venda;Venda #685942;240;Pix
2024-11-01T16:47:00.000Z;ENTRADA;Venda;Venda #685942;360;Pix
2024-11-01T16:41:00.000Z;ENTRADA;Venda;Venda #685942;90;Pix
2024-11-01T16:37:00.000Z;ENTRADA;Venda;Venda #685942;240;Pix
2024-11-01T16:05:00.000Z;ENTRADA;Venda;Venda #685942;16;Pix
2024-10-31T22:35:00.000Z;ENTRADA;Venda;Venda #685942;16;Pix
2024-10-31T21:43:00.000Z;ENTRADA;Venda;Venda #685942;120;Pix
2024-10-31T21:24:00.000Z;ENTRADA;Venda;Venda #685942;8;Pix
2024-10-31T20:54:00.000Z;ENTRADA;Venda;Venda #685942;170;Pix
2024-10-31T20:49:00.000Z;ENTRADA;Venda;Venda #685942;85;Pix
2024-10-31T20:13:00.000Z;ENTRADA;Venda;Venda #685942;85;Pix
2024-10-31T19:41:00.000Z;ENTRADA;Venda;Venda #685942;45;Pix
2024-10-31T15:34:00.000Z;ENTRADA;Venda;Venda #685942;90;Pix
2024-10-31T15:12:00.000Z;ENTRADA;Venda;Venda #685942;120;Pix
2024-10-31T15:04:00.000Z;ENTRADA;Venda;Venda #685942;255;Pix
2024-10-31T15:02:00.000Z;ENTRADA;Venda;Venda #685942;240;Pix
2024-10-30T22:41:00.000Z;ENTRADA;Venda;Venda #685942;240;Pix
2024-10-30T21:37:00.000Z;ENTRADA;Venda;Venda #685942;135;Pix
2024-10-30T19:16:00.000Z;ENTRADA;Venda;Venda #685942;8;Pix
2024-10-30T18:26:00.000Z;ENTRADA;Venda;Venda #685942;45;Pix
2024-10-30T17:29:00.000Z;ENTRADA;Venda;Venda #685942;135;Pix
2024-10-30T17:06:00.000Z;ENTRADA;Venda;Venda #685942;255;Pix
2024-10-30T16:02:00.000Z;ENTRADA;Venda;Venda #685942;255;Pix
2024-10-30T03:00:00.000Z;SAÍDA;DESPESAS OPERACIONAIS;Compra de Insumos Reposição;-2477.0509043971247;Dinheiro/Banco
2024-10-29T22:03:00.000Z;ENTRADA;Venda;Venda #685941;255;Pix
2024-10-29T20:52:00.000Z;ENTRADA;Venda;Venda #685941;170;Pix
2024-10-29T20:27:00.000Z;ENTRADA;Venda;Venda #685941;240;Pix
2024-10-29T19:40:00.000Z;ENTRADA;Venda;Venda #685941;120;Pix
2024-10-29T17:48:00.000Z;ENTRADA;Venda;Venda #685941;85;Pix
2024-10-29T15:55:00.000Z;ENTRADA;Venda;Venda #685941;8;Pix
2024-10-29T15:53:00.000Z;ENTRADA;Venda;Venda #685941;255;Pix
2024-10-29T15:29:00.000Z;ENTRADA;Venda;Venda #685941;24;Pix
2024-10-28T22:11:00.000Z;ENTRADA;Venda;Venda #685941;170;Pix
2024-10-28T21:48:00.000Z;ENTRADA;Venda;Venda #685941;240;Pix
2024-10-28T20:06:00.000Z;ENTRADA;Venda;Venda #685941;8;Pix
2024-10-28T19:43:00.000Z;ENTRADA;Venda;Venda #685941;170;Pix
2024-10-28T19:40:00.000Z;ENTRADA;Venda;Venda #685941;170;Pix
2024-10-28T19:12:00.000Z;ENTRADA;Venda;Venda #685941;8;Pix
2024-10-28T19:00:00.000Z;ENTRADA;Venda;Venda #685941;240;Pix
2024-10-28T17:09:00.000Z;ENTRADA;Venda;Venda #685941;45;Pix
2024-10-28T16:00:00.000Z;ENTRADA;Venda;Venda #685941;255;Pix
2024-10-28T15:46:00.000Z;ENTRADA;Venda;Venda #685941;8;Pix
2024-10-27T03:00:00.000Z;SAÍDA;DESPESAS OPERACIONAIS;Compra de Insumos Reposição;-1571.7913202256113;Dinheiro/Banco
2024-10-25T22:46:00.000Z;ENTRADA;Venda;Venda #685941;24;Pix
2024-10-25T21:47:00.000Z;ENTRADA;Venda;Venda #685941;135;Pix
2024-10-25T19:10:00.000Z;ENTRADA;Venda;Venda #685941;240;Pix
2024-10-25T18:33:00.000Z;ENTRADA;Venda;Venda #685941;90;Pix
2024-10-25T16:49:00.000Z;ENTRADA;Venda;Venda #685941;135;Pix
2024-10-25T15:39:00.000Z;ENTRADA;Venda;Venda #685941;360;Pix
2024-10-25T15:37:00.000Z;ENTRADA;Venda;Venda #685941;85;Pix
2024-10-25T15:18:00.000Z;ENTRADA;Venda;Venda #685941;170;Pix
2024-10-24T22:51:00.000Z;ENTRADA;Venda;Venda #685941;85;Pix
2024-10-24T21:16:00.000Z;ENTRADA;Venda;Venda #685941;16;Pix
2024-10-24T21:09:00.000Z;ENTRADA;Venda;Venda #685941;16;Pix
2024-10-24T20:58:00.000Z;ENTRADA;Venda;Venda #685941;135;Pix
2024-10-24T20:53:00.000Z;ENTRADA;Venda;Venda #685941;170;Pix
2024-10-24T19:20:00.000Z;ENTRADA;Venda;Venda #685941;240;Pix
2024-10-24T18:00:00.000Z;ENTRADA;Venda;Venda #685941;170;Pix
2024-10-24T17:33:00.000Z;ENTRADA;Venda;Venda #685941;90;Pix
2024-10-24T17:14:00.000Z;ENTRADA;Venda;Venda #685941;8;Pix
2024-10-24T16:54:00.000Z;ENTRADA;Venda;Venda #685941;45;Pix
2024-10-24T16:13:00.000Z;ENTRADA;Venda;Venda #685941;24;Pix
2024-10-24T16:03:00.000Z;ENTRADA;Venda;Venda #685941;85;Pix
2024-10-24T03:00:00.000Z;SAÍDA;DESPESAS OPERACIONAIS;Compra de Insumos Reposição;-2190.6480852148497;Dinheiro/Banco
2024-10-23T22:44:00.000Z;ENTRADA;Venda;Venda #685941;360;Pix
2024-10-23T20:41:00.000Z;ENTRADA;Venda;Venda #685941;255;Pix
2024-10-23T19:40:00.000Z;ENTRADA;Venda;Venda #685941;240;Pix
2024-10-23T19:28:00.000Z;ENTRADA;Venda;Venda #685941;16;Pix
2024-10-23T19:26:00.000Z;ENTRADA;Venda;Venda #685941;16;Pix
2024-10-23T19:18:00.000Z;ENTRADA;Venda;Venda #685941;360;Pix
2024-10-23T16:17:00.000Z;ENTRADA;Venda;Venda #685941;16;Pix
2024-10-23T15:17:00.000Z;ENTRADA;Venda;Venda #685941;16;Pix
2024-10-22T21:56:00.000Z;ENTRADA;Venda;Venda #685941;85;Pix
2024-10-22T21:54:00.000Z;ENTRADA;Venda;Venda #685941;120;Pix
2024-10-22T21:43:00.000Z;ENTRADA;Venda;Venda #685941;360;Pix
2024-10-22T20:09:00.000Z;ENTRADA;Venda;Venda #685941;120;Pix
2024-10-22T18:20:00.000Z;ENTRADA;Venda;Venda #685941;24;Pix
2024-10-22T18:08:00.000Z;ENTRADA;Venda;Venda #685941;255;Pix
2024-10-22T16:56:00.000Z;ENTRADA;Venda;Venda #685941;45;Pix
2024-10-22T16:30:00.000Z;ENTRADA;Venda;Venda #685941;8;Pix
2024-10-22T16:01:00.000Z;ENTRADA;Venda;Venda #685941;90;Pix
2024-10-21T22:42:00.000Z;ENTRADA;Venda;Venda #685941;45;Pix
2024-10-21T21:39:00.000Z;ENTRADA;Venda;Venda #685941;120;Pix
2024-10-21T18:57:00.000Z;ENTRADA;Venda;Venda #685941;135;Pix
2024-10-21T18:19:00.000Z;ENTRADA;Venda;Venda #685941;360;Pix
2024-10-21T15:46:00.000Z;ENTRADA;Venda;Venda #685941;255;Pix
2024-10-21T15:28:00.000Z;ENTRADA;Venda;Venda #685941;240;Pix
2024-10-21T15:21:00.000Z;ENTRADA;Venda;Venda #685941;135;Pix
2024-10-21T03:00:00.000Z;SAÍDA;DESPESAS OPERACIONAIS;Compra de Insumos Reposição;-2361.9941477884845;Dinheiro/Banco
2024-10-18T22:39:00.000Z;ENTRADA;Venda;Venda #685941;90;Pix
2024-10-18T22:12:00.000Z;ENTRADA;Venda;Venda #685941;170;Pix
2024-10-18T21:49:00.000Z;ENTRADA;Venda;Venda #685941;360;Pix
2024-10-18T21:21:00.000Z;ENTRADA;Venda;Venda #685941;240;Pix
2024-10-18T20:53:00.000Z;ENTRADA;Venda;Venda #685941;16;Pix
2024-10-18T19:02:00.000Z;ENTRADA;Venda;Venda #685941;45;Pix
2024-10-18T18:49:00.000Z;ENTRADA;Venda;Venda #685941;120;Pix
2024-10-18T16:58:00.000Z;ENTRADA;Venda;Venda #685941;24;Pix
2024-10-18T16:30:00.000Z;ENTRADA;Venda;Venda #685941;8;Pix
2024-10-18T15:23:00.000Z;ENTRADA;Venda;Venda #685941;24;Pix
2024-10-18T03:00:00.000Z;SAÍDA;DESPESAS OPERACIONAIS;Compra de Insumos Reposição;-1614.8643821748399;Dinheiro/Banco
2024-10-17T21:22:00.000Z;ENTRADA;Venda;Venda #685941;255;Pix
2024-10-17T21:07:00.000Z;ENTRADA;Venda;Venda #685941;135;Pix
2024-10-17T20:53:00.000Z;ENTRADA;Venda;Venda #685941;8;Pix
2024-10-17T20:20:00.000Z;ENTRADA;Venda;Venda #685941;135;Pix
2024-10-17T18:02:00.000Z;ENTRADA;Venda;Venda #685941;255;Pix
2024-10-17T17:32:00.000Z;ENTRADA;Venda;Venda #685941;16;Pix
2024-10-17T17:00:00.000Z;ENTRADA;Venda;Venda #685941;90;Pix
2024-10-17T16:20:00.000Z;ENTRADA;Venda;Venda #685941;24;Pix
2024-10-17T16:20:00.000Z;ENTRADA;Venda;Venda #685941;360;Pix
2024-10-16T21:19:00.000Z;ENTRADA;Venda;Venda #685941;24;Pix
2024-10-16T21:02:00.000Z;ENTRADA;Venda;Venda #685941;170;Pix
2024-10-16T20:05:00.000Z;ENTRADA;Venda;Venda #685941;120;Pix
2024-10-16T19:21:00.000Z;ENTRADA;Venda;Venda #685941;135;Pix
2024-10-16T17:17:00.000Z;ENTRADA;Venda;Venda #685941;8;Pix
2024-10-16T16:58:00.000Z;ENTRADA;Venda;Venda #685941;120;Pix
2024-10-16T16:33:00.000Z;ENTRADA;Venda;Venda #685941;240;Pix
2024-10-16T16:13:00.000Z;ENTRADA;Venda;Venda #685941;255;Pix
2024-10-15T22:28:00.000Z;ENTRADA;Venda;Venda #685941;24;Pix
2024-10-15T20:27:00.000Z;ENTRADA;Venda;Venda #685941;240;Pix
2024-10-15T19:44:00.000Z;ENTRADA;Venda;Venda #685941;85;Pix
2024-10-15T19:16:00.000Z;ENTRADA;Venda;Venda #685941;360;Pix
2024-10-15T19:00:00.000Z;ENTRADA;Venda;Venda #685941;16;Pix
2024-10-15T18:45:00.000Z;ENTRADA;Venda;Venda #685941;120;Pix
2024-10-15T17:37:00.000Z;ENTRADA;Venda;Venda #685941;16;Pix
2024-10-15T16:14:00.000Z;ENTRADA;Venda;Venda #685941;90;Pix
2024-10-15T15:27:00.000Z;ENTRADA;Venda;Venda #685941;255;Pix
2024-10-15T03:00:00.000Z;SAÍDA;DESPESAS OPERACIONAIS;Compra de Insumos Reposição;-1709.7154246287937;Dinheiro/Banco
2024-10-14T22:01:00.000Z;ENTRADA;Venda;Venda #685941;255;Pix
2024-10-14T21:28:00.000Z;ENTRADA;Venda;Venda #685941;255;Pix
2024-10-14T20:49:00.000Z;ENTRADA;Venda;Venda #685941;255;Pix
2024-10-14T20:03:00.000Z;ENTRADA;Venda;Venda #685941;240;Pix
2024-10-14T18:26:00.000Z;ENTRADA;Venda;Venda #685941;16;Pix
2024-10-14T16:36:00.000Z;ENTRADA;Venda;Venda #685941;135;Pix
2024-10-14T16:32:00.000Z;ENTRADA;Venda;Venda #685941;24;Pix
2024-10-14T15:48:00.000Z;ENTRADA;Venda;Venda #685941;16;Pix
2024-10-12T03:00:00.000Z;SAÍDA;DESPESAS OPERACIONAIS;Compra de Insumos Reposição;-1870.4067285997069;Dinheiro/Banco
2024-10-11T22:55:00.000Z;ENTRADA;Venda;Venda #685941;255;Pix
2024-10-11T22:52:00.000Z;ENTRADA;Venda;Venda #685941;120;Pix
2024-10-11T22:33:00.000Z;ENTRADA;Venda;Venda #685941;255;Pix
2024-10-11T21:41:00.000Z;ENTRADA;Venda;Venda #685941;85;Pix
2024-10-11T21:22:00.000Z;ENTRADA;Venda;Venda #685941;85;Pix
2024-10-11T18:38:00.000Z;ENTRADA;Venda;Venda #685941;120;Pix
2024-10-11T16:25:00.000Z;ENTRADA;Venda;Venda #685941;135;Pix
2024-10-11T16:00:00.000Z;ENTRADA;Venda;Venda #685941;16;Pix
2024-10-10T21:05:00.000Z;ENTRADA;Venda;Venda #685941;120;Pix
2024-10-10T20:33:00.000Z;ENTRADA;Venda;Venda #685941;360;Pix
2024-10-10T20:24:00.000Z;ENTRADA;Venda;Venda #685941;90;Pix
2024-10-10T19:31:00.000Z;ENTRADA;Venda;Venda #685941;90;Pix
2024-10-10T19:08:00.000Z;ENTRADA;Venda;Venda #685941;45;Pix
2024-10-10T18:09:00.000Z;ENTRADA;Venda;Venda #685941;360;Pix
2024-10-10T15:30:00.000Z;ENTRADA;Venda;Venda #685941;16;Pix
2024-10-09T22:06:00.000Z;ENTRADA;Venda;Venda #685941;135;Pix
2024-10-09T22:03:00.000Z;ENTRADA;Venda;Venda #685941;135;Pix
2024-10-09T21:44:00.000Z;ENTRADA;Venda;Venda #685941;240;Pix
2024-10-09T21:34:00.000Z;ENTRADA;Venda;Venda #685941;45;Pix
2024-10-09T21:19:00.000Z;ENTRADA;Venda;Venda #685941;8;Pix
2024-10-09T20:39:00.000Z;ENTRADA;Venda;Venda #685941;135;Pix
2024-10-09T19:45:00.000Z;ENTRADA;Venda;Venda #685941;90;Pix
2024-10-09T18:18:00.000Z;ENTRADA;Venda;Venda #685941;90;Pix
2024-10-09T18:06:00.000Z;ENTRADA;Venda;Venda #685941;16;Pix
2024-10-09T16:47:00.000Z;ENTRADA;Venda;Venda #685941;135;Pix
2024-10-09T16:00:00.000Z;ENTRADA;Venda;Venda #685941;45;Pix
2024-10-09T15:52:00.000Z;ENTRADA;Venda;Venda #685941;24;Pix
2024-10-09T15:25:00.000Z;ENTRADA;Venda;Venda #685941;45;Pix
2024-10-09T03:00:00.000Z;SAÍDA;DESPESAS OPERACIONAIS;Compra de Insumos Reposição;-2180.7130299752957;Dinheiro/Banco
2024-10-08T22:18:00.000Z;ENTRADA;Venda;Venda #685941;135;Pix
2024-10-08T22:04:00.000Z;ENTRADA;Venda;Venda #685941;360;Pix
2024-10-08T20:33:00.000Z;ENTRADA;Venda;Venda #685941;135;Pix
2024-10-08T20:11:00.000Z;ENTRADA;Venda;Venda #685941;360;Pix
2024-10-08T18:14:00.000Z;ENTRADA;Venda;Venda #685941;8;Pix
2024-10-08T15:47:00.000Z;ENTRADA;Venda;Venda #685941;120;Pix
2024-10-07T22:54:00.000Z;ENTRADA;Venda;Venda #685941;360;Pix
2024-10-07T21:19:00.000Z;ENTRADA;Venda;Venda #685941;45;Pix
2024-10-07T19:20:00.000Z;ENTRADA;Venda;Venda #685941;120;Pix
2024-10-07T18:20:00.000Z;ENTRADA;Venda;Venda #685941;135;Pix
2024-10-07T17:29:00.000Z;ENTRADA;Venda;Venda #685941;45;Pix
2024-10-07T17:24:00.000Z;ENTRADA;Venda;Venda #685941;360;Pix
2024-10-07T17:12:00.000Z;ENTRADA;Venda;Venda #685941;24;Pix
2024-10-07T16:24:00.000Z;ENTRADA;Venda;Venda #685941;135;Pix
2024-10-07T15:44:00.000Z;ENTRADA;Venda;Venda #685941;45;Pix
2024-10-07T15:19:00.000Z;ENTRADA;Venda;Venda #685941;120;Pix
2024-10-07T15:03:00.000Z;ENTRADA;Venda;Venda #685941;8;Pix
2024-10-06T03:00:00.000Z;SAÍDA;DESPESAS OPERACIONAIS;Compra de Insumos Reposição;-2211.5333885589707;Dinheiro/Banco
2024-10-04T22:17:00.000Z;ENTRADA;Venda;Venda #685941;255;Pix
2024-10-04T22:09:00.000Z;ENTRADA;Venda;Venda #685941;135;Pix
2024-10-04T22:00:00.000Z;ENTRADA;Venda;Venda #685941;90;Pix
2024-10-04T20:40:00.000Z;ENTRADA;Venda;Venda #685941;90;Pix
2024-10-04T18:58:00.000Z;ENTRADA;Venda;Venda #685941;90;Pix
2024-10-04T17:02:00.000Z;ENTRADA;Venda;Venda #685941;45;Pix
2024-10-04T16:51:00.000Z;ENTRADA;Venda;Venda #685941;170;Pix
2024-10-04T15:33:00.000Z;ENTRADA;Venda;Venda #685941;240;Pix
2024-10-03T22:45:00.000Z;ENTRADA;Venda;Venda #685941;16;Pix
2024-10-03T21:50:00.000Z;ENTRADA;Venda;Venda #685941;45;Pix
2024-10-03T20:55:00.000Z;ENTRADA;Venda;Venda #685941;45;Pix
2024-10-03T20:49:00.000Z;ENTRADA;Venda;Venda #685941;8;Pix
2024-10-03T20:39:00.000Z;ENTRADA;Venda;Venda #685941;8;Pix
2024-10-03T19:43:00.000Z;ENTRADA;Venda;Venda #685941;170;Pix
2024-10-03T18:52:00.000Z;ENTRADA;Venda;Venda #685941;135;Pix
2024-10-03T18:49:00.000Z;ENTRADA;Venda;Venda #685941;45;Pix
2024-10-03T18:37:00.000Z;ENTRADA;Venda;Venda #685941;8;Pix
2024-10-03T17:00:00.000Z;ENTRADA;Venda;Venda #685941;16;Pix
2024-10-03T16:42:00.000Z;ENTRADA;Venda;Venda #685941;8;Pix
2024-10-03T16:41:00.000Z;ENTRADA;Venda;Venda #685941;120;Pix
2024-10-03T15:25:00.000Z;ENTRADA;Venda;Venda #685941;85;Pix
2024-10-03T15:05:00.000Z;ENTRADA;Venda;Venda #685941;360;Pix
2024-10-03T03:00:00.000Z;SAÍDA;DESPESAS OPERACIONAIS;Compra de Insumos Reposição;-1823.3991764620584;Dinheiro/Banco
2024-10-02T22:37:00.000Z;ENTRADA;Venda;Venda #685941;45;Pix
2024-10-02T21:43:00.000Z;ENTRADA;Venda;Venda #685941;16;Pix
2024-10-02T20:36:00.000Z;ENTRADA;Venda;Venda #685941;120;Pix
2024-10-02T19:47:00.000Z;ENTRADA;Venda;Venda #685941;85;Pix
2024-10-02T19:44:00.000Z;ENTRADA;Venda;Venda #685941;90;Pix
2024-10-02T19:08:00.000Z;ENTRADA;Venda;Venda #685941;24;Pix
2024-10-02T18:23:00.000Z;ENTRADA;Venda;Venda #685941;16;Pix
2024-10-02T18:12:00.000Z;ENTRADA;Venda;Venda #685941;85;Pix
2024-10-02T17:14:00.000Z;ENTRADA;Venda;Venda #685941;85;Pix
2024-10-02T17:13:00.000Z;ENTRADA;Venda;Venda #685941;8;Pix
2024-10-02T15:29:00.000Z;ENTRADA;Venda;Venda #685941;170;Pix
2024-10-02T15:24:00.000Z;ENTRADA;Venda;Venda #685941;360;Pix
2024-10-01T22:23:00.000Z;ENTRADA;Venda;Venda #685941;240;Pix
2024-10-01T21:27:00.000Z;ENTRADA;Venda;Venda #685941;85;Pix
2024-10-01T21:27:00.000Z;ENTRADA;Venda;Venda #685941;24;Pix
2024-10-01T20:39:00.000Z;ENTRADA;Venda;Venda #685941;135;Pix
2024-10-01T19:48:00.000Z;ENTRADA;Venda;Venda #685941;135;Pix
2024-10-01T19:43:00.000Z;ENTRADA;Venda;Venda #685941;360;Pix
2024-10-01T19:37:00.000Z;ENTRADA;Venda;Venda #685941;24;Pix
2024-10-01T18:58:00.000Z;ENTRADA;Venda;Venda #685941;90;Pix
2024-10-01T16:48:00.000Z;ENTRADA;Venda;Venda #685941;16;Pix
2024-10-01T16:36:00.000Z;ENTRADA;Venda;Venda #685941;8;Pix
2024-10-01T15:30:00.000Z;ENTRADA;Venda;Venda #685941;24;Pix
2024-09-30T22:18:00.000Z;ENTRADA;Venda;Venda #685941;170;Pix
2024-09-30T21:53:00.000Z;ENTRADA;Venda;Venda #685941;240;Pix
2024-09-30T21:31:00.000Z;ENTRADA;Venda;Venda #685941;135;Pix
2024-09-30T20:53:00.000Z;ENTRADA;Venda;Venda #685941;45;Pix
2024-09-30T19:31:00.000Z;ENTRADA;Venda;Venda #685941;240;Pix
2024-09-30T15:54:00.000Z;ENTRADA;Venda;Venda #685941;90;Pix
2024-09-30T15:54:00.000Z;ENTRADA;Venda;Venda #685941;120;Pix
2024-09-30T15:42:00.000Z;ENTRADA;Venda;Venda #685941;240;Pix
2024-09-30T15:16:00.000Z;ENTRADA;Venda;Venda #685941;8;Pix
2024-09-30T03:00:00.000Z;SAÍDA;DESPESAS OPERACIONAIS;Compra de Insumos Reposição;-2038.3737800058166;Dinheiro/Banco
2024-09-27T22:28:00.000Z;ENTRADA;Venda;Venda #685941;135;Pix
2024-09-27T18:41:00.000Z;ENTRADA;Venda;Venda #685941;120;Pix
2024-09-27T18:29:00.000Z;ENTRADA;Venda;Venda #685941;360;Pix
2024-09-27T18:19:00.000Z;ENTRADA;Venda;Venda #685941;24;Pix
2024-09-27T18:02:00.000Z;ENTRADA;Venda;Venda #685941;24;Pix
2024-09-27T17:13:00.000Z;ENTRADA;Venda;Venda #685941;120;Pix
2024-09-27T16:57:00.000Z;ENTRADA;Venda;Venda #685941;120;Pix
2024-09-27T16:14:00.000Z;ENTRADA;Venda;Venda #685941;85;Pix
2024-09-27T15:01:00.000Z;ENTRADA;Venda;Venda #685941;120;Pix
2024-09-27T03:00:00.000Z;SAÍDA;DESPESAS OPERACIONAIS;Compra de Insumos Reposição;-1907.8903622240286;Dinheiro/Banco
2024-09-26T21:45:00.000Z;ENTRADA;Venda;Venda #685941;45;Pix
2024-09-26T21:39:00.000Z;ENTRADA;Venda;Venda #685941;120;Pix
2024-09-26T20:48:00.000Z;ENTRADA;Venda;Venda #685941;360;Pix
2024-09-26T20:15:00.000Z;ENTRADA;Venda;Venda #685941;120;Pix
2024-09-26T19:11:00.000Z;ENTRADA;Venda;Venda #685941;135;Pix
2024-09-26T17:32:00.000Z;ENTRADA;Venda;Venda #685941;16;Pix
2024-09-26T17:27:00.000Z;ENTRADA;Venda;Venda #685941;90;Pix
2024-09-26T16:40:00.000Z;ENTRADA;Venda;Venda #685941;16;Pix
2024-09-26T16:20:00.000Z;ENTRADA;Venda;Venda #685941;90;Pix
2024-09-26T15:26:00.000Z;ENTRADA;Venda;Venda #685941;24;Pix
2024-09-26T15:02:00.000Z;ENTRADA;Venda;Venda #685941;85;Pix
2024-09-25T21:45:00.000Z;ENTRADA;Venda;Venda #685941;240;Pix
2024-09-25T21:06:00.000Z;ENTRADA;Venda;Venda #685941;45;Pix
2024-09-25T20:45:00.000Z;ENTRADA;Venda;Venda #685941;16;Pix
2024-09-25T20:32:00.000Z;ENTRADA;Venda;Venda #685941;90;Pix
2024-09-25T20:08:00.000Z;ENTRADA;Venda;Venda #685941;170;Pix
2024-09-25T18:54:00.000Z;ENTRADA;Venda;Venda #685941;24;Pix
2024-09-25T17:58:00.000Z;ENTRADA;Venda;Venda #685941;170;Pix
2024-09-25T17:39:00.000Z;ENTRADA;Venda;Venda #685941;170;Pix
2024-09-25T17:02:00.000Z;ENTRADA;Venda;Venda #685941;120;Pix
2024-09-25T16:18:00.000Z;ENTRADA;Venda;Venda #685941;170;Pix
2024-09-24T22:05:00.000Z;ENTRADA;Venda;Venda #685941;170;Pix
2024-09-24T21:58:00.000Z;ENTRADA;Venda;Venda #685941;8;Pix
2024-09-24T20:42:00.000Z;ENTRADA;Venda;Venda #685941;255;Pix
2024-09-24T18:40:00.000Z;ENTRADA;Venda;Venda #685941;90;Pix
2024-09-24T15:32:00.000Z;ENTRADA;Venda;Venda #685941;24;Pix
2024-09-24T15:25:00.000Z;ENTRADA;Venda;Venda #685941;240;Pix
2024-09-24T15:18:00.000Z;ENTRADA;Venda;Venda #685941;360;Pix
2024-09-24T03:00:00.000Z;SAÍDA;DESPESAS OPERACIONAIS;Compra de Insumos Reposição;-1959.6892118993098;Dinheiro/Banco
2024-09-23T22:46:00.000Z;ENTRADA;Venda;Venda #685941;120;Pix
2024-09-23T22:14:00.000Z;ENTRADA;Venda;Venda #685941;24;Pix
2024-09-23T21:02:00.000Z;ENTRADA;Venda;Venda #685941;240;Pix
2024-09-23T19:56:00.000Z;ENTRADA;Venda;Venda #685941;135;Pix
2024-09-23T19:40:00.000Z;ENTRADA;Venda;Venda #685941;90;Pix
2024-09-23T18:42:00.000Z;ENTRADA;Venda;Venda #685941;90;Pix
2024-09-23T18:36:00.000Z;ENTRADA;Venda;Venda #685941;170;Pix
2024-09-23T18:22:00.000Z;ENTRADA;Venda;Venda #685941;120;Pix
2024-09-23T16:17:00.000Z;ENTRADA;Venda;Venda #685941;16;Pix
2024-09-23T15:37:00.000Z;ENTRADA;Venda;Venda #685941;45;Pix
2024-09-23T15:37:00.000Z;ENTRADA;Venda;Venda #685941;135;Pix
2024-09-21T03:00:00.000Z;SAÍDA;DESPESAS OPERACIONAIS;Compra de Insumos Reposição;-2157.60526804608;Dinheiro/Banco
2024-09-20T22:24:00.000Z;ENTRADA;Venda;Venda #685941;24;Pix
2024-09-20T22:19:00.000Z;ENTRADA;Venda;Venda #685941;90;Pix
2024-09-20T21:39:00.000Z;ENTRADA;Venda;Venda #685941;24;Pix
2024-09-20T21:30:00.000Z;ENTRADA;Venda;Venda #685941;45;Pix
2024-09-20T21:25:00.000Z;ENTRADA;Venda;Venda #685941;8;Pix
2024-09-20T21:03:00.000Z;ENTRADA;Venda;Venda #685941;24;Pix
2024-09-20T20:42:00.000Z;ENTRADA;Venda;Venda #685941;240;Pix
2024-09-20T19:54:00.000Z;ENTRADA;Venda;Venda #685941;170;Pix
2024-09-20T19:54:00.000Z;ENTRADA;Venda;Venda #685941;24;Pix
2024-09-20T19:08:00.000Z;ENTRADA;Venda;Venda #685941;16;Pix
2024-09-20T18:49:00.000Z;ENTRADA;Venda;Venda #685941;85;Pix
2024-09-20T18:00:00.000Z;ENTRADA;Venda;Venda #685941;255;Pix
2024-09-20T15:18:00.000Z;ENTRADA;Venda;Venda #685941;85;Pix
2024-09-19T22:35:00.000Z;ENTRADA;Venda;Venda #685941;85;Pix
2024-09-19T21:49:00.000Z;ENTRADA;Venda;Venda #685941;120;Pix
2024-09-19T21:48:00.000Z;ENTRADA;Venda;Venda #685941;170;Pix
2024-09-19T21:29:00.000Z;ENTRADA;Venda;Venda #685941;45;Pix
2024-09-19T21:11:00.000Z;ENTRADA;Venda;Venda #685941;240;Pix
2024-09-19T20:46:00.000Z;ENTRADA;Venda;Venda #685941;135;Pix
2024-09-19T19:48:00.000Z;ENTRADA;Venda;Venda #685941;120;Pix
2024-09-19T17:52:00.000Z;ENTRADA;Venda;Venda #685941;8;Pix
2024-09-19T17:39:00.000Z;ENTRADA;Venda;Venda #685941;16;Pix
2024-09-19T16:33:00.000Z;ENTRADA;Venda;Venda #685941;135;Pix
2024-09-19T15:05:00.000Z;ENTRADA;Venda;Venda #685941;16;Pix
2024-09-19T15:00:00.000Z;ENTRADA;Venda;Venda #685941;45;Pix
2024-09-18T21:58:00.000Z;ENTRADA;Venda;Venda #685940;170;Pix
2024-09-18T20:51:00.000Z;ENTRADA;Venda;Venda #685940;8;Pix
2024-09-18T19:31:00.000Z;ENTRADA;Venda;Venda #685941;170;Pix
2024-09-18T18:54:00.000Z;ENTRADA;Venda;Venda #685940;24;Pix
2024-09-18T18:51:00.000Z;ENTRADA;Venda;Venda #685940;170;Pix
2024-09-18T17:36:00.000Z;ENTRADA;Venda;Venda #685940;135;Pix
2024-09-18T16:15:00.000Z;ENTRADA;Venda;Venda #685940;240;Pix
2024-09-18T15:16:00.000Z;ENTRADA;Venda;Venda #685941;360;Pix
2024-09-18T03:00:00.000Z;SAÍDA;DESPESAS OPERACIONAIS;Compra de Insumos Reposição;-1540.551456713445;Dinheiro/Banco
2024-09-17T22:46:00.000Z;ENTRADA;Venda;Venda #685940;135;Pix
2024-09-17T20:53:00.000Z;ENTRADA;Venda;Venda #685940;85;Pix
2024-09-17T20:46:00.000Z;ENTRADA;Venda;Venda #685940;170;Pix
2024-09-17T20:03:00.000Z;ENTRADA;Venda;Venda #685940;24;Pix
2024-09-17T19:32:00.000Z;ENTRADA;Venda;Venda #685940;255;Pix
2024-09-17T18:52:00.000Z;ENTRADA;Venda;Venda #685940;170;Pix
2024-09-17T18:47:00.000Z;ENTRADA;Venda;Venda #685940;24;Pix
2024-09-17T17:39:00.000Z;ENTRADA;Venda;Venda #685940;16;Pix
2024-09-17T15:23:00.000Z;ENTRADA;Venda;Venda #685940;240;Pix
2024-09-17T15:15:00.000Z;ENTRADA;Venda;Venda #685940;8;Pix
2024-09-16T21:55:00.000Z;ENTRADA;Venda;Venda #685940;85;Pix
2024-09-16T21:09:00.000Z;ENTRADA;Venda;Venda #685940;255;Pix
2024-09-16T20:50:00.000Z;ENTRADA;Venda;Venda #685940;135;Pix
2024-09-16T20:31:00.000Z;ENTRADA;Venda;Venda #685940;255;Pix
2024-09-16T18:46:00.000Z;ENTRADA;Venda;Venda #685940;255;Pix
2024-09-16T17:07:00.000Z;ENTRADA;Venda;Venda #685940;240;Pix
2024-09-15T03:00:00.000Z;SAÍDA;DESPESAS OPERACIONAIS;Compra de Insumos Reposição;-1695.5767357546201;Dinheiro/Banco
2024-09-13T22:06:00.000Z;ENTRADA;Venda;Venda #685940;360;Pix
2024-09-13T21:51:00.000Z;ENTRADA;Venda;Venda #685940;360;Pix
2024-09-13T20:39:00.000Z;ENTRADA;Venda;Venda #685940;120;Pix
2024-09-13T19:22:00.000Z;ENTRADA;Venda;Venda #685940;360;Pix
2024-09-13T19:21:00.000Z;ENTRADA;Venda;Venda #685940;8;Pix
2024-09-13T17:50:00.000Z;ENTRADA;Venda;Venda #685940;85;Pix
2024-09-13T17:45:00.000Z;ENTRADA;Venda;Venda #685940;16;Pix
2024-09-12T22:24:00.000Z;ENTRADA;Venda;Venda #685940;90;Pix
2024-09-12T21:39:00.000Z;ENTRADA;Venda;Venda #685940;8;Pix
2024-09-12T21:06:00.000Z;ENTRADA;Venda;Venda #685940;255;Pix
2024-09-12T20:15:00.000Z;ENTRADA;Venda;Venda #685940;360;Pix
2024-09-12T19:56:00.000Z;ENTRADA;Venda;Venda #685940;24;Pix
2024-09-12T17:19:00.000Z;ENTRADA;Venda;Venda #685940;170;Pix
2024-09-12T16:31:00.000Z;ENTRADA;Venda;Venda #685940;85;Pix
2024-09-12T15:44:00.000Z;ENTRADA;Venda;Venda #685940;255;Pix
2024-09-12T03:00:00.000Z;SAÍDA;DESPESAS OPERACIONAIS;Compra de Insumos Reposição;-1878.4348442865537;Dinheiro/Banco
2024-09-11T22:25:00.000Z;ENTRADA;Venda;Venda #685940;240;Pix
2024-09-11T22:08:00.000Z;ENTRADA;Venda;Venda #685940;360;Pix
2024-09-11T22:04:00.000Z;ENTRADA;Venda;Venda #685940;85;Pix
2024-09-11T18:42:00.000Z;ENTRADA;Venda;Venda #685940;135;Pix
2024-09-11T18:37:00.000Z;ENTRADA;Venda;Venda #685940;8;Pix
2024-09-11T18:09:00.000Z;ENTRADA;Venda;Venda #685940;135;Pix
2024-09-11T18:06:00.000Z;ENTRADA;Venda;Venda #685940;85;Pix
2024-09-11T16:41:00.000Z;ENTRADA;Venda;Venda #685940;24;Pix
2024-09-10T22:48:00.000Z;ENTRADA;Venda;Venda #685940;45;Pix
2024-09-10T22:25:00.000Z;ENTRADA;Venda;Venda #685940;16;Pix
2024-09-10T21:38:00.000Z;ENTRADA;Venda;Venda #685940;135;Pix
2024-09-10T21:15:00.000Z;ENTRADA;Venda;Venda #685940;24;Pix
2024-09-10T19:20:00.000Z;ENTRADA;Venda;Venda #685940;24;Pix
2024-09-10T17:30:00.000Z;ENTRADA;Venda;Venda #685940;90;Pix
2024-09-10T17:18:00.000Z;ENTRADA;Venda;Venda #685940;170;Pix
2024-09-10T17:10:00.000Z;ENTRADA;Venda;Venda #685940;8;Pix
2024-09-10T17:07:00.000Z;ENTRADA;Venda;Venda #685940;240;Pix
2024-09-10T16:55:00.000Z;ENTRADA;Venda;Venda #685940;16;Pix
2024-09-10T16:28:00.000Z;ENTRADA;Venda;Venda #685940;170;Pix
2024-09-10T16:25:00.000Z;ENTRADA;Venda;Venda #685940;16;Pix
2024-09-10T16:16:00.000Z;ENTRADA;Venda;Venda #685940;85;Pix
2024-09-10T16:13:00.000Z;ENTRADA;Venda;Venda #685940;45;Pix
2024-09-10T15:21:00.000Z;ENTRADA;Venda;Venda #685940;8;Pix
2024-09-09T22:24:00.000Z;ENTRADA;Venda;Venda #685940;360;Pix
2024-09-09T22:23:00.000Z;ENTRADA;Venda;Venda #685940;120;Pix
2024-09-09T16:20:00.000Z;ENTRADA;Venda;Venda #685940;240;Pix
2024-09-09T16:11:00.000Z;ENTRADA;Venda;Venda #685940;240;Pix
2024-09-09T16:09:00.000Z;ENTRADA;Venda;Venda #685940;90;Pix
2024-09-09T15:15:00.000Z;ENTRADA;Venda;Venda #685940;135;Pix
2024-09-09T03:00:00.000Z;SAÍDA;DESPESAS OPERACIONAIS;Compra de Insumos Reposição;-2111.7814669302143;Dinheiro/Banco
2024-09-06T22:18:00.000Z;ENTRADA;Venda;Venda #685940;240;Pix
2024-09-06T22:02:00.000Z;ENTRADA;Venda;Venda #685940;120;Pix
2024-09-06T21:35:00.000Z;ENTRADA;Venda;Venda #685940;24;Pix
2024-09-06T20:27:00.000Z;ENTRADA;Venda;Venda #685940;8;Pix
2024-09-06T19:53:00.000Z;ENTRADA;Venda;Venda #685940;120;Pix
2024-09-06T17:46:00.000Z;ENTRADA;Venda;Venda #685940;255;Pix
2024-09-06T16:35:00.000Z;ENTRADA;Venda;Venda #685940;170;Pix
2024-09-06T15:15:00.000Z;ENTRADA;Venda;Venda #685940;135;Pix
2024-09-06T03:00:00.000Z;SAÍDA;DESPESAS OPERACIONAIS;Compra de Insumos Reposição;-2170.111178808803;Dinheiro/Banco
2024-09-05T22:41:00.000Z;ENTRADA;Venda;Venda #685940;85;Pix
2024-09-05T21:52:00.000Z;ENTRADA;Venda;Venda #685940;90;Pix
2024-09-05T21:14:00.000Z;ENTRADA;Venda;Venda #685940;120;Pix
2024-09-05T21:07:00.000Z;ENTRADA;Venda;Venda #685940;24;Pix
2024-09-05T20:27:00.000Z;ENTRADA;Venda;Venda #685940;8;Pix
2024-09-05T20:16:00.000Z;ENTRADA;Venda;Venda #685940;240;Pix
2024-09-05T19:01:00.000Z;ENTRADA;Venda;Venda #685940;45;Pix
2024-09-05T18:20:00.000Z;ENTRADA;Venda;Venda #685940;120;Pix
2024-09-05T17:54:00.000Z;ENTRADA;Venda;Venda #685940;170;Pix
2024-09-05T17:37:00.000Z;ENTRADA;Venda;Venda #685940;135;Pix
2024-09-05T16:32:00.000Z;ENTRADA;Venda;Venda #685940;24;Pix
2024-09-05T16:14:00.000Z;ENTRADA;Venda;Venda #685940;90;Pix
2024-09-05T15:11:00.000Z;ENTRADA;Venda;Venda #685940;24;Pix
2024-09-04T22:22:00.000Z;ENTRADA;Venda;Venda #685940;24;Pix
2024-09-04T22:06:00.000Z;ENTRADA;Venda;Venda #685940;45;Pix
2024-09-04T20:08:00.000Z;ENTRADA;Venda;Venda #685940;120;Pix
2024-09-04T19:47:00.000Z;ENTRADA;Venda;Venda #685940;16;Pix
2024-09-04T18:29:00.000Z;ENTRADA;Venda;Venda #685940;360;Pix
2024-09-04T17:47:00.000Z;ENTRADA;Venda;Venda #685940;240;Pix
2024-09-04T16:54:00.000Z;ENTRADA;Venda;Venda #685940;360;Pix
2024-09-04T16:13:00.000Z;ENTRADA;Venda;Venda #685940;8;Pix
2024-09-04T15:27:00.000Z;ENTRADA;Venda;Venda #685940;170;Pix
2024-09-03T22:39:00.000Z;ENTRADA;Venda;Venda #685940;240;Pix
2024-09-03T22:21:00.000Z;ENTRADA;Venda;Venda #685940;120;Pix
2024-09-03T20:16:00.000Z;ENTRADA;Venda;Venda #685940;45;Pix
2024-09-03T19:48:00.000Z;ENTRADA;Venda;Venda #685940;360;Pix
2024-09-03T19:17:00.000Z;ENTRADA;Venda;Venda #685940;135;Pix
2024-09-03T17:22:00.000Z;ENTRADA;Venda;Venda #685940;24;Pix
2024-09-03T16:05:00.000Z;ENTRADA;Venda;Venda #685940;135;Pix
2024-09-03T15:49:00.000Z;ENTRADA;Venda;Venda #685940;8;Pix
2024-09-03T03:00:00.000Z;SAÍDA;DESPESAS OPERACIONAIS;Compra de Insumos Reposição;-2149.727219823566;Dinheiro/Banco
2024-09-02T21:47:00.000Z;ENTRADA;Venda;Venda #685940;360;Pix
2024-09-02T19:34:00.000Z;ENTRADA;Venda;Venda #685940;120;Pix
2024-09-02T19:12:00.000Z;ENTRADA;Venda;Venda #685940;8;Pix
2024-09-02T18:51:00.000Z;ENTRADA;Venda;Venda #685940;240;Pix
2024-09-02T18:13:00.000Z;ENTRADA;Venda;Venda #685940;240;Pix
2024-09-02T17:21:00.000Z;ENTRADA;Venda;Venda #685940;85;Pix
2024-09-02T15:28:00.000Z;ENTRADA;Venda;Venda #685940;24;Pix
2024-09-02T15:21:00.000Z;ENTRADA;Venda;Venda #685940;24;Pix
2024-08-30T22:44:00.000Z;ENTRADA;Venda;Venda #685940;90;Pix
2024-08-30T22:18:00.000Z;ENTRADA;Venda;Venda #685940;85;Pix
2024-08-30T22:11:00.000Z;ENTRADA;Venda;Venda #685940;45;Pix
2024-08-30T21:58:00.000Z;ENTRADA;Venda;Venda #685940;120;Pix
2024-08-30T21:42:00.000Z;ENTRADA;Venda;Venda #685940;16;Pix
2024-08-30T20:27:00.000Z;ENTRADA;Venda;Venda #685940;45;Pix
2024-08-30T19:47:00.000Z;ENTRADA;Venda;Venda #685940;90;Pix
2024-08-30T18:47:00.000Z;ENTRADA;Venda;Venda #685940;360;Pix
2024-08-30T18:26:00.000Z;ENTRADA;Venda;Venda #685940;24;Pix
2024-08-30T15:27:00.000Z;ENTRADA;Venda;Venda #685940;240;Pix
2024-08-30T03:00:00.000Z;SAÍDA;DESPESAS OPERACIONAIS;Compra de Insumos Reposição;-2482.6889290770896;Dinheiro/Banco
2024-08-29T22:22:00.000Z;ENTRADA;Venda;Venda #685940;24;Pix
2024-08-29T21:49:00.000Z;ENTRADA;Venda;Venda #685940;255;Pix
2024-08-29T20:01:00.000Z;ENTRADA;Venda;Venda #685940;45;Pix
2024-08-29T19:52:00.000Z;ENTRADA;Venda;Venda #685940;85;Pix
2024-08-29T19:03:00.000Z;ENTRADA;Venda;Venda #685940;24;Pix
2024-08-29T18:46:00.000Z;ENTRADA;Venda;Venda #685940;8;Pix
2024-08-29T18:19:00.000Z;ENTRADA;Venda;Venda #685940;16;Pix
2024-08-29T17:50:00.000Z;ENTRADA;Venda;Venda #685940;90;Pix
2024-08-29T17:21:00.000Z;ENTRADA;Venda;Venda #685940;170;Pix
2024-08-29T17:19:00.000Z;ENTRADA;Venda;Venda #685940;90;Pix
2024-08-29T16:28:00.000Z;ENTRADA;Venda;Venda #685940;240;Pix
2024-08-29T15:28:00.000Z;ENTRADA;Venda;Venda #685940;16;Pix
2024-08-29T15:16:00.000Z;ENTRADA;Venda;Venda #685940;85;Pix
2024-08-28T22:07:00.000Z;ENTRADA;Venda;Venda #685940;90;Pix
2024-08-28T20:56:00.000Z;ENTRADA;Venda;Venda #685940;135;Pix
2024-08-28T20:19:00.000Z;ENTRADA;Venda;Venda #685940;90;Pix
2024-08-28T20:08:00.000Z;ENTRADA;Venda;Venda #685940;16;Pix
2024-08-28T19:46:00.000Z;ENTRADA;Venda;Venda #685940;170;Pix
2024-08-28T19:33:00.000Z;ENTRADA;Venda;Venda #685940;120;Pix
2024-08-28T19:03:00.000Z;ENTRADA;Venda;Venda #685940;240;Pix
2024-08-28T18:17:00.000Z;ENTRADA;Venda;Venda #685940;16;Pix
2024-08-28T16:53:00.000Z;ENTRADA;Venda;Venda #685940;240;Pix
2024-08-28T16:42:00.000Z;ENTRADA;Venda;Venda #685940;16;Pix
2024-08-27T21:53:00.000Z;ENTRADA;Venda;Venda #685940;135;Pix
2024-08-27T20:38:00.000Z;ENTRADA;Venda;Venda #685940;45;Pix
2024-08-27T19:53:00.000Z;ENTRADA;Venda;Venda #685940;135;Pix
2024-08-27T16:55:00.000Z;ENTRADA;Venda;Venda #685940;255;Pix
2024-08-27T16:40:00.000Z;ENTRADA;Venda;Venda #685940;255;Pix
2024-08-27T15:35:00.000Z;ENTRADA;Venda;Venda #685940;16;Pix
2024-08-27T15:26:00.000Z;ENTRADA;Venda;Venda #685940;255;Pix
2024-08-27T03:00:00.000Z;SAÍDA;DESPESAS OPERACIONAIS;Compra de Insumos Reposição;-1787.116392523906;Dinheiro/Banco
2024-08-26T22:06:00.000Z;ENTRADA;Venda;Venda #685940;360;Pix
2024-08-26T21:43:00.000Z;ENTRADA;Venda;Venda #685940;16;Pix
2024-08-26T19:19:00.000Z;ENTRADA;Venda;Venda #685940;8;Pix
2024-08-26T18:13:00.000Z;ENTRADA;Venda;Venda #685940;240;Pix
2024-08-26T16:10:00.000Z;ENTRADA;Venda;Venda #685940;120;Pix
2024-08-26T15:48:00.000Z;ENTRADA;Venda;Venda #685940;255;Pix
2024-08-26T15:03:00.000Z;ENTRADA;Venda;Venda #685940;90;Pix
2024-08-24T03:00:00.000Z;SAÍDA;DESPESAS OPERACIONAIS;Compra de Insumos Reposição;-2033.856708352857;Dinheiro/Banco
2024-08-23T21:54:00.000Z;ENTRADA;Venda;Venda #685940;135;Pix
2024-08-23T21:49:00.000Z;ENTRADA;Venda;Venda #685940;45;Pix
2024-08-23T20:46:00.000Z;ENTRADA;Venda;Venda #685940;360;Pix
2024-08-23T19:32:00.000Z;ENTRADA;Venda;Venda #685940;85;Pix
2024-08-23T19:27:00.000Z;ENTRADA;Venda;Venda #685940;135;Pix
2024-08-23T16:12:00.000Z;ENTRADA;Venda;Venda #685940;240;Pix
2024-08-23T16:09:00.000Z;ENTRADA;Venda;Venda #685940;85;Pix
2024-08-23T15:53:00.000Z;ENTRADA;Venda;Venda #685940;16;Pix
2024-08-23T15:13:00.000Z;ENTRADA;Venda;Venda #685940;85;Pix
2024-08-22T21:53:00.000Z;ENTRADA;Venda;Venda #685940;255;Pix
2024-08-22T21:52:00.000Z;ENTRADA;Venda;Venda #685940;135;Pix
2024-08-22T19:29:00.000Z;ENTRADA;Venda;Venda #685940;360;Pix
2024-08-22T18:03:00.000Z;ENTRADA;Venda;Venda #685940;90;Pix
2024-08-22T16:12:00.000Z;ENTRADA;Venda;Venda #685940;8;Pix
2024-08-22T15:18:00.000Z;ENTRADA;Venda;Venda #685940;255;Pix
2024-08-21T22:54:00.000Z;ENTRADA;Venda;Venda #685940;45;Pix
2024-08-21T22:37:00.000Z;ENTRADA;Venda;Venda #685940;120;Pix
2024-08-21T21:54:00.000Z;ENTRADA;Venda;Venda #685940;120;Pix
2024-08-21T20:38:00.000Z;ENTRADA;Venda;Venda #685940;90;Pix
2024-08-21T20:24:00.000Z;ENTRADA;Venda;Venda #685940;135;Pix
2024-08-21T19:58:00.000Z;ENTRADA;Venda;Venda #685940;24;Pix
2024-08-21T19:44:00.000Z;ENTRADA;Venda;Venda #685940;24;Pix
2024-08-21T18:48:00.000Z;ENTRADA;Venda;Venda #685940;240;Pix
2024-08-21T18:41:00.000Z;ENTRADA;Venda;Venda #685940;120;Pix
2024-08-21T18:32:00.000Z;ENTRADA;Venda;Venda #685940;16;Pix
2024-08-21T16:02:00.000Z;ENTRADA;Venda;Venda #685940;120;Pix
2024-08-21T15:24:00.000Z;ENTRADA;Venda;Venda #685940;85;Pix
2024-08-21T03:00:00.000Z;SAÍDA;DESPESAS OPERACIONAIS;Compra de Insumos Reposição;-1879.1925170306868;Dinheiro/Banco
2024-08-20T22:48:00.000Z;ENTRADA;Venda;Venda #685940;90;Pix
2024-08-20T21:55:00.000Z;ENTRADA;Venda;Venda #685940;120;Pix
2024-08-20T21:35:00.000Z;ENTRADA;Venda;Venda #685940;45;Pix
2024-08-20T20:39:00.000Z;ENTRADA;Venda;Venda #685940;85;Pix
2024-08-20T19:57:00.000Z;ENTRADA;Venda;Venda #685940;360;Pix
2024-08-20T19:31:00.000Z;ENTRADA;Venda;Venda #685940;16;Pix
2024-08-20T17:51:00.000Z;ENTRADA;Venda;Venda #685940;135;Pix
2024-08-20T17:10:00.000Z;ENTRADA;Venda;Venda #685940;90;Pix
2024-08-20T15:42:00.000Z;ENTRADA;Venda;Venda #685940;170;Pix
2024-08-19T22:52:00.000Z;ENTRADA;Venda;Venda #685940;90;Pix
2024-08-19T20:50:00.000Z;ENTRADA;Venda;Venda #685940;135;Pix
2024-08-19T20:39:00.000Z;ENTRADA;Venda;Venda #685940;45;Pix
2024-08-19T17:18:00.000Z;ENTRADA;Venda;Venda #685940;360;Pix
2024-08-19T15:54:00.000Z;ENTRADA;Venda;Venda #685940;255;Pix
2024-08-19T15:49:00.000Z;ENTRADA;Venda;Venda #685940;240;Pix
2024-08-18T03:00:00.000Z;SAÍDA;DESPESAS OPERACIONAIS;Compra de Insumos Reposição;-1941.2859332334187;Dinheiro/Banco
2024-08-16T22:03:00.000Z;ENTRADA;Venda;Venda #685940;240;Pix
2024-08-16T21:47:00.000Z;ENTRADA;Venda;Venda #685940;90;Pix
2024-08-16T19:49:00.000Z;ENTRADA;Venda;Venda #685940;85;Pix
2024-08-16T19:45:00.000Z;ENTRADA;Venda;Venda #685940;120;Pix
2024-08-16T19:18:00.000Z;ENTRADA;Venda;Venda #685940;90;Pix
2024-08-16T19:07:00.000Z;ENTRADA;Venda;Venda #685940;90;Pix
2024-08-16T18:57:00.000Z;ENTRADA;Venda;Venda #685940;45;Pix
2024-08-16T17:43:00.000Z;ENTRADA;Venda;Venda #685940;24;Pix
2024-08-16T16:35:00.000Z;ENTRADA;Venda;Venda #685940;45;Pix
2024-08-16T16:15:00.000Z;ENTRADA;Venda;Venda #685940;120;Pix
2024-08-16T15:27:00.000Z;ENTRADA;Venda;Venda #685940;135;Pix
2024-08-16T15:18:00.000Z;ENTRADA;Venda;Venda #685940;16;Pix
2024-08-16T15:18:00.000Z;ENTRADA;Venda;Venda #685940;8;Pix
2024-08-15T22:37:00.000Z;ENTRADA;Venda;Venda #685940;16;Pix
2024-08-15T22:23:00.000Z;ENTRADA;Venda;Venda #685940;120;Pix
2024-08-15T21:53:00.000Z;ENTRADA;Venda;Venda #685940;170;Pix
2024-08-15T21:20:00.000Z;ENTRADA;Venda;Venda #685940;170;Pix
2024-08-15T20:55:00.000Z;ENTRADA;Venda;Venda #685940;240;Pix
2024-08-15T17:57:00.000Z;ENTRADA;Venda;Venda #685940;240;Pix
2024-08-15T17:14:00.000Z;ENTRADA;Venda;Venda #685940;170;Pix
2024-08-15T03:00:00.000Z;SAÍDA;DESPESAS OPERACIONAIS;Compra de Insumos Reposição;-2196.0585687167863;Dinheiro/Banco
2024-08-14T22:58:00.000Z;ENTRADA;Venda;Venda #685940;240;Pix
2024-08-14T22:47:00.000Z;ENTRADA;Venda;Venda #685940;85;Pix
2024-08-14T22:32:00.000Z;ENTRADA;Venda;Venda #685940;120;Pix
2024-08-14T22:15:00.000Z;ENTRADA;Venda;Venda #685940;24;Pix
2024-08-14T16:32:00.000Z;ENTRADA;Venda;Venda #685940;255;Pix
2024-08-14T16:17:00.000Z;ENTRADA;Venda;Venda #685940;255;Pix
2024-08-14T15:53:00.000Z;ENTRADA;Venda;Venda #685940;135;Pix
2024-08-14T15:00:00.000Z;ENTRADA;Venda;Venda #685940;45;Pix
2024-08-13T22:42:00.000Z;ENTRADA;Venda;Venda #685940;90;Pix
2024-08-13T22:40:00.000Z;ENTRADA;Venda;Venda #685940;135;Pix
2024-08-13T22:34:00.000Z;ENTRADA;Venda;Venda #685940;135;Pix
2024-08-13T21:22:00.000Z;ENTRADA;Venda;Venda #685940;24;Pix
2024-08-13T20:23:00.000Z;ENTRADA;Venda;Venda #685940;170;Pix
2024-08-13T19:03:00.000Z;ENTRADA;Venda;Venda #685940;255;Pix
2024-08-13T18:49:00.000Z;ENTRADA;Venda;Venda #685940;360;Pix
2024-08-12T21:39:00.000Z;ENTRADA;Venda;Venda #685940;360;Pix
2024-08-12T21:35:00.000Z;ENTRADA;Venda;Venda #685940;8;Pix
2024-08-12T21:22:00.000Z;ENTRADA;Venda;Venda #685940;16;Pix
2024-08-12T20:43:00.000Z;ENTRADA;Venda;Venda #685940;90;Pix
2024-08-12T18:32:00.000Z;ENTRADA;Venda;Venda #685940;170;Pix
2024-08-12T18:24:00.000Z;ENTRADA;Venda;Venda #685940;16;Pix
2024-08-12T18:03:00.000Z;ENTRADA;Venda;Venda #685940;360;Pix
2024-08-12T16:36:00.000Z;ENTRADA;Venda;Venda #685940;85;Pix
2024-08-12T03:00:00.000Z;SAÍDA;DESPESAS OPERACIONAIS;Compra de Insumos Reposição;-1526.903049223877;Dinheiro/Banco
2024-08-09T22:53:00.000Z;ENTRADA;Venda;Venda #685940;360;Pix
2024-08-09T20:28:00.000Z;ENTRADA;Venda;Venda #685940;255;Pix
2024-08-09T18:33:00.000Z;ENTRADA;Venda;Venda #685940;360;Pix
2024-08-09T16:39:00.000Z;ENTRADA;Venda;Venda #685940;8;Pix
2024-08-09T16:20:00.000Z;ENTRADA;Venda;Venda #685940;170;Pix
2024-08-09T03:00:00.000Z;SAÍDA;DESPESAS OPERACIONAIS;Compra de Insumos Reposição;-2344.02006773172;Dinheiro/Banco
2024-08-08T22:12:00.000Z;ENTRADA;Venda;Venda #685940;90;Pix
2024-08-08T21:29:00.000Z;ENTRADA;Venda;Venda #685940;360;Pix
2024-08-08T21:01:00.000Z;ENTRADA;Venda;Venda #685940;45;Pix
2024-08-08T20:56:00.000Z;ENTRADA;Venda;Venda #685940;240;Pix
2024-08-08T20:51:00.000Z;ENTRADA;Venda;Venda #685940;45;Pix
2024-08-08T19:49:00.000Z;ENTRADA;Venda;Venda #685940;45;Pix
2024-08-08T17:52:00.000Z;ENTRADA;Venda;Venda #685940;45;Pix
2024-08-08T17:25:00.000Z;ENTRADA;Venda;Venda #685940;170;Pix
2024-08-08T16:24:00.000Z;ENTRADA;Venda;Venda #685940;120;Pix
2024-08-07T22:48:00.000Z;ENTRADA;Venda;Venda #685940;90;Pix
2024-08-07T21:34:00.000Z;ENTRADA;Venda;Venda #685940;360;Pix
2024-08-07T21:18:00.000Z;ENTRADA;Venda;Venda #685940;170;Pix
2024-08-07T20:48:00.000Z;ENTRADA;Venda;Venda #685940;45;Pix
2024-08-07T17:38:00.000Z;ENTRADA;Venda;Venda #685940;135;Pix
2024-08-07T17:07:00.000Z;ENTRADA;Venda;Venda #685940;90;Pix
2024-08-07T16:13:00.000Z;ENTRADA;Venda;Venda #685940;240;Pix
2024-08-06T22:05:00.000Z;ENTRADA;Venda;Venda #685940;45;Pix
2024-08-06T21:48:00.000Z;ENTRADA;Venda;Venda #685940;170;Pix
2024-08-06T20:39:00.000Z;ENTRADA;Venda;Venda #685940;24;Pix
2024-08-06T20:37:00.000Z;ENTRADA;Venda;Venda #685940;24;Pix
2024-08-06T20:16:00.000Z;ENTRADA;Venda;Venda #685940;45;Pix
2024-08-06T18:11:00.000Z;ENTRADA;Venda;Venda #685940;90;Pix
2024-08-06T17:56:00.000Z;ENTRADA;Venda;Venda #685940;8;Pix
2024-08-06T17:35:00.000Z;ENTRADA;Venda;Venda #685940;90;Pix
2024-08-06T17:03:00.000Z;ENTRADA;Venda;Venda #685940;135;Pix
2024-08-06T16:15:00.000Z;ENTRADA;Venda;Venda #685940;16;Pix
2024-08-06T16:02:00.000Z;ENTRADA;Venda;Venda #685940;85;Pix
2024-08-06T15:15:00.000Z;ENTRADA;Venda;Venda #685940;360;Pix
2024-08-06T03:00:00.000Z;SAÍDA;DESPESAS OPERACIONAIS;Compra de Insumos Reposição;-1685.615352106835;Dinheiro/Banco
2024-08-05T21:13:00.000Z;ENTRADA;Venda;Venda #685940;120;Pix
2024-08-05T20:15:00.000Z;ENTRADA;Venda;Venda #685940;360;Pix
2024-08-05T18:57:00.000Z;ENTRADA;Venda;Venda #685940;360;Pix
2024-08-05T16:47:00.000Z;ENTRADA;Venda;Venda #685940;255;Pix
2024-08-05T16:34:00.000Z;ENTRADA;Venda;Venda #685940;45;Pix
2024-08-05T15:13:00.000Z;ENTRADA;Venda;Venda #685940;16;Pix
2024-08-03T03:00:00.000Z;SAÍDA;DESPESAS OPERACIONAIS;Compra de Insumos Reposição;-2349.1596324700167;Dinheiro/Banco
2024-08-02T22:56:00.000Z;ENTRADA;Venda;Venda #685940;240;Pix
2024-08-02T22:31:00.000Z;ENTRADA;Venda;Venda #685940;360;Pix
2024-08-02T21:21:00.000Z;ENTRADA;Venda;Venda #685940;360;Pix
2024-08-02T20:38:00.000Z;ENTRADA;Venda;Venda #685940;8;Pix
2024-08-02T19:23:00.000Z;ENTRADA;Venda;Venda #685940;16;Pix
2024-08-02T19:06:00.000Z;ENTRADA;Venda;Venda #685940;135;Pix
2024-08-02T18:57:00.000Z;ENTRADA;Venda;Venda #685940;8;Pix
2024-08-02T18:38:00.000Z;ENTRADA;Venda;Venda #685940;85;Pix
2024-08-02T17:48:00.000Z;ENTRADA;Venda;Venda #685940;120;Pix
2024-08-02T16:01:00.000Z;ENTRADA;Venda;Venda #685940;16;Pix
2024-08-01T21:57:00.000Z;ENTRADA;Venda;Venda #685940;240;Pix
2024-08-01T21:46:00.000Z;ENTRADA;Venda;Venda #685940;45;Pix
2024-08-01T21:25:00.000Z;ENTRADA;Venda;Venda #685940;24;Pix
2024-08-01T20:27:00.000Z;ENTRADA;Venda;Venda #685940;255;Pix
2024-08-01T17:24:00.000Z;ENTRADA;Venda;Venda #685940;255;Pix
2024-08-01T17:22:00.000Z;ENTRADA;Venda;Venda #685940;90;Pix
2024-08-01T16:45:00.000Z;ENTRADA;Venda;Venda #685940;135;Pix
2024-08-01T16:37:00.000Z;ENTRADA;Venda;Venda #685940;135;Pix
2024-08-01T16:20:00.000Z;ENTRADA;Venda;Venda #685940;85;Pix
2024-08-01T15:36:00.000Z;ENTRADA;Venda;Venda #685940;8;Pix
2024-07-31T22:40:00.000Z;ENTRADA;Venda;Venda #685940;135;Pix
2024-07-31T22:26:00.000Z;ENTRADA;Venda;Venda #685940;8;Pix
2024-07-31T21:50:00.000Z;ENTRADA;Venda;Venda #685940;16;Pix
2024-07-31T20:32:00.000Z;ENTRADA;Venda;Venda #685940;90;Pix
2024-07-31T20:05:00.000Z;ENTRADA;Venda;Venda #685940;135;Pix
2024-07-31T18:49:00.000Z;ENTRADA;Venda;Venda #685940;8;Pix
2024-07-31T17:17:00.000Z;ENTRADA;Venda;Venda #685940;255;Pix
2024-07-31T16:32:00.000Z;ENTRADA;Venda;Venda #685940;45;Pix
2024-07-31T15:49:00.000Z;ENTRADA;Venda;Venda #685940;360;Pix
2024-07-31T15:03:00.000Z;ENTRADA;Venda;Venda #685940;45;Pix
2024-07-30T22:44:00.000Z;ENTRADA;Venda;Venda #685939;24;Pix
2024-07-30T20:52:00.000Z;ENTRADA;Venda;Venda #685939;45;Pix
2024-07-30T20:30:00.000Z;ENTRADA;Venda;Venda #685939;24;Pix
2024-07-30T19:04:00.000Z;ENTRADA;Venda;Venda #685939;170;Pix
2024-07-30T18:03:00.000Z;ENTRADA;Venda;Venda #685939;8;Pix
2024-07-30T17:21:00.000Z;ENTRADA;Venda;Venda #685939;45;Pix
2024-07-30T16:37:00.000Z;ENTRADA;Venda;Venda #685939;240;Pix
2024-07-30T16:20:00.000Z;ENTRADA;Venda;Venda #685939;255;Pix
2024-07-30T16:16:00.000Z;ENTRADA;Venda;Venda #685940;360;Pix
2024-07-30T15:40:00.000Z;ENTRADA;Venda;Venda #685939;240;Pix
2024-07-30T03:00:00.000Z;SAÍDA;DESPESAS OPERACIONAIS;Compra de Insumos Reposição;-1782.8254957927052;Dinheiro/Banco
2024-07-29T21:32:00.000Z;ENTRADA;Venda;Venda #685939;135;Pix
2024-07-29T21:23:00.000Z;ENTRADA;Venda;Venda #685939;360;Pix
2024-07-29T20:26:00.000Z;ENTRADA;Venda;Venda #685939;135;Pix
2024-07-29T19:25:00.000Z;ENTRADA;Venda;Venda #685939;90;Pix
2024-07-29T16:36:00.000Z;ENTRADA;Venda;Venda #685939;45;Pix
2024-07-29T15:56:00.000Z;ENTRADA;Venda;Venda #685939;85;Pix
2024-07-29T15:50:00.000Z;ENTRADA;Venda;Venda #685939;85;Pix
2024-07-29T15:49:00.000Z;ENTRADA;Venda;Venda #685939;8;Pix
2024-07-29T15:14:00.000Z;ENTRADA;Venda;Venda #685939;90;Pix
2024-07-29T15:01:00.000Z;ENTRADA;Venda;Venda #685939;135;Pix
2024-07-27T03:00:00.000Z;SAÍDA;DESPESAS OPERACIONAIS;Compra de Insumos Reposição;-1587.0696634121337;Dinheiro/Banco
2024-07-26T22:52:00.000Z;ENTRADA;Venda;Venda #685939;45;Pix
2024-07-26T22:33:00.000Z;ENTRADA;Venda;Venda #685939;8;Pix
2024-07-26T21:07:00.000Z;ENTRADA;Venda;Venda #685939;85;Pix
2024-07-26T20:53:00.000Z;ENTRADA;Venda;Venda #685939;45;Pix
2024-07-26T20:37:00.000Z;ENTRADA;Venda;Venda #685939;24;Pix
2024-07-26T20:18:00.000Z;ENTRADA;Venda;Venda #685939;8;Pix
2024-07-26T19:51:00.000Z;ENTRADA;Venda;Venda #685939;240;Pix
2024-07-26T19:50:00.000Z;ENTRADA;Venda;Venda #685939;16;Pix
2024-07-26T17:57:00.000Z;ENTRADA;Venda;Venda #685939;8;Pix
2024-07-26T17:10:00.000Z;ENTRADA;Venda;Venda #685939;16;Pix
2024-07-26T17:04:00.000Z;ENTRADA;Venda;Venda #685939;255;Pix
2024-07-26T15:39:00.000Z;ENTRADA;Venda;Venda #685939;85;Pix
2024-07-26T15:36:00.000Z;ENTRADA;Venda;Venda #685939;255;Pix
2024-07-25T21:31:00.000Z;ENTRADA;Venda;Venda #685939;240;Pix
2024-07-25T21:19:00.000Z;ENTRADA;Venda;Venda #685939;24;Pix
2024-07-25T19:50:00.000Z;ENTRADA;Venda;Venda #685939;8;Pix
2024-07-25T18:57:00.000Z;ENTRADA;Venda;Venda #685939;255;Pix
2024-07-25T18:12:00.000Z;ENTRADA;Venda;Venda #685939;360;Pix
2024-07-25T17:32:00.000Z;ENTRADA;Venda;Venda #685939;135;Pix
2024-07-25T17:12:00.000Z;ENTRADA;Venda;Venda #685939;85;Pix
2024-07-24T22:26:00.000Z;ENTRADA;Venda;Venda #685939;255;Pix
2024-07-24T20:49:00.000Z;ENTRADA;Venda;Venda #685939;90;Pix
2024-07-24T20:27:00.000Z;ENTRADA;Venda;Venda #685939;360;Pix
2024-07-24T17:42:00.000Z;ENTRADA;Venda;Venda #685939;360;Pix
2024-07-24T16:15:00.000Z;ENTRADA;Venda;Venda #685939;8;Pix
2024-07-24T03:00:00.000Z;SAÍDA;DESPESAS OPERACIONAIS;Compra de Insumos Reposição;-2072.005540524815;Dinheiro/Banco
2024-07-23T22:55:00.000Z;ENTRADA;Venda;Venda #685939;90;Pix
2024-07-23T22:44:00.000Z;ENTRADA;Venda;Venda #685939;16;Pix
2024-07-23T22:09:00.000Z;ENTRADA;Venda;Venda #685939;45;Pix
2024-07-23T20:26:00.000Z;ENTRADA;Venda;Venda #685939;16;Pix
2024-07-23T19:55:00.000Z;ENTRADA;Venda;Venda #685939;45;Pix
2024-07-23T19:49:00.000Z;ENTRADA;Venda;Venda #685939;85;Pix
2024-07-23T19:32:00.000Z;ENTRADA;Venda;Venda #685939;45;Pix
2024-07-23T19:18:00.000Z;ENTRADA;Venda;Venda #685939;90;Pix
2024-07-23T19:07:00.000Z;ENTRADA;Venda;Venda #685939;24;Pix
2024-07-23T18:23:00.000Z;ENTRADA;Venda;Venda #685939;45;Pix
2024-07-23T18:08:00.000Z;ENTRADA;Venda;Venda #685939;90;Pix
2024-07-23T16:23:00.000Z;ENTRADA;Venda;Venda #685939;120;Pix
2024-07-23T15:25:00.000Z;ENTRADA;Venda;Venda #685939;360;Pix
2024-07-22T22:49:00.000Z;ENTRADA;Venda;Venda #685939;170;Pix
2024-07-22T22:00:00.000Z;ENTRADA;Venda;Venda #685939;255;Pix
2024-07-22T18:02:00.000Z;ENTRADA;Venda;Venda #685939;90;Pix
2024-07-22T17:22:00.000Z;ENTRADA;Venda;Venda #685939;255;Pix
2024-07-22T16:43:00.000Z;ENTRADA;Venda;Venda #685939;240;Pix
2024-07-22T16:27:00.000Z;ENTRADA;Venda;Venda #685939;85;Pix
2024-07-21T03:00:00.000Z;SAÍDA;DESPESAS OPERACIONAIS;Compra de Insumos Reposição;-1839.2746349089614;Dinheiro/Banco
2024-07-19T21:49:00.000Z;ENTRADA;Venda;Venda #685939;360;Pix
2024-07-19T19:58:00.000Z;ENTRADA;Venda;Venda #685939;45;Pix
2024-07-19T19:43:00.000Z;ENTRADA;Venda;Venda #685939;24;Pix
2024-07-19T19:43:00.000Z;ENTRADA;Venda;Venda #685939;45;Pix
2024-07-19T18:50:00.000Z;ENTRADA;Venda;Venda #685939;240;Pix
2024-07-19T16:05:00.000Z;ENTRADA;Venda;Venda #685939;90;Pix
2024-07-19T15:31:00.000Z;ENTRADA;Venda;Venda #685939;360;Pix
2024-07-18T22:34:00.000Z;ENTRADA;Venda;Venda #685939;85;Pix
2024-07-18T19:08:00.000Z;ENTRADA;Venda;Venda #685939;240;Pix
2024-07-18T18:20:00.000Z;ENTRADA;Venda;Venda #685939;135;Pix
2024-07-18T17:53:00.000Z;ENTRADA;Venda;Venda #685939;120;Pix
2024-07-18T17:33:00.000Z;ENTRADA;Venda;Venda #685939;360;Pix
2024-07-18T15:55:00.000Z;ENTRADA;Venda;Venda #685939;170;Pix
2024-07-18T15:23:00.000Z;ENTRADA;Venda;Venda #685939;8;Pix
2024-07-18T15:15:00.000Z;ENTRADA;Venda;Venda #685939;45;Pix
2024-07-18T03:00:00.000Z;SAÍDA;DESPESAS OPERACIONAIS;Compra de Insumos Reposição;-1567.6729932274804;Dinheiro/Banco
2024-07-17T21:52:00.000Z;ENTRADA;Venda;Venda #685939;16;Pix
2024-07-17T21:43:00.000Z;ENTRADA;Venda;Venda #685939;135;Pix
2024-07-17T21:21:00.000Z;ENTRADA;Venda;Venda #685939;135;Pix
2024-07-17T20:02:00.000Z;ENTRADA;Venda;Venda #685939;255;Pix
2024-07-17T19:09:00.000Z;ENTRADA;Venda;Venda #685939;135;Pix
2024-07-17T18:46:00.000Z;ENTRADA;Venda;Venda #685939;45;Pix
2024-07-17T17:27:00.000Z;ENTRADA;Venda;Venda #685939;45;Pix
2024-07-17T17:19:00.000Z;ENTRADA;Venda;Venda #685939;45;Pix
2024-07-17T17:18:00.000Z;ENTRADA;Venda;Venda #685939;85;Pix
2024-07-17T16:24:00.000Z;ENTRADA;Venda;Venda #685939;240;Pix
2024-07-17T16:06:00.000Z;ENTRADA;Venda;Venda #685939;24;Pix
2024-07-16T20:14:00.000Z;ENTRADA;Venda;Venda #685939;24;Pix
2024-07-16T19:51:00.000Z;ENTRADA;Venda;Venda #685939;170;Pix
2024-07-16T19:21:00.000Z;ENTRADA;Venda;Venda #685939;170;Pix
2024-07-16T19:07:00.000Z;ENTRADA;Venda;Venda #685939;90;Pix
2024-07-16T18:50:00.000Z;ENTRADA;Venda;Venda #685939;8;Pix
2024-07-16T18:45:00.000Z;ENTRADA;Venda;Venda #685939;16;Pix
2024-07-16T18:19:00.000Z;ENTRADA;Venda;Venda #685939;24;Pix
2024-07-16T17:46:00.000Z;ENTRADA;Venda;Venda #685939;240;Pix
2024-07-16T17:07:00.000Z;ENTRADA;Venda;Venda #685939;170;Pix
2024-07-16T16:13:00.000Z;ENTRADA;Venda;Venda #685939;8;Pix
2024-07-16T16:07:00.000Z;ENTRADA;Venda;Venda #685939;16;Pix
2024-07-16T16:02:00.000Z;ENTRADA;Venda;Venda #685939;135;Pix
2024-07-15T22:12:00.000Z;ENTRADA;Venda;Venda #685939;360;Pix
2024-07-15T21:55:00.000Z;ENTRADA;Venda;Venda #685939;16;Pix
2024-07-15T21:12:00.000Z;ENTRADA;Venda;Venda #685939;45;Pix
2024-07-15T20:00:00.000Z;ENTRADA;Venda;Venda #685939;8;Pix
2024-07-15T16:50:00.000Z;ENTRADA;Venda;Venda #685939;240;Pix
2024-07-15T16:26:00.000Z;ENTRADA;Venda;Venda #685939;135;Pix
2024-07-15T16:23:00.000Z;ENTRADA;Venda;Venda #685939;120;Pix
2024-07-15T15:57:00.000Z;ENTRADA;Venda;Venda #685939;240;Pix
2024-07-15T03:00:00.000Z;SAÍDA;DESPESAS OPERACIONAIS;Compra de Insumos Reposição;-2426.180396758172;Dinheiro/Banco
2024-07-12T22:37:00.000Z;ENTRADA;Venda;Venda #685939;16;Pix
2024-07-12T21:41:00.000Z;ENTRADA;Venda;Venda #685939;240;Pix
2024-07-12T20:04:00.000Z;ENTRADA;Venda;Venda #685939;255;Pix
2024-07-12T18:33:00.000Z;ENTRADA;Venda;Venda #685939;85;Pix
2024-07-12T18:32:00.000Z;ENTRADA;Venda;Venda #685939;120;Pix
2024-07-12T18:05:00.000Z;ENTRADA;Venda;Venda #685939;45;Pix
2024-07-12T16:23:00.000Z;ENTRADA;Venda;Venda #685939;90;Pix
2024-07-12T15:23:00.000Z;ENTRADA;Venda;Venda #685939;8;Pix
2024-07-12T15:22:00.000Z;ENTRADA;Venda;Venda #685939;255;Pix
2024-07-12T15:08:00.000Z;ENTRADA;Venda;Venda #685939;24;Pix
2024-07-12T03:00:00.000Z;SAÍDA;DESPESAS OPERACIONAIS;Compra de Insumos Reposição;-1570.8801171694356;Dinheiro/Banco
2024-07-11T22:51:00.000Z;ENTRADA;Venda;Venda #685939;85;Pix
2024-07-11T20:36:00.000Z;ENTRADA;Venda;Venda #685939;120;Pix
2024-07-11T20:21:00.000Z;ENTRADA;Venda;Venda #685939;24;Pix
2024-07-11T19:33:00.000Z;ENTRADA;Venda;Venda #685939;360;Pix
2024-07-11T19:21:00.000Z;ENTRADA;Venda;Venda #685939;170;Pix
2024-07-11T17:55:00.000Z;ENTRADA;Venda;Venda #685939;85;Pix
2024-07-11T17:54:00.000Z;ENTRADA;Venda;Venda #685939;45;Pix
2024-07-11T17:53:00.000Z;ENTRADA;Venda;Venda #685939;85;Pix
2024-07-11T17:10:00.000Z;ENTRADA;Venda;Venda #685939;24;Pix
2024-07-11T16:57:00.000Z;ENTRADA;Venda;Venda #685939;85;Pix
2024-07-11T16:44:00.000Z;ENTRADA;Venda;Venda #685939;8;Pix
2024-07-10T22:15:00.000Z;ENTRADA;Venda;Venda #685939;8;Pix
2024-07-10T21:32:00.000Z;ENTRADA;Venda;Venda #685939;45;Pix
2024-07-10T21:06:00.000Z;ENTRADA;Venda;Venda #685939;8;Pix
2024-07-10T19:20:00.000Z;ENTRADA;Venda;Venda #685939;240;Pix
2024-07-10T18:12:00.000Z;ENTRADA;Venda;Venda #685939;8;Pix
2024-07-10T18:11:00.000Z;ENTRADA;Venda;Venda #685939;255;Pix
2024-07-10T17:35:00.000Z;ENTRADA;Venda;Venda #685939;24;Pix
2024-07-10T17:12:00.000Z;ENTRADA;Venda;Venda #685939;240;Pix
2024-07-10T15:56:00.000Z;ENTRADA;Venda;Venda #685939;85;Pix
2024-07-10T15:17:00.000Z;ENTRADA;Venda;Venda #685939;255;Pix
2024-07-09T22:12:00.000Z;ENTRADA;Venda;Venda #685939;360;Pix
2024-07-09T19:10:00.000Z;ENTRADA;Venda;Venda #685939;255;Pix
2024-07-09T18:14:00.000Z;ENTRADA;Venda;Venda #685939;8;Pix
2024-07-09T17:57:00.000Z;ENTRADA;Venda;Venda #685939;135;Pix
2024-07-09T16:23:00.000Z;ENTRADA;Venda;Venda #685939;85;Pix
2024-07-09T16:23:00.000Z;ENTRADA;Venda;Venda #685939;16;Pix
2024-07-09T15:57:00.000Z;ENTRADA;Venda;Venda #685939;170;Pix
2024-07-09T15:26:00.000Z;ENTRADA;Venda;Venda #685939;135;Pix
2024-07-09T03:00:00.000Z;SAÍDA;DESPESAS OPERACIONAIS;Compra de Insumos Reposição;-2359.029433040886;Dinheiro/Banco
2024-07-08T22:14:00.000Z;ENTRADA;Venda;Venda #685939;240;Pix
2024-07-08T22:02:00.000Z;ENTRADA;Venda;Venda #685939;240;Pix
2024-07-08T18:45:00.000Z;ENTRADA;Venda;Venda #685939;240;Pix
2024-07-08T16:25:00.000Z;ENTRADA;Venda;Venda #685939;85;Pix
2024-07-08T16:02:00.000Z;ENTRADA;Venda;Venda #685939;8;Pix
2024-07-08T15:49:00.000Z;ENTRADA;Venda;Venda #685939;360;Pix
2024-07-06T03:00:00.000Z;SAÍDA;DESPESAS OPERACIONAIS;Compra de Insumos Reposição;-1801.0040022458386;Dinheiro/Banco
2024-07-05T21:42:00.000Z;ENTRADA;Venda;Venda #685939;24;Pix
2024-07-05T20:47:00.000Z;ENTRADA;Venda;Venda #685939;135;Pix
2024-07-05T20:38:00.000Z;ENTRADA;Venda;Venda #685939;240;Pix
2024-07-05T18:32:00.000Z;ENTRADA;Venda;Venda #685939;240;Pix
2024-07-05T18:09:00.000Z;ENTRADA;Venda;Venda #685939;16;Pix
2024-07-05T17:54:00.000Z;ENTRADA;Venda;Venda #685939;240;Pix
2024-07-05T17:20:00.000Z;ENTRADA;Venda;Venda #685939;90;Pix
2024-07-05T16:43:00.000Z;ENTRADA;Venda;Venda #685939;8;Pix
2024-07-05T15:56:00.000Z;ENTRADA;Venda;Venda #685939;85;Pix
2024-07-05T15:18:00.000Z;ENTRADA;Venda;Venda #685939;120;Pix
2024-07-05T15:13:00.000Z;ENTRADA;Venda;Venda #685939;16;Pix
2024-07-04T22:39:00.000Z;ENTRADA;Venda;Venda #685939;120;Pix
2024-07-04T22:31:00.000Z;ENTRADA;Venda;Venda #685939;45;Pix
2024-07-04T21:15:00.000Z;ENTRADA;Venda;Venda #685939;255;Pix
2024-07-04T21:09:00.000Z;ENTRADA;Venda;Venda #685939;255;Pix
2024-07-04T18:10:00.000Z;ENTRADA;Venda;Venda #685939;135;Pix
2024-07-04T17:48:00.000Z;ENTRADA;Venda;Venda #685939;135;Pix
2024-07-04T17:22:00.000Z;ENTRADA;Venda;Venda #685939;120;Pix
2024-07-04T16:13:00.000Z;ENTRADA;Venda;Venda #685939;24;Pix
2024-07-04T16:02:00.000Z;ENTRADA;Venda;Venda #685939;90;Pix
2024-07-03T22:45:00.000Z;ENTRADA;Venda;Venda #685939;85;Pix
2024-07-03T22:25:00.000Z;ENTRADA;Venda;Venda #685939;8;Pix
2024-07-03T22:21:00.000Z;ENTRADA;Venda;Venda #685939;240;Pix
2024-07-03T21:44:00.000Z;ENTRADA;Venda;Venda #685939;8;Pix
2024-07-03T21:34:00.000Z;ENTRADA;Venda;Venda #685939;8;Pix
2024-07-03T20:36:00.000Z;ENTRADA;Venda;Venda #685939;360;Pix
2024-07-03T20:12:00.000Z;ENTRADA;Venda;Venda #685939;120;Pix
2024-07-03T19:45:00.000Z;ENTRADA;Venda;Venda #685939;24;Pix
2024-07-03T19:31:00.000Z;ENTRADA;Venda;Venda #685939;135;Pix
2024-07-03T19:08:00.000Z;ENTRADA;Venda;Venda #685939;45;Pix
2024-07-03T19:00:00.000Z;ENTRADA;Venda;Venda #685939;16;Pix
2024-07-03T17:22:00.000Z;ENTRADA;Venda;Venda #685939;120;Pix
2024-07-03T16:49:00.000Z;ENTRADA;Venda;Venda #685939;120;Pix
2024-07-03T15:18:00.000Z;ENTRADA;Venda;Venda #685939;16;Pix
2024-07-03T03:00:00.000Z;SAÍDA;DESPESAS OPERACIONAIS;Compra de Insumos Reposição;-2151.035891445687;Dinheiro/Banco
2024-07-02T21:28:00.000Z;ENTRADA;Venda;Venda #685939;45;Pix
2024-07-02T19:05:00.000Z;ENTRADA;Venda;Venda #685939;240;Pix
2024-07-02T16:20:00.000Z;ENTRADA;Venda;Venda #685939;240;Pix
2024-07-02T16:09:00.000Z;ENTRADA;Venda;Venda #685939;240;Pix
2024-07-02T15:29:00.000Z;ENTRADA;Venda;Venda #685939;255;Pix
2024-07-02T15:12:00.000Z;ENTRADA;Venda;Venda #685939;90;Pix
2024-07-01T22:38:00.000Z;ENTRADA;Venda;Venda #685939;8;Pix
2024-07-01T22:33:00.000Z;ENTRADA;Venda;Venda #685939;360;Pix
2024-07-01T22:03:00.000Z;ENTRADA;Venda;Venda #685939;45;Pix
2024-07-01T21:36:00.000Z;ENTRADA;Venda;Venda #685939;24;Pix
2024-07-01T20:09:00.000Z;ENTRADA;Venda;Venda #685939;170;Pix
2024-07-01T20:08:00.000Z;ENTRADA;Venda;Venda #685939;170;Pix
2024-07-01T18:49:00.000Z;ENTRADA;Venda;Venda #685939;120;Pix
2024-07-01T18:38:00.000Z;ENTRADA;Venda;Venda #685939;135;Pix
2024-07-01T16:42:00.000Z;ENTRADA;Venda;Venda #685939;8;Pix
2024-07-01T16:18:00.000Z;ENTRADA;Venda;Venda #685939;360;Pix
2024-06-30T03:00:00.000Z;SAÍDA;DESPESAS OPERACIONAIS;Compra de Insumos Reposição;-2266.312777899759;Dinheiro/Banco
2024-06-28T21:16:00.000Z;ENTRADA;Venda;Venda #685939;120;Pix
2024-06-28T19:09:00.000Z;ENTRADA;Venda;Venda #685939;135;Pix
2024-06-28T18:31:00.000Z;ENTRADA;Venda;Venda #685939;360;Pix
2024-06-28T17:17:00.000Z;ENTRADA;Venda;Venda #685939;240;Pix
2024-06-28T15:41:00.000Z;ENTRADA;Venda;Venda #685939;240;Pix
2024-06-27T22:37:00.000Z;ENTRADA;Venda;Venda #685939;120;Pix
2024-06-27T22:18:00.000Z;ENTRADA;Venda;Venda #685939;8;Pix
2024-06-27T21:28:00.000Z;ENTRADA;Venda;Venda #685939;90;Pix
2024-06-27T20:50:00.000Z;ENTRADA;Venda;Venda #685939;135;Pix
2024-06-27T20:28:00.000Z;ENTRADA;Venda;Venda #685939;16;Pix
2024-06-27T20:24:00.000Z;ENTRADA;Venda;Venda #685939;135;Pix
2024-06-27T20:12:00.000Z;ENTRADA;Venda;Venda #685939;360;Pix
2024-06-27T19:18:00.000Z;ENTRADA;Venda;Venda #685939;45;Pix
2024-06-27T17:31:00.000Z;ENTRADA;Venda;Venda #685939;85;Pix
2024-06-27T15:23:00.000Z;ENTRADA;Venda;Venda #685939;85;Pix
2024-06-27T03:00:00.000Z;SAÍDA;DESPESAS OPERACIONAIS;Compra de Insumos Reposição;-1729.3559635815586;Dinheiro/Banco
2024-06-26T22:39:00.000Z;ENTRADA;Venda;Venda #685939;240;Pix
2024-06-26T22:35:00.000Z;ENTRADA;Venda;Venda #685939;135;Pix
2024-06-26T21:37:00.000Z;ENTRADA;Venda;Venda #685939;16;Pix
2024-06-26T20:57:00.000Z;ENTRADA;Venda;Venda #685939;8;Pix
2024-06-26T20:46:00.000Z;ENTRADA;Venda;Venda #685939;240;Pix
2024-06-26T20:12:00.000Z;ENTRADA;Venda;Venda #685939;45;Pix
2024-06-26T20:11:00.000Z;ENTRADA;Venda;Venda #685939;240;Pix
2024-06-26T20:05:00.000Z;ENTRADA;Venda;Venda #685939;45;Pix
2024-06-26T16:33:00.000Z;ENTRADA;Venda;Venda #685939;135;Pix
2024-06-25T20:36:00.000Z;ENTRADA;Venda;Venda #685939;85;Pix
2024-06-25T20:16:00.000Z;ENTRADA;Venda;Venda #685939;360;Pix
2024-06-25T20:13:00.000Z;ENTRADA;Venda;Venda #685939;16;Pix
2024-06-25T17:03:00.000Z;ENTRADA;Venda;Venda #685939;85;Pix
2024-06-25T15:49:00.000Z;ENTRADA;Venda;Venda #685939;135;Pix
2024-06-25T15:41:00.000Z;ENTRADA;Venda;Venda #685939;90;Pix
2024-06-25T15:32:00.000Z;ENTRADA;Venda;Venda #685939;360;Pix
2024-06-24T22:33:00.000Z;ENTRADA;Venda;Venda #685938;8;Pix
2024-06-24T22:14:00.000Z;ENTRADA;Venda;Venda #685938;170;Pix
2024-06-24T21:56:00.000Z;ENTRADA;Venda;Venda #685938;135;Pix
2024-06-24T21:51:00.000Z;ENTRADA;Venda;Venda #685938;255;Pix
2024-06-24T19:36:00.000Z;ENTRADA;Venda;Venda #685938;90;Pix
2024-06-24T17:21:00.000Z;ENTRADA;Venda;Venda #685938;255;Pix
2024-06-24T16:46:00.000Z;ENTRADA;Venda;Venda #685938;24;Pix
2024-06-24T15:49:00.000Z;ENTRADA;Venda;Venda #685938;240;Pix
2024-06-24T03:00:00.000Z;SAÍDA;DESPESAS OPERACIONAIS;Compra de Insumos Reposição;-2463.2121970812186;Dinheiro/Banco
2024-06-21T22:47:00.000Z;ENTRADA;Venda;Venda #685938;135;Pix
2024-06-21T22:36:00.000Z;ENTRADA;Venda;Venda #685938;85;Pix
2024-06-21T22:20:00.000Z;ENTRADA;Venda;Venda #685938;90;Pix
2024-06-21T20:54:00.000Z;ENTRADA;Venda;Venda #685938;45;Pix
2024-06-21T20:50:00.000Z;ENTRADA;Venda;Venda #685938;240;Pix
2024-06-21T18:25:00.000Z;ENTRADA;Venda;Venda #685938;90;Pix
2024-06-21T17:03:00.000Z;ENTRADA;Venda;Venda #685938;24;Pix
2024-06-21T16:47:00.000Z;ENTRADA;Venda;Venda #685938;85;Pix
2024-06-21T15:47:00.000Z;ENTRADA;Venda;Venda #685938;85;Pix
2024-06-21T15:46:00.000Z;ENTRADA;Venda;Venda #685938;255;Pix
2024-06-21T15:28:00.000Z;ENTRADA;Venda;Venda #685938;24;Pix
2024-06-21T03:00:00.000Z;SAÍDA;DESPESAS OPERACIONAIS;Compra de Insumos Reposição;-2020.4292922357545;Dinheiro/Banco
2024-06-20T22:51:00.000Z;ENTRADA;Venda;Venda #685938;170;Pix
2024-06-20T19:08:00.000Z;ENTRADA;Venda;Venda #685938;45;Pix
2024-06-20T18:53:00.000Z;ENTRADA;Venda;Venda #685938;85;Pix
2024-06-20T18:24:00.000Z;ENTRADA;Venda;Venda #685938;45;Pix
2024-06-20T17:47:00.000Z;ENTRADA;Venda;Venda #685938;240;Pix
2024-06-20T17:06:00.000Z;ENTRADA;Venda;Venda #685938;120;Pix
2024-06-20T17:01:00.000Z;ENTRADA;Venda;Venda #685938;120;Pix
2024-06-20T16:10:00.000Z;ENTRADA;Venda;Venda #685938;240;Pix
2024-06-20T15:18:00.000Z;ENTRADA;Venda;Venda #685938;24;Pix
2024-06-20T15:12:00.000Z;ENTRADA;Venda;Venda #685938;45;Pix
2024-06-19T21:02:00.000Z;ENTRADA;Venda;Venda #685938;8;Pix
2024-06-19T20:57:00.000Z;ENTRADA;Venda;Venda #685938;45;Pix
2024-06-19T19:57:00.000Z;ENTRADA;Venda;Venda #685938;24;Pix
2024-06-19T19:45:00.000Z;ENTRADA;Venda;Venda #685938;170;Pix
2024-06-19T19:32:00.000Z;ENTRADA;Venda;Venda #685938;90;Pix
2024-06-19T19:26:00.000Z;ENTRADA;Venda;Venda #685938;16;Pix
2024-06-19T18:48:00.000Z;ENTRADA;Venda;Venda #685938;255;Pix
2024-06-19T17:25:00.000Z;ENTRADA;Venda;Venda #685938;85;Pix
2024-06-19T16:19:00.000Z;ENTRADA;Venda;Venda #685938;360;Pix
2024-06-19T15:34:00.000Z;ENTRADA;Venda;Venda #685938;120;Pix
2024-06-18T21:48:00.000Z;ENTRADA;Venda;Venda #685938;90;Pix
2024-06-18T20:38:00.000Z;ENTRADA;Venda;Venda #685938;24;Pix
2024-06-18T20:37:00.000Z;ENTRADA;Venda;Venda #685938;85;Pix
2024-06-18T20:05:00.000Z;ENTRADA;Venda;Venda #685938;24;Pix
2024-06-18T19:52:00.000Z;ENTRADA;Venda;Venda #685938;85;Pix
2024-06-18T19:29:00.000Z;ENTRADA;Venda;Venda #685938;24;Pix
2024-06-18T19:19:00.000Z;ENTRADA;Venda;Venda #685938;240;Pix
2024-06-18T19:00:00.000Z;ENTRADA;Venda;Venda #685938;120;Pix
2024-06-18T18:43:00.000Z;ENTRADA;Venda;Venda #685938;16;Pix
2024-06-18T17:50:00.000Z;ENTRADA;Venda;Venda #685938;45;Pix
2024-06-18T17:48:00.000Z;ENTRADA;Venda;Venda #685938;8;Pix
2024-06-18T17:34:00.000Z;ENTRADA;Venda;Venda #685938;90;Pix
2024-06-18T16:09:00.000Z;ENTRADA;Venda;Venda #685938;360;Pix
2024-06-18T16:06:00.000Z;ENTRADA;Venda;Venda #685938;85;Pix
2024-06-18T03:00:00.000Z;SAÍDA;DESPESAS OPERACIONAIS;Compra de Insumos Reposição;-2466.2951411590984;Dinheiro/Banco
2024-06-17T22:55:00.000Z;ENTRADA;Venda;Venda #685938;170;Pix
2024-06-17T21:18:00.000Z;ENTRADA;Venda;Venda #685938;16;Pix
2024-06-17T20:09:00.000Z;ENTRADA;Venda;Venda #685938;85;Pix
2024-06-17T19:32:00.000Z;ENTRADA;Venda;Venda #685938;16;Pix
2024-06-17T18:56:00.000Z;ENTRADA;Venda;Venda #685938;120;Pix
2024-06-17T17:49:00.000Z;ENTRADA;Venda;Venda #685938;255;Pix
2024-06-17T17:04:00.000Z;ENTRADA;Venda;Venda #685938;45;Pix
2024-06-17T16:43:00.000Z;ENTRADA;Venda;Venda #685938;24;Pix
2024-06-17T15:10:00.000Z;ENTRADA;Venda;Venda #685938;360;Pix
2024-06-15T03:00:00.000Z;SAÍDA;DESPESAS OPERACIONAIS;Compra de Insumos Reposição;-2309.0812976991137;Dinheiro/Banco
2024-06-14T22:42:00.000Z;ENTRADA;Venda;Venda #685938;360;Pix
2024-06-14T21:48:00.000Z;ENTRADA;Venda;Venda #685938;24;Pix
2024-06-14T20:42:00.000Z;ENTRADA;Venda;Venda #685938;135;Pix
2024-06-14T19:08:00.000Z;ENTRADA;Venda;Venda #685938;24;Pix
2024-06-14T18:12:00.000Z;ENTRADA;Venda;Venda #685938;24;Pix
2024-06-14T18:04:00.000Z;ENTRADA;Venda;Venda #685938;16;Pix
2024-06-14T17:29:00.000Z;ENTRADA;Venda;Venda #685938;135;Pix
2024-06-14T17:18:00.000Z;ENTRADA;Venda;Venda #685938;255;Pix
2024-06-14T17:09:00.000Z;ENTRADA;Venda;Venda #685938;8;Pix
2024-06-14T16:54:00.000Z;ENTRADA;Venda;Venda #685938;16;Pix
2024-06-14T16:51:00.000Z;ENTRADA;Venda;Venda #685938;255;Pix
2024-06-14T16:24:00.000Z;ENTRADA;Venda;Venda #685938;16;Pix
2024-06-14T15:54:00.000Z;ENTRADA;Venda;Venda #685938;24;Pix
2024-06-13T22:07:00.000Z;ENTRADA;Venda;Venda #685938;16;Pix
2024-06-13T21:45:00.000Z;ENTRADA;Venda;Venda #685938;85;Pix
2024-06-13T21:04:00.000Z;ENTRADA;Venda;Venda #685938;240;Pix
2024-06-13T20:42:00.000Z;ENTRADA;Venda;Venda #685938;8;Pix
2024-06-13T20:17:00.000Z;ENTRADA;Venda;Venda #685938;24;Pix
2024-06-13T20:14:00.000Z;ENTRADA;Venda;Venda #685938;240;Pix
2024-06-13T18:15:00.000Z;ENTRADA;Venda;Venda #685938;85;Pix
2024-06-13T18:07:00.000Z;ENTRADA;Venda;Venda #685938;85;Pix
2024-06-13T17:52:00.000Z;ENTRADA;Venda;Venda #685938;120;Pix
2024-06-13T16:20:00.000Z;ENTRADA;Venda;Venda #685938;45;Pix
2024-06-13T15:40:00.000Z;ENTRADA;Venda;Venda #685938;255;Pix
2024-06-12T22:40:00.000Z;ENTRADA;Venda;Venda #685938;135;Pix
2024-06-12T19:27:00.000Z;ENTRADA;Venda;Venda #685938;255;Pix
2024-06-12T19:27:00.000Z;ENTRADA;Venda;Venda #685938;45;Pix
2024-06-12T19:24:00.000Z;ENTRADA;Venda;Venda #685938;16;Pix
2024-06-12T18:56:00.000Z;ENTRADA;Venda;Venda #685938;360;Pix
2024-06-12T17:14:00.000Z;ENTRADA;Venda;Venda #685938;360;Pix
2024-06-12T15:43:00.000Z;ENTRADA;Venda;Venda #685938;85;Pix
2024-06-12T03:00:00.000Z;SAÍDA;DESPESAS OPERACIONAIS;Compra de Insumos Reposição;-1822.1520952277792;Dinheiro/Banco
2024-06-11T20:56:00.000Z;ENTRADA;Venda;Venda #685938;360;Pix
2024-06-11T20:37:00.000Z;ENTRADA;Venda;Venda #685938;16;Pix
2024-06-11T20:16:00.000Z;ENTRADA;Venda;Venda #685938;24;Pix
2024-06-11T19:20:00.000Z;ENTRADA;Venda;Venda #685938;360;Pix
2024-06-11T18:38:00.000Z;ENTRADA;Venda;Venda #685938;85;Pix
2024-06-11T18:07:00.000Z;ENTRADA;Venda;Venda #685938;135;Pix
2024-06-11T17:28:00.000Z;ENTRADA;Venda;Venda #685938;85;Pix
2024-06-11T16:11:00.000Z;ENTRADA;Venda;Venda #685938;255;Pix
2024-06-10T21:40:00.000Z;ENTRADA;Venda;Venda #685938;240;Pix
2024-06-10T21:38:00.000Z;ENTRADA;Venda;Venda #685938;255;Pix
2024-06-10T21:03:00.000Z;ENTRADA;Venda;Venda #685938;360;Pix
2024-06-10T17:46:00.000Z;ENTRADA;Venda;Venda #685938;360;Pix
2024-06-10T16:33:00.000Z;ENTRADA;Venda;Venda #685938;16;Pix
2024-06-10T16:08:00.000Z;ENTRADA;Venda;Venda #685938;8;Pix
2024-06-09T03:00:00.000Z;SAÍDA;DESPESAS OPERACIONAIS;Compra de Insumos Reposição;-2162.824459850527;Dinheiro/Banco
2024-06-07T20:23:00.000Z;ENTRADA;Venda;Venda #685938;16;Pix
2024-06-07T19:45:00.000Z;ENTRADA;Venda;Venda #685938;120;Pix
2024-06-07T19:35:00.000Z;ENTRADA;Venda;Venda #685938;170;Pix
2024-06-07T19:17:00.000Z;ENTRADA;Venda;Venda #685938;16;Pix
2024-06-07T19:12:00.000Z;ENTRADA;Venda;Venda #685938;255;Pix
2024-06-07T18:55:00.000Z;ENTRADA;Venda;Venda #685938;360;Pix
2024-06-07T17:42:00.000Z;ENTRADA;Venda;Venda #685938;120;Pix
2024-06-07T16:20:00.000Z;ENTRADA;Venda;Venda #685938;24;Pix
2024-06-06T22:38:00.000Z;ENTRADA;Venda;Venda #685938;24;Pix
2024-06-06T20:21:00.000Z;ENTRADA;Venda;Venda #685938;360;Pix
2024-06-06T18:41:00.000Z;ENTRADA;Venda;Venda #685938;255;Pix
2024-06-06T18:39:00.000Z;ENTRADA;Venda;Venda #685938;16;Pix
2024-06-06T17:23:00.000Z;ENTRADA;Venda;Venda #685938;170;Pix
2024-06-06T17:15:00.000Z;ENTRADA;Venda;Venda #685938;170;Pix
2024-06-06T15:49:00.000Z;ENTRADA;Venda;Venda #685938;8;Pix
2024-06-06T15:39:00.000Z;ENTRADA;Venda;Venda #685938;90;Pix
2024-06-06T15:04:00.000Z;ENTRADA;Venda;Venda #685938;120;Pix
2024-06-06T15:00:00.000Z;ENTRADA;Venda;Venda #685938;24;Pix
2024-06-06T03:00:00.000Z;SAÍDA;DESPESAS OPERACIONAIS;Compra de Insumos Reposição;-2134.897127231093;Dinheiro/Banco
2024-06-05T21:40:00.000Z;ENTRADA;Venda;Venda #685938;8;Pix
2024-06-05T20:43:00.000Z;ENTRADA;Venda;Venda #685938;16;Pix
2024-06-05T20:36:00.000Z;ENTRADA;Venda;Venda #685938;24;Pix
2024-06-05T19:49:00.000Z;ENTRADA;Venda;Venda #685938;360;Pix
2024-06-05T19:28:00.000Z;ENTRADA;Venda;Venda #685938;170;Pix
2024-06-05T19:01:00.000Z;ENTRADA;Venda;Venda #685938;360;Pix
2024-06-05T18:47:00.000Z;ENTRADA;Venda;Venda #685938;170;Pix
2024-06-05T16:21:00.000Z;ENTRADA;Venda;Venda #685938;120;Pix
2024-06-05T15:35:00.000Z;ENTRADA;Venda;Venda #685938;170;Pix
2024-06-04T22:57:00.000Z;ENTRADA;Venda;Venda #685938;24;Pix
2024-06-04T21:24:00.000Z;ENTRADA;Venda;Venda #685938;360;Pix
2024-06-04T20:57:00.000Z;ENTRADA;Venda;Venda #685938;90;Pix
2024-06-04T18:46:00.000Z;ENTRADA;Venda;Venda #685938;170;Pix
2024-06-04T18:24:00.000Z;ENTRADA;Venda;Venda #685938;8;Pix
2024-06-04T17:31:00.000Z;ENTRADA;Venda;Venda #685938;255;Pix
2024-06-04T17:23:00.000Z;ENTRADA;Venda;Venda #685938;16;Pix
2024-06-04T16:47:00.000Z;ENTRADA;Venda;Venda #685938;135;Pix
2024-06-04T16:31:00.000Z;ENTRADA;Venda;Venda #685938;24;Pix
2024-06-04T15:19:00.000Z;ENTRADA;Venda;Venda #685938;85;Pix
2024-06-03T22:45:00.000Z;ENTRADA;Venda;Venda #685938;45;Pix
2024-06-03T21:39:00.000Z;ENTRADA;Venda;Venda #685938;8;Pix
2024-06-03T21:38:00.000Z;ENTRADA;Venda;Venda #685938;24;Pix
2024-06-03T21:25:00.000Z;ENTRADA;Venda;Venda #685938;24;Pix
2024-06-03T21:22:00.000Z;ENTRADA;Venda;Venda #685938;24;Pix
2024-06-03T19:33:00.000Z;ENTRADA;Venda;Venda #685938;120;Pix
2024-06-03T19:18:00.000Z;ENTRADA;Venda;Venda #685938;255;Pix
2024-06-03T18:45:00.000Z;ENTRADA;Venda;Venda #685938;16;Pix
2024-06-03T18:37:00.000Z;ENTRADA;Venda;Venda #685938;240;Pix
2024-06-03T16:50:00.000Z;ENTRADA;Venda;Venda #685938;45;Pix
2024-06-03T16:38:00.000Z;ENTRADA;Venda;Venda #685938;135;Pix
2024-06-03T16:05:00.000Z;ENTRADA;Venda;Venda #685938;85;Pix
2024-06-03T15:55:00.000Z;ENTRADA;Venda;Venda #685938;24;Pix
2024-06-03T15:50:00.000Z;ENTRADA;Venda;Venda #685938;135;Pix
2024-06-03T15:29:00.000Z;ENTRADA;Venda;Venda #685938;24;Pix
2024-06-03T03:00:00.000Z;SAÍDA;DESPESAS OPERACIONAIS;Compra de Insumos Reposição;-2163.570261151526;Dinheiro/Banco
2024-05-31T22:46:00.000Z;ENTRADA;Venda;Venda #685938;16;Pix
2024-05-31T20:11:00.000Z;ENTRADA;Venda;Venda #685938;170;Pix
2024-05-31T18:14:00.000Z;ENTRADA;Venda;Venda #685938;255;Pix
2024-05-31T18:04:00.000Z;ENTRADA;Venda;Venda #685938;90;Pix
2024-05-31T17:11:00.000Z;ENTRADA;Venda;Venda #685938;360;Pix
2024-05-31T17:02:00.000Z;ENTRADA;Venda;Venda #685938;240;Pix
2024-05-31T16:43:00.000Z;ENTRADA;Venda;Venda #685938;240;Pix
2024-05-31T15:22:00.000Z;ENTRADA;Venda;Venda #685938;45;Pix
2024-05-30T21:54:00.000Z;ENTRADA;Venda;Venda #685938;170;Pix
2024-05-30T19:49:00.000Z;ENTRADA;Venda;Venda #685938;8;Pix
2024-05-30T19:48:00.000Z;ENTRADA;Venda;Venda #685938;120;Pix
2024-05-30T19:35:00.000Z;ENTRADA;Venda;Venda #685938;170;Pix
2024-05-30T19:12:00.000Z;ENTRADA;Venda;Venda #685938;170;Pix
2024-05-30T18:42:00.000Z;ENTRADA;Venda;Venda #685938;170;Pix
2024-05-30T18:17:00.000Z;ENTRADA;Venda;Venda #685938;16;Pix
2024-05-30T18:09:00.000Z;ENTRADA;Venda;Venda #685938;135;Pix
2024-05-30T16:11:00.000Z;ENTRADA;Venda;Venda #685938;24;Pix
2024-05-30T15:21:00.000Z;ENTRADA;Venda;Venda #685938;240;Pix
2024-05-30T03:00:00.000Z;SAÍDA;DESPESAS OPERACIONAIS;Compra de Insumos Reposição;-1641.4037624924993;Dinheiro/Banco
2024-05-29T22:50:00.000Z;ENTRADA;Venda;Venda #685938;135;Pix
2024-05-29T22:39:00.000Z;ENTRADA;Venda;Venda #685938;120;Pix
2024-05-29T21:20:00.000Z;ENTRADA;Venda;Venda #685938;90;Pix
2024-05-29T20:34:00.000Z;ENTRADA;Venda;Venda #685938;16;Pix
2024-05-29T19:16:00.000Z;ENTRADA;Venda;Venda #685938;255;Pix
2024-05-29T19:10:00.000Z;ENTRADA;Venda;Venda #685938;16;Pix
2024-05-29T18:41:00.000Z;ENTRADA;Venda;Venda #685938;135;Pix
2024-05-29T18:06:00.000Z;ENTRADA;Venda;Venda #685938;360;Pix
2024-05-28T22:34:00.000Z;ENTRADA;Venda;Venda #685938;170;Pix
2024-05-28T21:43:00.000Z;ENTRADA;Venda;Venda #685938;135;Pix
2024-05-28T21:35:00.000Z;ENTRADA;Venda;Venda #685938;16;Pix
2024-05-28T20:51:00.000Z;ENTRADA;Venda;Venda #685938;135;Pix
2024-05-28T20:24:00.000Z;ENTRADA;Venda;Venda #685938;170;Pix
2024-05-28T19:01:00.000Z;ENTRADA;Venda;Venda #685938;24;Pix
2024-05-28T18:37:00.000Z;ENTRADA;Venda;Venda #685938;16;Pix
2024-05-28T18:10:00.000Z;ENTRADA;Venda;Venda #685938;45;Pix
2024-05-28T17:33:00.000Z;ENTRADA;Venda;Venda #685938;120;Pix
2024-05-28T16:07:00.000Z;ENTRADA;Venda;Venda #685938;90;Pix
2024-05-28T15:36:00.000Z;ENTRADA;Venda;Venda #685938;135;Pix
2024-05-28T15:29:00.000Z;ENTRADA;Venda;Venda #685938;16;Pix
2024-05-27T22:52:00.000Z;ENTRADA;Venda;Venda #685938;8;Pix
2024-05-27T22:39:00.000Z;ENTRADA;Venda;Venda #685938;8;Pix
2024-05-27T22:28:00.000Z;ENTRADA;Venda;Venda #685938;8;Pix
2024-05-27T21:44:00.000Z;ENTRADA;Venda;Venda #685938;16;Pix
2024-05-27T21:02:00.000Z;ENTRADA;Venda;Venda #685938;360;Pix
2024-05-27T20:20:00.000Z;ENTRADA;Venda;Venda #685938;360;Pix
2024-05-27T18:44:00.000Z;ENTRADA;Venda;Venda #685938;240;Pix
2024-05-27T17:12:00.000Z;ENTRADA;Venda;Venda #685938;90;Pix
2024-05-27T17:06:00.000Z;ENTRADA;Venda;Venda #685938;8;Pix
2024-05-27T16:20:00.000Z;ENTRADA;Venda;Venda #685938;8;Pix
2024-05-27T16:12:00.000Z;ENTRADA;Venda;Venda #685938;8;Pix
2024-05-27T15:00:00.000Z;ENTRADA;Venda;Venda #685938;135;Pix
2024-05-27T03:00:00.000Z;SAÍDA;DESPESAS OPERACIONAIS;Compra de Insumos Reposição;-2204.8672896228427;Dinheiro/Banco
2024-05-24T20:18:00.000Z;ENTRADA;Venda;Venda #685938;90;Pix
2024-05-24T20:11:00.000Z;ENTRADA;Venda;Venda #685938;255;Pix
2024-05-24T19:49:00.000Z;ENTRADA;Venda;Venda #685938;360;Pix
2024-05-24T19:29:00.000Z;ENTRADA;Venda;Venda #685938;85;Pix
2024-05-24T18:24:00.000Z;ENTRADA;Venda;Venda #685938;170;Pix
2024-05-24T18:00:00.000Z;ENTRADA;Venda;Venda #685938;360;Pix
2024-05-24T15:04:00.000Z;ENTRADA;Venda;Venda #685938;8;Pix
2024-05-24T03:00:00.000Z;SAÍDA;DESPESAS OPERACIONAIS;Compra de Insumos Reposição;-1986.432845521972;Dinheiro/Banco
2024-05-23T22:19:00.000Z;ENTRADA;Venda;Venda #685938;8;Pix
2024-05-23T20:56:00.000Z;ENTRADA;Venda;Venda #685938;360;Pix
2024-05-23T20:37:00.000Z;ENTRADA;Venda;Venda #685938;255;Pix
2024-05-23T18:58:00.000Z;ENTRADA;Venda;Venda #685938;120;Pix
2024-05-23T17:04:00.000Z;ENTRADA;Venda;Venda #685938;240;Pix
2024-05-23T15:57:00.000Z;ENTRADA;Venda;Venda #685938;255;Pix
2024-05-22T22:24:00.000Z;ENTRADA;Venda;Venda #685938;90;Pix
2024-05-22T22:18:00.000Z;ENTRADA;Venda;Venda #685938;135;Pix
2024-05-22T21:41:00.000Z;ENTRADA;Venda;Venda #685938;24;Pix
2024-05-22T20:47:00.000Z;ENTRADA;Venda;Venda #685938;24;Pix
2024-05-22T20:40:00.000Z;ENTRADA;Venda;Venda #685938;360;Pix
2024-05-22T19:46:00.000Z;ENTRADA;Venda;Venda #685938;120;Pix
2024-05-22T18:15:00.000Z;ENTRADA;Venda;Venda #685938;90;Pix
2024-05-22T17:21:00.000Z;ENTRADA;Venda;Venda #685938;240;Pix
2024-05-21T22:55:00.000Z;ENTRADA;Venda;Venda #685938;255;Pix
2024-05-21T22:05:00.000Z;ENTRADA;Venda;Venda #685938;255;Pix
2024-05-21T21:22:00.000Z;ENTRADA;Venda;Venda #685938;240;Pix
2024-05-21T21:13:00.000Z;ENTRADA;Venda;Venda #685938;8;Pix
2024-05-21T19:30:00.000Z;ENTRADA;Venda;Venda #685938;16;Pix
2024-05-21T18:27:00.000Z;ENTRADA;Venda;Venda #685938;120;Pix
2024-05-21T17:02:00.000Z;ENTRADA;Venda;Venda #685938;16;Pix
2024-05-21T16:36:00.000Z;ENTRADA;Venda;Venda #685938;240;Pix
2024-05-21T15:33:00.000Z;ENTRADA;Venda;Venda #685938;24;Pix
2024-05-21T15:08:00.000Z;ENTRADA;Venda;Venda #685938;135;Pix
2024-05-21T03:00:00.000Z;SAÍDA;DESPESAS OPERACIONAIS;Compra de Insumos Reposição;-1931.811756787279;Dinheiro/Banco
2024-05-20T22:41:00.000Z;ENTRADA;Venda;Venda #685938;255;Pix
2024-05-20T22:15:00.000Z;ENTRADA;Venda;Venda #685938;85;Pix
2024-05-20T21:25:00.000Z;ENTRADA;Venda;Venda #685938;45;Pix
2024-05-20T20:54:00.000Z;ENTRADA;Venda;Venda #685938;120;Pix
2024-05-20T20:43:00.000Z;ENTRADA;Venda;Venda #685938;90;Pix
2024-05-20T19:50:00.000Z;ENTRADA;Venda;Venda #685938;85;Pix
2024-05-20T17:44:00.000Z;ENTRADA;Venda;Venda #685938;255;Pix
2024-05-20T16:41:00.000Z;ENTRADA;Venda;Venda #685938;8;Pix
2024-05-20T16:31:00.000Z;ENTRADA;Venda;Venda #685938;45;Pix
2024-05-20T15:34:00.000Z;ENTRADA;Venda;Venda #685938;8;Pix
2024-05-20T15:27:00.000Z;ENTRADA;Venda;Venda #685938;85;Pix
2024-05-18T03:00:00.000Z;SAÍDA;DESPESAS OPERACIONAIS;Compra de Insumos Reposição;-1910.8907048280334;Dinheiro/Banco
2024-05-17T22:25:00.000Z;ENTRADA;Venda;Venda #685938;90;Pix
2024-05-17T22:08:00.000Z;ENTRADA;Venda;Venda #685938;255;Pix
2024-05-17T20:41:00.000Z;ENTRADA;Venda;Venda #685938;16;Pix
2024-05-17T19:41:00.000Z;ENTRADA;Venda;Venda #685938;120;Pix
2024-05-17T18:56:00.000Z;ENTRADA;Venda;Venda #685938;240;Pix
2024-05-17T18:21:00.000Z;ENTRADA;Venda;Venda #685938;170;Pix
2024-05-17T18:08:00.000Z;ENTRADA;Venda;Venda #685938;8;Pix
2024-05-17T17:15:00.000Z;ENTRADA;Venda;Venda #685938;85;Pix
2024-05-17T15:40:00.000Z;ENTRADA;Venda;Venda #685938;170;Pix
2024-05-16T22:42:00.000Z;ENTRADA;Venda;Venda #685938;90;Pix
2024-05-16T21:10:00.000Z;ENTRADA;Venda;Venda #685938;90;Pix
2024-05-16T20:29:00.000Z;ENTRADA;Venda;Venda #685938;360;Pix
2024-05-16T20:26:00.000Z;ENTRADA;Venda;Venda #685938;85;Pix
2024-05-16T20:05:00.000Z;ENTRADA;Venda;Venda #685938;24;Pix
2024-05-16T19:25:00.000Z;ENTRADA;Venda;Venda #685938;90;Pix
2024-05-16T17:44:00.000Z;ENTRADA;Venda;Venda #685938;360;Pix
2024-05-16T15:01:00.000Z;ENTRADA;Venda;Venda #685938;240;Pix
2024-05-15T22:57:00.000Z;ENTRADA;Venda;Venda #685938;240;Pix
2024-05-15T21:05:00.000Z;ENTRADA;Venda;Venda #685938;16;Pix
2024-05-15T21:00:00.000Z;ENTRADA;Venda;Venda #685938;360;Pix
2024-05-15T20:56:00.000Z;ENTRADA;Venda;Venda #685938;90;Pix
2024-05-15T20:08:00.000Z;ENTRADA;Venda;Venda #685938;135;Pix
2024-05-15T19:28:00.000Z;ENTRADA;Venda;Venda #685938;45;Pix
2024-05-15T18:50:00.000Z;ENTRADA;Venda;Venda #685938;135;Pix
2024-05-15T17:09:00.000Z;ENTRADA;Venda;Venda #685938;120;Pix
2024-05-15T15:28:00.000Z;ENTRADA;Venda;Venda #685938;85;Pix
2024-05-15T03:00:00.000Z;SAÍDA;DESPESAS OPERACIONAIS;Compra de Insumos Reposição;-2051.966870630427;Dinheiro/Banco
2024-05-14T21:43:00.000Z;ENTRADA;Venda;Venda #685937;85;Pix
2024-05-14T21:24:00.000Z;ENTRADA;Venda;Venda #685937;16;Pix
2024-05-14T20:44:00.000Z;ENTRADA;Venda;Venda #685937;16;Pix
2024-05-14T20:00:00.000Z;ENTRADA;Venda;Venda #685937;360;Pix
2024-05-14T19:11:00.000Z;ENTRADA;Venda;Venda #685937;45;Pix
2024-05-14T18:31:00.000Z;ENTRADA;Venda;Venda #685937;90;Pix
2024-05-14T16:41:00.000Z;ENTRADA;Venda;Venda #685937;90;Pix
2024-05-14T16:31:00.000Z;ENTRADA;Venda;Venda #685937;45;Pix
2024-05-14T16:31:00.000Z;ENTRADA;Venda;Venda #685937;120;Pix
2024-05-14T16:25:00.000Z;ENTRADA;Venda;Venda #685937;24;Pix
2024-05-14T16:21:00.000Z;ENTRADA;Venda;Venda #685937;240;Pix
2024-05-14T16:12:00.000Z;ENTRADA;Venda;Venda #685937;45;Pix
2024-05-13T22:31:00.000Z;ENTRADA;Venda;Venda #685937;170;Pix
2024-05-13T21:23:00.000Z;ENTRADA;Venda;Venda #685937;120;Pix
2024-05-13T20:50:00.000Z;ENTRADA;Venda;Venda #685937;360;Pix
2024-05-13T18:20:00.000Z;ENTRADA;Venda;Venda #685937;255;Pix
2024-05-13T18:01:00.000Z;ENTRADA;Venda;Venda #685937;255;Pix
2024-05-12T03:00:00.000Z;SAÍDA;DESPESAS OPERACIONAIS;Compra de Insumos Reposição;-1629.916878914862;Dinheiro/Banco
2024-05-10T21:40:00.000Z;ENTRADA;Venda;Venda #685937;16;Pix
2024-05-10T21:38:00.000Z;ENTRADA;Venda;Venda #685937;240;Pix
2024-05-10T19:18:00.000Z;ENTRADA;Venda;Venda #685937;45;Pix
2024-05-10T18:20:00.000Z;ENTRADA;Venda;Venda #685937;135;Pix
2024-05-10T17:50:00.000Z;ENTRADA;Venda;Venda #685937;45;Pix
2024-05-10T17:22:00.000Z;ENTRADA;Venda;Venda #685937;255;Pix
2024-05-10T16:29:00.000Z;ENTRADA;Venda;Venda #685937;85;Pix
2024-05-10T16:01:00.000Z;ENTRADA;Venda;Venda #685937;240;Pix
2024-05-10T15:02:00.000Z;ENTRADA;Venda;Venda #685937;24;Pix
2024-05-09T21:30:00.000Z;ENTRADA;Venda;Venda #685937;360;Pix
2024-05-09T18:19:00.000Z;ENTRADA;Venda;Venda #685937;170;Pix
2024-05-09T17:43:00.000Z;ENTRADA;Venda;Venda #685937;360;Pix
2024-05-09T17:24:00.000Z;ENTRADA;Venda;Venda #685937;135;Pix
2024-05-09T15:19:00.000Z;ENTRADA;Venda;Venda #685937;135;Pix
2024-05-09T03:00:00.000Z;SAÍDA;DESPESAS OPERACIONAIS;Compra de Insumos Reposição;-1878.4335171336695;Dinheiro/Banco
2024-05-08T21:56:00.000Z;ENTRADA;Venda;Venda #685937;255;Pix
2024-05-08T20:10:00.000Z;ENTRADA;Venda;Venda #685937;240;Pix
2024-05-08T18:40:00.000Z;ENTRADA;Venda;Venda #685937;255;Pix
2024-05-08T16:41:00.000Z;ENTRADA;Venda;Venda #685937;360;Pix
2024-05-07T22:40:00.000Z;ENTRADA;Venda;Venda #685937;24;Pix
2024-05-07T22:36:00.000Z;ENTRADA;Venda;Venda #685937;90;Pix
2024-05-07T21:34:00.000Z;ENTRADA;Venda;Venda #685937;90;Pix
2024-05-07T21:23:00.000Z;ENTRADA;Venda;Venda #685937;8;Pix
2024-05-07T18:30:00.000Z;ENTRADA;Venda;Venda #685937;90;Pix
2024-05-07T18:21:00.000Z;ENTRADA;Venda;Venda #685937;24;Pix
2024-05-07T17:51:00.000Z;ENTRADA;Venda;Venda #685937;120;Pix
2024-05-07T17:39:00.000Z;ENTRADA;Venda;Venda #685937;135;Pix
2024-05-07T16:41:00.000Z;ENTRADA;Venda;Venda #685937;85;Pix
2024-05-07T16:18:00.000Z;ENTRADA;Venda;Venda #685937;120;Pix
2024-05-07T15:43:00.000Z;ENTRADA;Venda;Venda #685937;90;Pix
2024-05-07T15:25:00.000Z;ENTRADA;Venda;Venda #685937;135;Pix
2024-05-07T15:13:00.000Z;ENTRADA;Venda;Venda #685937;85;Pix
2024-05-06T21:14:00.000Z;ENTRADA;Venda;Venda #685937;85;Pix
2024-05-06T20:38:00.000Z;ENTRADA;Venda;Venda #685937;85;Pix
2024-05-06T19:22:00.000Z;ENTRADA;Venda;Venda #685937;90;Pix
2024-05-06T17:14:00.000Z;ENTRADA;Venda;Venda #685937;240;Pix
2024-05-06T17:12:00.000Z;ENTRADA;Venda;Venda #685937;360;Pix
2024-05-06T16:52:00.000Z;ENTRADA;Venda;Venda #685937;120;Pix
2024-05-06T15:10:00.000Z;ENTRADA;Venda;Venda #685937;135;Pix
2024-05-06T03:00:00.000Z;SAÍDA;DESPESAS OPERACIONAIS;Compra de Insumos Reposição;-1986.5239892964166;Dinheiro/Banco
2024-05-03T22:51:00.000Z;ENTRADA;Venda;Venda #685937;360;Pix
2024-05-03T22:31:00.000Z;ENTRADA;Venda;Venda #685937;255;Pix
2024-05-03T20:50:00.000Z;ENTRADA;Venda;Venda #685937;170;Pix
2024-05-03T18:52:00.000Z;ENTRADA;Venda;Venda #685937;120;Pix
2024-05-03T17:48:00.000Z;ENTRADA;Venda;Venda #685937;16;Pix
2024-05-03T17:32:00.000Z;ENTRADA;Venda;Venda #685937;170;Pix
2024-05-03T17:03:00.000Z;ENTRADA;Venda;Venda #685937;16;Pix
2024-05-03T03:00:00.000Z;SAÍDA;DESPESAS OPERACIONAIS;Compra de Insumos Reposição;-2393.9259546039116;Dinheiro/Banco
2024-05-02T22:25:00.000Z;ENTRADA;Venda;Venda #685937;120;Pix
2024-05-02T20:51:00.000Z;ENTRADA;Venda;Venda #685937;85;Pix
2024-05-02T20:18:00.000Z;ENTRADA;Venda;Venda #685937;240;Pix
2024-05-02T19:45:00.000Z;ENTRADA;Venda;Venda #685937;8;Pix
2024-05-02T19:44:00.000Z;ENTRADA;Venda;Venda #685937;135;Pix
2024-05-02T18:55:00.000Z;ENTRADA;Venda;Venda #685937;360;Pix
2024-05-02T18:21:00.000Z;ENTRADA;Venda;Venda #685937;135;Pix
2024-05-02T17:23:00.000Z;ENTRADA;Venda;Venda #685937;45;Pix
2024-05-01T22:52:00.000Z;ENTRADA;Venda;Venda #685937;360;Pix
2024-05-01T22:35:00.000Z;ENTRADA;Venda;Venda #685937;255;Pix
2024-05-01T22:01:00.000Z;ENTRADA;Venda;Venda #685937;170;Pix
2024-05-01T21:31:00.000Z;ENTRADA;Venda;Venda #685937;8;Pix
2024-05-01T20:26:00.000Z;ENTRADA;Venda;Venda #685937;360;Pix
2024-05-01T19:10:00.000Z;ENTRADA;Venda;Venda #685937;24;Pix
2024-05-01T15:41:00.000Z;ENTRADA;Venda;Venda #685937;135;Pix
2024-04-30T21:11:00.000Z;ENTRADA;Venda;Venda #685937;360;Pix
2024-04-30T21:02:00.000Z;ENTRADA;Venda;Venda #685937;240;Pix
2024-04-30T20:23:00.000Z;ENTRADA;Venda;Venda #685937;170;Pix
2024-04-30T18:30:00.000Z;ENTRADA;Venda;Venda #685937;170;Pix
2024-04-30T17:48:00.000Z;ENTRADA;Venda;Venda #685937;120;Pix
2024-04-30T17:46:00.000Z;ENTRADA;Venda;Venda #685937;16;Pix
2024-04-30T17:32:00.000Z;ENTRADA;Venda;Venda #685937;120;Pix
2024-04-30T03:00:00.000Z;SAÍDA;DESPESAS OPERACIONAIS;Compra de Insumos Reposição;-1696.9845718993563;Dinheiro/Banco
2024-04-29T22:16:00.000Z;ENTRADA;Venda;Venda #685937;8;Pix
2024-04-29T22:05:00.000Z;ENTRADA;Venda;Venda #685937;90;Pix
2024-04-29T20:19:00.000Z;ENTRADA;Venda;Venda #685937;135;Pix
2024-04-29T20:03:00.000Z;ENTRADA;Venda;Venda #685937;360;Pix
2024-04-29T17:47:00.000Z;ENTRADA;Venda;Venda #685937;240;Pix
2024-04-29T17:29:00.000Z;ENTRADA;Venda;Venda #685937;24;Pix
2024-04-29T17:23:00.000Z;ENTRADA;Venda;Venda #685937;45;Pix
2024-04-29T16:50:00.000Z;ENTRADA;Venda;Venda #685937;24;Pix
2024-04-29T15:08:00.000Z;ENTRADA;Venda;Venda #685937;360;Pix
2024-04-27T03:00:00.000Z;SAÍDA;DESPESAS OPERACIONAIS;Compra de Insumos Reposição;-2279.516628308876;Dinheiro/Banco
2024-04-26T22:26:00.000Z;ENTRADA;Venda;Venda #685937;240;Pix
2024-04-26T21:46:00.000Z;ENTRADA;Venda;Venda #685937;240;Pix
2024-04-26T21:39:00.000Z;ENTRADA;Venda;Venda #685937;120;Pix
2024-04-26T20:16:00.000Z;ENTRADA;Venda;Venda #685937;24;Pix
2024-04-26T19:50:00.000Z;ENTRADA;Venda;Venda #685937;16;Pix
2024-04-26T19:27:00.000Z;ENTRADA;Venda;Venda #685937;255;Pix
2024-04-26T17:46:00.000Z;ENTRADA;Venda;Venda #685937;85;Pix
2024-04-26T17:26:00.000Z;ENTRADA;Venda;Venda #685937;24;Pix
2024-04-26T17:09:00.000Z;ENTRADA;Venda;Venda #685937;135;Pix
2024-04-25T19:54:00.000Z;ENTRADA;Venda;Venda #685937;16;Pix
2024-04-25T19:29:00.000Z;ENTRADA;Venda;Venda #685937;24;Pix
2024-04-25T18:58:00.000Z;ENTRADA;Venda;Venda #685937;360;Pix
2024-04-25T18:06:00.000Z;ENTRADA;Venda;Venda #685937;240;Pix
2024-04-25T17:57:00.000Z;ENTRADA;Venda;Venda #685937;85;Pix
2024-04-25T17:54:00.000Z;ENTRADA;Venda;Venda #685937;90;Pix
2024-04-25T15:57:00.000Z;ENTRADA;Venda;Venda #685937;90;Pix
2024-04-25T15:33:00.000Z;ENTRADA;Venda;Venda #685937;170;Pix
2024-04-24T22:25:00.000Z;ENTRADA;Venda;Venda #685937;170;Pix
2024-04-24T21:25:00.000Z;ENTRADA;Venda;Venda #685937;8;Pix
2024-04-24T20:58:00.000Z;ENTRADA;Venda;Venda #685937;8;Pix
2024-04-24T20:45:00.000Z;ENTRADA;Venda;Venda #685937;170;Pix
2024-04-24T20:05:00.000Z;ENTRADA;Venda;Venda #685937;360;Pix
2024-04-24T19:34:00.000Z;ENTRADA;Venda;Venda #685937;24;Pix
2024-04-24T16:54:00.000Z;ENTRADA;Venda;Venda #685937;24;Pix
2024-04-24T15:48:00.000Z;ENTRADA;Venda;Venda #685937;16;Pix
2024-04-24T15:41:00.000Z;ENTRADA;Venda;Venda #685937;45;Pix
2024-04-24T15:17:00.000Z;ENTRADA;Venda;Venda #685937;24;Pix
2024-04-24T15:08:00.000Z;ENTRADA;Venda;Venda #685937;135;Pix
2024-04-24T15:07:00.000Z;ENTRADA;Venda;Venda #685937;135;Pix
2024-04-24T03:00:00.000Z;SAÍDA;DESPESAS OPERACIONAIS;Compra de Insumos Reposição;-2174.578346285994;Dinheiro/Banco
2024-04-23T20:23:00.000Z;ENTRADA;Venda;Venda #685937;16;Pix
2024-04-23T20:22:00.000Z;ENTRADA;Venda;Venda #685937;360;Pix
2024-04-23T18:18:00.000Z;ENTRADA;Venda;Venda #685937;360;Pix
2024-04-23T16:12:00.000Z;ENTRADA;Venda;Venda #685937;85;Pix
2024-04-23T15:34:00.000Z;ENTRADA;Venda;Venda #685937;8;Pix
2024-04-23T15:13:00.000Z;ENTRADA;Venda;Venda #685937;240;Pix
2024-04-22T21:10:00.000Z;ENTRADA;Venda;Venda #685937;120;Pix
2024-04-22T20:30:00.000Z;ENTRADA;Venda;Venda #685937;90;Pix
2024-04-22T19:45:00.000Z;ENTRADA;Venda;Venda #685937;255;Pix
2024-04-22T19:34:00.000Z;ENTRADA;Venda;Venda #685937;120;Pix
2024-04-22T18:51:00.000Z;ENTRADA;Venda;Venda #685937;135;Pix
2024-04-22T17:18:00.000Z;ENTRADA;Venda;Venda #685937;255;Pix
2024-04-22T17:12:00.000Z;ENTRADA;Venda;Venda #685937;135;Pix
2024-04-22T16:29:00.000Z;ENTRADA;Venda;Venda #685937;24;Pix
2024-04-22T15:42:00.000Z;ENTRADA;Venda;Venda #685937;8;Pix
2024-04-22T15:12:00.000Z;ENTRADA;Venda;Venda #685937;24;Pix
2024-04-21T03:00:00.000Z;SAÍDA;DESPESAS OPERACIONAIS;Compra de Insumos Reposição;-1624.9883775239432;Dinheiro/Banco
2024-04-19T21:31:00.000Z;ENTRADA;Venda;Venda #685937;170;Pix
2024-04-19T21:30:00.000Z;ENTRADA;Venda;Venda #685937;85;Pix
2024-04-19T21:28:00.000Z;ENTRADA;Venda;Venda #685937;16;Pix
2024-04-19T21:27:00.000Z;ENTRADA;Venda;Venda #685937;16;Pix
2024-04-19T20:19:00.000Z;ENTRADA;Venda;Venda #685937;120;Pix
2024-04-19T19:56:00.000Z;ENTRADA;Venda;Venda #685937;135;Pix
2024-04-19T19:25:00.000Z;ENTRADA;Venda;Venda #685937;45;Pix
2024-04-19T19:21:00.000Z;ENTRADA;Venda;Venda #685937;16;Pix
2024-04-19T18:22:00.000Z;ENTRADA;Venda;Venda #685937;170;Pix
2024-04-19T17:24:00.000Z;ENTRADA;Venda;Venda #685937;45;Pix
2024-04-19T17:17:00.000Z;ENTRADA;Venda;Venda #685937;360;Pix
2024-04-18T22:41:00.000Z;ENTRADA;Venda;Venda #685937;16;Pix
2024-04-18T22:18:00.000Z;ENTRADA;Venda;Venda #685937;120;Pix
2024-04-18T21:56:00.000Z;ENTRADA;Venda;Venda #685937;170;Pix
2024-04-18T21:30:00.000Z;ENTRADA;Venda;Venda #685937;8;Pix
2024-04-18T21:28:00.000Z;ENTRADA;Venda;Venda #685937;24;Pix
2024-04-18T20:25:00.000Z;ENTRADA;Venda;Venda #685937;8;Pix
2024-04-18T19:37:00.000Z;ENTRADA;Venda;Venda #685937;240;Pix
2024-04-18T18:18:00.000Z;ENTRADA;Venda;Venda #685937;120;Pix
2024-04-18T18:14:00.000Z;ENTRADA;Venda;Venda #685937;8;Pix
2024-04-18T18:05:00.000Z;ENTRADA;Venda;Venda #685937;255;Pix
2024-04-18T17:50:00.000Z;ENTRADA;Venda;Venda #685937;8;Pix
2024-04-18T17:02:00.000Z;ENTRADA;Venda;Venda #685937;16;Pix
2024-04-18T15:56:00.000Z;ENTRADA;Venda;Venda #685937;120;Pix
2024-04-18T15:54:00.000Z;ENTRADA;Venda;Venda #685937;8;Pix
2024-04-18T03:00:00.000Z;SAÍDA;DESPESAS OPERACIONAIS;Compra de Insumos Reposição;-2138.1856322658055;Dinheiro/Banco
2024-04-17T22:36:00.000Z;ENTRADA;Venda;Venda #685937;85;Pix
2024-04-17T20:30:00.000Z;ENTRADA;Venda;Venda #685937;90;Pix
2024-04-17T18:52:00.000Z;ENTRADA;Venda;Venda #685937;360;Pix
2024-04-17T15:50:00.000Z;ENTRADA;Venda;Venda #685937;360;Pix
2024-04-17T15:08:00.000Z;ENTRADA;Venda;Venda #685937;360;Pix
2024-04-16T21:52:00.000Z;ENTRADA;Venda;Venda #685937;90;Pix
2024-04-16T20:36:00.000Z;ENTRADA;Venda;Venda #685937;85;Pix
2024-04-16T19:41:00.000Z;ENTRADA;Venda;Venda #685937;240;Pix
2024-04-16T17:14:00.000Z;ENTRADA;Venda;Venda #685937;120;Pix
2024-04-16T16:14:00.000Z;ENTRADA;Venda;Venda #685937;360;Pix
2024-04-16T16:07:00.000Z;ENTRADA;Venda;Venda #685937;360;Pix
2024-04-16T15:06:00.000Z;ENTRADA;Venda;Venda #685937;16;Pix
2024-04-15T22:55:00.000Z;ENTRADA;Venda;Venda #685937;16;Pix
2024-04-15T21:36:00.000Z;ENTRADA;Venda;Venda #685937;240;Pix
2024-04-15T21:26:00.000Z;ENTRADA;Venda;Venda #685937;240;Pix
2024-04-15T21:07:00.000Z;ENTRADA;Venda;Venda #685937;120;Pix
2024-04-15T20:21:00.000Z;ENTRADA;Venda;Venda #685937;85;Pix
2024-04-15T18:28:00.000Z;ENTRADA;Venda;Venda #685937;24;Pix
2024-04-15T17:26:00.000Z;ENTRADA;Venda;Venda #685937;240;Pix
2024-04-15T17:20:00.000Z;ENTRADA;Venda;Venda #685937;16;Pix
2024-04-15T17:19:00.000Z;ENTRADA;Venda;Venda #685937;90;Pix
2024-04-15T03:00:00.000Z;SAÍDA;DESPESAS OPERACIONAIS;Compra de Insumos Reposição;-1508.6181210195473;Dinheiro/Banco
2024-04-12T22:40:00.000Z;ENTRADA;Venda;Venda #685937;255;Pix
2024-04-12T20:25:00.000Z;ENTRADA;Venda;Venda #685937;360;Pix
2024-04-12T17:55:00.000Z;ENTRADA;Venda;Venda #685937;24;Pix
2024-04-12T17:50:00.000Z;ENTRADA;Venda;Venda #685937;360;Pix
2024-04-12T17:14:00.000Z;ENTRADA;Venda;Venda #685937;8;Pix
2024-04-12T16:12:00.000Z;ENTRADA;Venda;Venda #685937;240;Pix
2024-04-12T15:56:00.000Z;ENTRADA;Venda;Venda #685937;45;Pix
2024-04-12T03:00:00.000Z;SAÍDA;DESPESAS OPERACIONAIS;Compra de Insumos Reposição;-1784.0980570483975;Dinheiro/Banco
2024-04-11T22:30:00.000Z;ENTRADA;Venda;Venda #685937;85;Pix
2024-04-11T21:15:00.000Z;ENTRADA;Venda;Venda #685937;85;Pix
2024-04-11T21:03:00.000Z;ENTRADA;Venda;Venda #685937;135;Pix
2024-04-11T20:34:00.000Z;ENTRADA;Venda;Venda #685937;170;Pix
2024-04-11T20:12:00.000Z;ENTRADA;Venda;Venda #685937;16;Pix
2024-04-11T19:11:00.000Z;ENTRADA;Venda;Venda #685937;255;Pix
2024-04-11T18:41:00.000Z;ENTRADA;Venda;Venda #685937;170;Pix
2024-04-11T18:34:00.000Z;ENTRADA;Venda;Venda #685937;45;Pix
2024-04-11T18:23:00.000Z;ENTRADA;Venda;Venda #685937;120;Pix
2024-04-11T17:56:00.000Z;ENTRADA;Venda;Venda #685937;16;Pix
2024-04-10T22:38:00.000Z;ENTRADA;Venda;Venda #685937;135;Pix
2024-04-10T22:28:00.000Z;ENTRADA;Venda;Venda #685937;135;Pix
2024-04-10T20:58:00.000Z;ENTRADA;Venda;Venda #685937;170;Pix
2024-04-10T20:47:00.000Z;ENTRADA;Venda;Venda #685937;85;Pix
2024-04-10T18:57:00.000Z;ENTRADA;Venda;Venda #685937;170;Pix
2024-04-10T18:18:00.000Z;ENTRADA;Venda;Venda #685937;90;Pix
2024-04-10T16:55:00.000Z;ENTRADA;Venda;Venda #685937;360;Pix
2024-04-09T22:52:00.000Z;ENTRADA;Venda;Venda #685937;135;Pix
2024-04-09T21:11:00.000Z;ENTRADA;Venda;Venda #685937;170;Pix
2024-04-09T20:44:00.000Z;ENTRADA;Venda;Venda #685937;120;Pix
2024-04-09T17:44:00.000Z;ENTRADA;Venda;Venda #685937;16;Pix
2024-04-09T17:15:00.000Z;ENTRADA;Venda;Venda #685937;240;Pix
2024-04-09T16:29:00.000Z;ENTRADA;Venda;Venda #685937;240;Pix
2024-04-09T16:03:00.000Z;ENTRADA;Venda;Venda #685937;90;Pix
2024-04-09T15:41:00.000Z;ENTRADA;Venda;Venda #685937;135;Pix
2024-04-09T03:00:00.000Z;SAÍDA;DESPESAS OPERACIONAIS;Compra de Insumos Reposição;-1674.0282194345675;Dinheiro/Banco
2024-04-08T20:58:00.000Z;ENTRADA;Venda;Venda #685937;45;Pix
2024-04-08T20:05:00.000Z;ENTRADA;Venda;Venda #685937;170;Pix
2024-04-08T18:40:00.000Z;ENTRADA;Venda;Venda #685937;85;Pix
2024-04-08T17:51:00.000Z;ENTRADA;Venda;Venda #685937;255;Pix
2024-04-08T17:19:00.000Z;ENTRADA;Venda;Venda #685937;170;Pix
2024-04-08T16:04:00.000Z;ENTRADA;Venda;Venda #685937;360;Pix
2024-04-06T03:00:00.000Z;SAÍDA;DESPESAS OPERACIONAIS;Compra de Insumos Reposição;-1686.556173668798;Dinheiro/Banco
2024-04-05T21:41:00.000Z;ENTRADA;Venda;Venda #685937;120;Pix
2024-04-05T20:41:00.000Z;ENTRADA;Venda;Venda #685937;90;Pix
2024-04-05T20:02:00.000Z;ENTRADA;Venda;Venda #685937;16;Pix
2024-04-05T19:51:00.000Z;ENTRADA;Venda;Venda #685937;8;Pix
2024-04-05T19:43:00.000Z;ENTRADA;Venda;Venda #685937;120;Pix
2024-04-05T17:24:00.000Z;ENTRADA;Venda;Venda #685937;360;Pix
2024-04-05T15:47:00.000Z;ENTRADA;Venda;Venda #685937;360;Pix
2024-04-04T21:57:00.000Z;ENTRADA;Venda;Venda #685937;170;Pix
2024-04-04T20:46:00.000Z;ENTRADA;Venda;Venda #685937;90;Pix
2024-04-04T18:53:00.000Z;ENTRADA;Venda;Venda #685937;16;Pix
2024-04-04T18:00:00.000Z;ENTRADA;Venda;Venda #685937;255;Pix
2024-04-04T17:08:00.000Z;ENTRADA;Venda;Venda #685937;120;Pix
2024-04-04T16:08:00.000Z;ENTRADA;Venda;Venda #685937;135;Pix
2024-04-04T15:53:00.000Z;ENTRADA;Venda;Venda #685937;90;Pix
2024-04-04T15:18:00.000Z;ENTRADA;Venda;Venda #685937;240;Pix
2024-04-03T22:45:00.000Z;ENTRADA;Venda;Venda #685937;24;Pix
2024-04-03T21:17:00.000Z;ENTRADA;Venda;Venda #685937;255;Pix
2024-04-03T19:07:00.000Z;ENTRADA;Venda;Venda #685937;45;Pix
2024-04-03T19:04:00.000Z;ENTRADA;Venda;Venda #685937;90;Pix
2024-04-03T17:33:00.000Z;ENTRADA;Venda;Venda #685937;240;Pix
2024-04-03T17:24:00.000Z;ENTRADA;Venda;Venda #685937;360;Pix
2024-04-03T15:34:00.000Z;ENTRADA;Venda;Venda #685937;255;Pix
2024-04-03T03:00:00.000Z;SAÍDA;DESPESAS OPERACIONAIS;Compra de Insumos Reposição;-2010.530768345167;Dinheiro/Banco
2024-04-02T21:11:00.000Z;ENTRADA;Venda;Venda #685937;90;Pix
2024-04-02T20:04:00.000Z;ENTRADA;Venda;Venda #685937;360;Pix
2024-04-02T19:19:00.000Z;ENTRADA;Venda;Venda #685937;135;Pix
2024-04-02T17:57:00.000Z;ENTRADA;Venda;Venda #685937;360;Pix
2024-04-02T17:48:00.000Z;ENTRADA;Venda;Venda #685937;120;Pix
2024-04-02T17:25:00.000Z;ENTRADA;Venda;Venda #685937;45;Pix
2024-04-02T15:34:00.000Z;ENTRADA;Venda;Venda #685937;24;Pix
2024-04-01T22:30:00.000Z;ENTRADA;Venda;Venda #685936;16;Pix
2024-04-01T22:16:00.000Z;ENTRADA;Venda;Venda #685937;85;Pix
2024-04-01T20:56:00.000Z;ENTRADA;Venda;Venda #685936;8;Pix
2024-04-01T20:14:00.000Z;ENTRADA;Venda;Venda #685936;170;Pix
2024-04-01T20:06:00.000Z;ENTRADA;Venda;Venda #685936;170;Pix
2024-04-01T18:02:00.000Z;ENTRADA;Venda;Venda #685936;45;Pix
2024-04-01T17:03:00.000Z;ENTRADA;Venda;Venda #685937;360;Pix
2024-04-01T16:36:00.000Z;ENTRADA;Venda;Venda #685937;255;Pix
2024-04-01T16:28:00.000Z;ENTRADA;Venda;Venda #685936;255;Pix
2024-04-01T15:41:00.000Z;ENTRADA;Venda;Venda #685937;24;Pix
2024-03-30T03:00:00.000Z;SAÍDA;DESPESAS OPERACIONAIS;Compra de Insumos Reposição;-2215.0346061203936;Dinheiro/Banco
2024-03-29T22:56:00.000Z;ENTRADA;Venda;Venda #685936;135;Pix
2024-03-29T22:00:00.000Z;ENTRADA;Venda;Venda #685936;16;Pix
2024-03-29T21:29:00.000Z;ENTRADA;Venda;Venda #685936;16;Pix
2024-03-29T21:19:00.000Z;ENTRADA;Venda;Venda #685936;16;Pix
2024-03-29T21:17:00.000Z;ENTRADA;Venda;Venda #685936;255;Pix
2024-03-29T21:04:00.000Z;ENTRADA;Venda;Venda #685936;120;Pix
2024-03-29T19:48:00.000Z;ENTRADA;Venda;Venda #685936;16;Pix
2024-03-29T18:10:00.000Z;ENTRADA;Venda;Venda #685936;45;Pix
2024-03-29T17:11:00.000Z;ENTRADA;Venda;Venda #685936;16;Pix
2024-03-29T16:17:00.000Z;ENTRADA;Venda;Venda #685936;85;Pix
2024-03-29T16:14:00.000Z;ENTRADA;Venda;Venda #685936;120;Pix
2024-03-29T15:04:00.000Z;ENTRADA;Venda;Venda #685936;360;Pix
2024-03-28T22:32:00.000Z;ENTRADA;Venda;Venda #685936;135;Pix
2024-03-28T22:04:00.000Z;ENTRADA;Venda;Venda #685936;255;Pix
2024-03-28T20:47:00.000Z;ENTRADA;Venda;Venda #685936;90;Pix
2024-03-28T18:52:00.000Z;ENTRADA;Venda;Venda #685936;240;Pix
2024-03-28T18:13:00.000Z;ENTRADA;Venda;Venda #685936;16;Pix
2024-03-28T17:54:00.000Z;ENTRADA;Venda;Venda #685936;90;Pix
2024-03-28T17:49:00.000Z;ENTRADA;Venda;Venda #685936;8;Pix
2024-03-28T17:17:00.000Z;ENTRADA;Venda;Venda #685936;120;Pix
2024-03-28T17:12:00.000Z;ENTRADA;Venda;Venda #685936;120;Pix
2024-03-28T17:11:00.000Z;ENTRADA;Venda;Venda #685936;8;Pix
2024-03-28T15:56:00.000Z;ENTRADA;Venda;Venda #685936;90;Pix
2024-03-27T22:56:00.000Z;ENTRADA;Venda;Venda #685936;85;Pix
2024-03-27T21:08:00.000Z;ENTRADA;Venda;Venda #685936;16;Pix
2024-03-27T21:03:00.000Z;ENTRADA;Venda;Venda #685936;255;Pix
2024-03-27T19:46:00.000Z;ENTRADA;Venda;Venda #685936;360;Pix
2024-03-27T19:01:00.000Z;ENTRADA;Venda;Venda #685936;45;Pix
2024-03-27T18:58:00.000Z;ENTRADA;Venda;Venda #685936;45;Pix
2024-03-27T18:46:00.000Z;ENTRADA;Venda;Venda #685936;360;Pix
2024-03-27T17:45:00.000Z;ENTRADA;Venda;Venda #685936;24;Pix
2024-03-27T17:25:00.000Z;ENTRADA;Venda;Venda #685936;85;Pix
2024-03-27T16:06:00.000Z;ENTRADA;Venda;Venda #685936;90;Pix
2024-03-27T03:00:00.000Z;SAÍDA;DESPESAS OPERACIONAIS;Compra de Insumos Reposição;-1821.0242022740454;Dinheiro/Banco
2024-03-26T22:20:00.000Z;ENTRADA;Venda;Venda #685936;170;Pix
2024-03-26T22:02:00.000Z;ENTRADA;Venda;Venda #685936;135;Pix
2024-03-26T19:52:00.000Z;ENTRADA;Venda;Venda #685936;170;Pix
2024-03-26T19:04:00.000Z;ENTRADA;Venda;Venda #685936;360;Pix
2024-03-26T16:57:00.000Z;ENTRADA;Venda;Venda #685936;135;Pix
2024-03-26T16:32:00.000Z;ENTRADA;Venda;Venda #685936;255;Pix
2024-03-26T16:29:00.000Z;ENTRADA;Venda;Venda #685936;170;Pix
2024-03-26T15:20:00.000Z;ENTRADA;Venda;Venda #685936;16;Pix
2024-03-26T15:15:00.000Z;ENTRADA;Venda;Venda #685936;8;Pix
2024-03-25T20:32:00.000Z;ENTRADA;Venda;Venda #685936;24;Pix
2024-03-25T18:52:00.000Z;ENTRADA;Venda;Venda #685936;170;Pix
2024-03-25T18:02:00.000Z;ENTRADA;Venda;Venda #685936;360;Pix
2024-03-25T17:03:00.000Z;ENTRADA;Venda;Venda #685936;255;Pix
2024-03-25T15:18:00.000Z;ENTRADA;Venda;Venda #685936;240;Pix
2024-03-25T15:11:00.000Z;ENTRADA;Venda;Venda #685936;85;Pix
2024-03-24T03:00:00.000Z;SAÍDA;DESPESAS OPERACIONAIS;Compra de Insumos Reposição;-2090.8348275281223;Dinheiro/Banco
2024-03-22T22:15:00.000Z;ENTRADA;Venda;Venda #685936;90;Pix
2024-03-22T21:57:00.000Z;ENTRADA;Venda;Venda #685936;135;Pix
2024-03-22T21:26:00.000Z;ENTRADA;Venda;Venda #685936;8;Pix
2024-03-22T20:49:00.000Z;ENTRADA;Venda;Venda #685936;8;Pix
2024-03-22T20:13:00.000Z;ENTRADA;Venda;Venda #685936;255;Pix
2024-03-22T20:03:00.000Z;ENTRADA;Venda;Venda #685936;120;Pix
2024-03-22T19:49:00.000Z;ENTRADA;Venda;Venda #685936;120;Pix
2024-03-22T17:58:00.000Z;ENTRADA;Venda;Venda #685936;85;Pix
2024-03-22T16:40:00.000Z;ENTRADA;Venda;Venda #685936;120;Pix
2024-03-22T16:23:00.000Z;ENTRADA;Venda;Venda #685936;85;Pix
2024-03-22T16:12:00.000Z;ENTRADA;Venda;Venda #685936;8;Pix
2024-03-22T15:10:00.000Z;ENTRADA;Venda;Venda #685936;90;Pix
2024-03-21T22:28:00.000Z;ENTRADA;Venda;Venda #685936;24;Pix
2024-03-21T21:27:00.000Z;ENTRADA;Venda;Venda #685936;90;Pix
2024-03-21T21:03:00.000Z;ENTRADA;Venda;Venda #685936;135;Pix
2024-03-21T20:47:00.000Z;ENTRADA;Venda;Venda #685936;16;Pix
2024-03-21T20:09:00.000Z;ENTRADA;Venda;Venda #685936;24;Pix
2024-03-21T19:21:00.000Z;ENTRADA;Venda;Venda #685936;90;Pix
2024-03-21T19:14:00.000Z;ENTRADA;Venda;Venda #685936;85;Pix
2024-03-21T18:50:00.000Z;ENTRADA;Venda;Venda #685936;170;Pix
2024-03-21T18:18:00.000Z;ENTRADA;Venda;Venda #685936;45;Pix
2024-03-21T18:09:00.000Z;ENTRADA;Venda;Venda #685936;8;Pix
2024-03-21T17:51:00.000Z;ENTRADA;Venda;Venda #685936;135;Pix
2024-03-21T16:55:00.000Z;ENTRADA;Venda;Venda #685936;170;Pix
2024-03-21T16:47:00.000Z;ENTRADA;Venda;Venda #685936;45;Pix
2024-03-21T16:19:00.000Z;ENTRADA;Venda;Venda #685936;24;Pix
2024-03-21T15:17:00.000Z;ENTRADA;Venda;Venda #685936;16;Pix
2024-03-21T15:16:00.000Z;ENTRADA;Venda;Venda #685936;8;Pix
2024-03-21T03:00:00.000Z;SAÍDA;DESPESAS OPERACIONAIS;Compra de Insumos Reposição;-1955.4077224464588;Dinheiro/Banco
2024-03-20T22:08:00.000Z;ENTRADA;Venda;Venda #685936;360;Pix
2024-03-20T20:58:00.000Z;ENTRADA;Venda;Venda #685936;85;Pix
2024-03-20T18:55:00.000Z;ENTRADA;Venda;Venda #685936;255;Pix
2024-03-20T18:49:00.000Z;ENTRADA;Venda;Venda #685936;16;Pix
2024-03-20T18:18:00.000Z;ENTRADA;Venda;Venda #685936;120;Pix
2024-03-20T17:46:00.000Z;ENTRADA;Venda;Venda #685936;24;Pix
2024-03-20T17:25:00.000Z;ENTRADA;Venda;Venda #685936;16;Pix
2024-03-20T16:53:00.000Z;ENTRADA;Venda;Venda #685936;45;Pix
2024-03-20T16:27:00.000Z;ENTRADA;Venda;Venda #685936;170;Pix
2024-03-20T16:15:00.000Z;ENTRADA;Venda;Venda #685936;90;Pix
2024-03-20T15:49:00.000Z;ENTRADA;Venda;Venda #685936;85;Pix
2024-03-19T22:57:00.000Z;ENTRADA;Venda;Venda #685936;85;Pix
2024-03-19T22:25:00.000Z;ENTRADA;Venda;Venda #685936;90;Pix
2024-03-19T21:30:00.000Z;ENTRADA;Venda;Venda #685936;120;Pix
2024-03-19T20:40:00.000Z;ENTRADA;Venda;Venda #685936;240;Pix
2024-03-19T16:47:00.000Z;ENTRADA;Venda;Venda #685936;170;Pix
2024-03-19T16:32:00.000Z;ENTRADA;Venda;Venda #685936;85;Pix
2024-03-19T16:21:00.000Z;ENTRADA;Venda;Venda #685936;255;Pix
2024-03-19T16:17:00.000Z;ENTRADA;Venda;Venda #685936;45;Pix
2024-03-18T22:47:00.000Z;ENTRADA;Venda;Venda #685936;85;Pix
2024-03-18T22:34:00.000Z;ENTRADA;Venda;Venda #685936;255;Pix
2024-03-18T21:43:00.000Z;ENTRADA;Venda;Venda #685936;85;Pix
2024-03-18T21:03:00.000Z;ENTRADA;Venda;Venda #685936;135;Pix
2024-03-18T20:42:00.000Z;ENTRADA;Venda;Venda #685936;90;Pix
2024-03-18T20:38:00.000Z;ENTRADA;Venda;Venda #685936;8;Pix
2024-03-18T19:24:00.000Z;ENTRADA;Venda;Venda #685936;240;Pix
2024-03-18T18:45:00.000Z;ENTRADA;Venda;Venda #685936;120;Pix
2024-03-18T18:19:00.000Z;ENTRADA;Venda;Venda #685936;135;Pix
2024-03-18T18:04:00.000Z;ENTRADA;Venda;Venda #685936;8;Pix
2024-03-18T16:22:00.000Z;ENTRADA;Venda;Venda #685936;45;Pix
2024-03-18T15:56:00.000Z;ENTRADA;Venda;Venda #685936;8;Pix
2024-03-18T15:15:00.000Z;ENTRADA;Venda;Venda #685936;85;Pix
2024-03-18T03:00:00.000Z;SAÍDA;DESPESAS OPERACIONAIS;Compra de Insumos Reposição;-1625.4458656590036;Dinheiro/Banco
2024-03-15T22:40:00.000Z;ENTRADA;Venda;Venda #685936;85;Pix
2024-03-15T22:17:00.000Z;ENTRADA;Venda;Venda #685936;24;Pix
2024-03-15T22:10:00.000Z;ENTRADA;Venda;Venda #685936;135;Pix
2024-03-15T22:04:00.000Z;ENTRADA;Venda;Venda #685936;85;Pix
2024-03-15T20:58:00.000Z;ENTRADA;Venda;Venda #685936;16;Pix
2024-03-15T18:50:00.000Z;ENTRADA;Venda;Venda #685936;255;Pix
2024-03-15T18:44:00.000Z;ENTRADA;Venda;Venda #685936;120;Pix
2024-03-15T16:31:00.000Z;ENTRADA;Venda;Venda #685936;24;Pix
2024-03-15T16:17:00.000Z;ENTRADA;Venda;Venda #685936;360;Pix
2024-03-15T15:18:00.000Z;ENTRADA;Venda;Venda #685936;135;Pix
2024-03-15T03:00:00.000Z;SAÍDA;DESPESAS OPERACIONAIS;Compra de Insumos Reposição;-2057.256962120286;Dinheiro/Banco
2024-03-14T20:26:00.000Z;ENTRADA;Venda;Venda #685936;16;Pix
2024-03-14T20:25:00.000Z;ENTRADA;Venda;Venda #685936;90;Pix
2024-03-14T20:06:00.000Z;ENTRADA;Venda;Venda #685936;24;Pix
2024-03-14T19:29:00.000Z;ENTRADA;Venda;Venda #685936;255;Pix
2024-03-14T18:49:00.000Z;ENTRADA;Venda;Venda #685936;120;Pix
2024-03-14T17:39:00.000Z;ENTRADA;Venda;Venda #685936;240;Pix
2024-03-14T17:31:00.000Z;ENTRADA;Venda;Venda #685936;24;Pix
2024-03-14T17:27:00.000Z;ENTRADA;Venda;Venda #685936;135;Pix
2024-03-14T16:22:00.000Z;ENTRADA;Venda;Venda #685936;240;Pix
2024-03-14T16:08:00.000Z;ENTRADA;Venda;Venda #685936;45;Pix
2024-03-14T15:44:00.000Z;ENTRADA;Venda;Venda #685936;85;Pix
2024-03-14T15:30:00.000Z;ENTRADA;Venda;Venda #685936;8;Pix
2024-03-14T15:07:00.000Z;ENTRADA;Venda;Venda #685936;24;Pix
2024-03-13T21:30:00.000Z;ENTRADA;Venda;Venda #685936;120;Pix
2024-03-13T20:27:00.000Z;ENTRADA;Venda;Venda #685936;8;Pix
2024-03-13T20:13:00.000Z;ENTRADA;Venda;Venda #685936;24;Pix
2024-03-13T20:10:00.000Z;ENTRADA;Venda;Venda #685936;240;Pix
2024-03-13T19:49:00.000Z;ENTRADA;Venda;Venda #685936;240;Pix
2024-03-13T19:21:00.000Z;ENTRADA;Venda;Venda #685936;24;Pix
2024-03-13T19:02:00.000Z;ENTRADA;Venda;Venda #685936;16;Pix
2024-03-13T18:36:00.000Z;ENTRADA;Venda;Venda #685936;120;Pix
2024-03-13T18:10:00.000Z;ENTRADA;Venda;Venda #685936;16;Pix
2024-03-13T15:39:00.000Z;ENTRADA;Venda;Venda #685936;240;Pix
2024-03-13T15:11:00.000Z;ENTRADA;Venda;Venda #685936;90;Pix
2024-03-13T15:00:00.000Z;ENTRADA;Venda;Venda #685936;16;Pix
2024-03-12T22:49:00.000Z;ENTRADA;Venda;Venda #685936;90;Pix
2024-03-12T21:23:00.000Z;ENTRADA;Venda;Venda #685936;45;Pix
2024-03-12T20:05:00.000Z;ENTRADA;Venda;Venda #685936;120;Pix
2024-03-12T18:51:00.000Z;ENTRADA;Venda;Venda #685936;170;Pix
2024-03-12T15:56:00.000Z;ENTRADA;Venda;Venda #685936;240;Pix
2024-03-12T15:32:00.000Z;ENTRADA;Venda;Venda #685936;85;Pix
2024-03-12T15:26:00.000Z;ENTRADA;Venda;Venda #685936;255;Pix
2024-03-12T15:12:00.000Z;ENTRADA;Venda;Venda #685936;135;Pix
2024-03-12T03:00:00.000Z;SAÍDA;DESPESAS OPERACIONAIS;Compra de Insumos Reposição;-1615.555079914941;Dinheiro/Banco
2024-03-11T22:29:00.000Z;ENTRADA;Venda;Venda #685936;85;Pix
2024-03-11T22:20:00.000Z;ENTRADA;Venda;Venda #685936;16;Pix
2024-03-11T21:14:00.000Z;ENTRADA;Venda;Venda #685936;45;Pix
2024-03-11T20:58:00.000Z;ENTRADA;Venda;Venda #685936;24;Pix
2024-03-11T20:00:00.000Z;ENTRADA;Venda;Venda #685936;8;Pix
2024-03-11T19:54:00.000Z;ENTRADA;Venda;Venda #685936;135;Pix
2024-03-11T19:53:00.000Z;ENTRADA;Venda;Venda #685936;8;Pix
2024-03-11T17:52:00.000Z;ENTRADA;Venda;Venda #685936;8;Pix
2024-03-11T16:52:00.000Z;ENTRADA;Venda;Venda #685936;170;Pix
2024-03-11T16:47:00.000Z;ENTRADA;Venda;Venda #685936;85;Pix
2024-03-11T16:18:00.000Z;ENTRADA;Venda;Venda #685936;360;Pix
2024-03-11T16:15:00.000Z;ENTRADA;Venda;Venda #685936;24;Pix
2024-03-11T16:13:00.000Z;ENTRADA;Venda;Venda #685936;85;Pix
2024-03-11T15:08:00.000Z;ENTRADA;Venda;Venda #685936;255;Pix
2024-03-09T03:00:00.000Z;SAÍDA;DESPESAS OPERACIONAIS;Compra de Insumos Reposição;-2331.2880706603373;Dinheiro/Banco
2024-03-08T21:53:00.000Z;ENTRADA;Venda;Venda #685936;135;Pix
2024-03-08T21:42:00.000Z;ENTRADA;Venda;Venda #685936;8;Pix
2024-03-08T20:35:00.000Z;ENTRADA;Venda;Venda #685936;135;Pix
2024-03-08T19:29:00.000Z;ENTRADA;Venda;Venda #685936;255;Pix
2024-03-08T18:50:00.000Z;ENTRADA;Venda;Venda #685936;135;Pix
2024-03-08T17:19:00.000Z;ENTRADA;Venda;Venda #685936;16;Pix
2024-03-08T16:03:00.000Z;ENTRADA;Venda;Venda #685936;255;Pix
2024-03-08T15:55:00.000Z;ENTRADA;Venda;Venda #685936;135;Pix
2024-03-07T22:40:00.000Z;ENTRADA;Venda;Venda #685936;24;Pix
2024-03-07T22:22:00.000Z;ENTRADA;Venda;Venda #685936;8;Pix
2024-03-07T21:20:00.000Z;ENTRADA;Venda;Venda #685936;240;Pix
2024-03-07T19:22:00.000Z;ENTRADA;Venda;Venda #685936;360;Pix
2024-03-07T18:07:00.000Z;ENTRADA;Venda;Venda #685936;255;Pix
2024-03-07T18:05:00.000Z;ENTRADA;Venda;Venda #685936;90;Pix
2024-03-07T17:20:00.000Z;ENTRADA;Venda;Venda #685936;170;Pix
2024-03-07T15:40:00.000Z;ENTRADA;Venda;Venda #685936;8;Pix
2024-03-06T22:29:00.000Z;ENTRADA;Venda;Venda #685936;240;Pix
2024-03-06T22:13:00.000Z;ENTRADA;Venda;Venda #685936;360;Pix
2024-03-06T19:07:00.000Z;ENTRADA;Venda;Venda #685936;360;Pix
2024-03-06T16:37:00.000Z;ENTRADA;Venda;Venda #685936;8;Pix
2024-03-06T16:30:00.000Z;ENTRADA;Venda;Venda #685936;240;Pix
2024-03-06T03:00:00.000Z;SAÍDA;DESPESAS OPERACIONAIS;Compra de Insumos Reposição;-1985.5362552929514;Dinheiro/Banco
2024-03-05T22:53:00.000Z;ENTRADA;Venda;Venda #685936;45;Pix
2024-03-05T22:25:00.000Z;ENTRADA;Venda;Venda #685936;45;Pix
2024-03-05T19:24:00.000Z;ENTRADA;Venda;Venda #685936;170;Pix
2024-03-05T19:07:00.000Z;ENTRADA;Venda;Venda #685936;24;Pix
2024-03-05T18:03:00.000Z;ENTRADA;Venda;Venda #685936;255;Pix
2024-03-05T17:34:00.000Z;ENTRADA;Venda;Venda #685936;8;Pix
2024-03-05T16:52:00.000Z;ENTRADA;Venda;Venda #685936;120;Pix
2024-03-05T16:49:00.000Z;ENTRADA;Venda;Venda #685936;255;Pix
2024-03-05T16:47:00.000Z;ENTRADA;Venda;Venda #685936;240;Pix
2024-03-04T22:57:00.000Z;ENTRADA;Venda;Venda #685936;45;Pix
2024-03-04T22:19:00.000Z;ENTRADA;Venda;Venda #685936;170;Pix
2024-03-04T21:44:00.000Z;ENTRADA;Venda;Venda #685936;170;Pix
2024-03-04T21:25:00.000Z;ENTRADA;Venda;Venda #685936;240;Pix
2024-03-04T20:29:00.000Z;ENTRADA;Venda;Venda #685936;8;Pix
2024-03-04T19:20:00.000Z;ENTRADA;Venda;Venda #685936;85;Pix
2024-03-04T17:05:00.000Z;ENTRADA;Venda;Venda #685936;255;Pix
2024-03-04T16:52:00.000Z;ENTRADA;Venda;Venda #685936;120;Pix
2024-03-04T16:35:00.000Z;ENTRADA;Venda;Venda #685936;90;Pix
2024-03-03T03:00:00.000Z;SAÍDA;DESPESAS OPERACIONAIS;Compra de Insumos Reposição;-2414.0605732236622;Dinheiro/Banco
2024-03-01T21:41:00.000Z;ENTRADA;Venda;Venda #685936;360;Pix
2024-03-01T20:18:00.000Z;ENTRADA;Venda;Venda #685936;8;Pix
2024-03-01T19:47:00.000Z;ENTRADA;Venda;Venda #685936;85;Pix
2024-03-01T19:32:00.000Z;ENTRADA;Venda;Venda #685936;16;Pix
2024-03-01T19:02:00.000Z;ENTRADA;Venda;Venda #685936;170;Pix
2024-03-01T18:44:00.000Z;ENTRADA;Venda;Venda #685936;120;Pix
2024-03-01T17:24:00.000Z;ENTRADA;Venda;Venda #685936;240;Pix
2024-03-01T17:12:00.000Z;ENTRADA;Venda;Venda #685936;85;Pix
2024-03-01T16:54:00.000Z;ENTRADA;Venda;Venda #685936;24;Pix
2024-03-01T15:29:00.000Z;ENTRADA;Venda;Venda #685936;240;Pix
2024-03-01T15:20:00.000Z;ENTRADA;Venda;Venda #685936;16;Pix
2024-02-29T21:55:00.000Z;ENTRADA;Venda;Venda #685936;170;Pix
2024-02-29T21:42:00.000Z;ENTRADA;Venda;Venda #685936;135;Pix
2024-02-29T21:40:00.000Z;ENTRADA;Venda;Venda #685936;120;Pix
2024-02-29T20:08:00.000Z;ENTRADA;Venda;Venda #685936;8;Pix
2024-02-29T18:38:00.000Z;ENTRADA;Venda;Venda #685936;255;Pix
2024-02-29T18:35:00.000Z;ENTRADA;Venda;Venda #685936;45;Pix
2024-02-29T18:10:00.000Z;ENTRADA;Venda;Venda #685936;255;Pix
2024-02-29T15:49:00.000Z;ENTRADA;Venda;Venda #685936;16;Pix
2024-02-29T15:32:00.000Z;ENTRADA;Venda;Venda #685936;85;Pix
2024-02-28T22:33:00.000Z;ENTRADA;Venda;Venda #685936;85;Pix
2024-02-28T19:22:00.000Z;ENTRADA;Venda;Venda #685936;45;Pix
2024-02-28T19:12:00.000Z;ENTRADA;Venda;Venda #685936;255;Pix
2024-02-28T18:50:00.000Z;ENTRADA;Venda;Venda #685936;240;Pix
2024-02-28T18:41:00.000Z;ENTRADA;Venda;Venda #685936;24;Pix
2024-02-28T18:22:00.000Z;ENTRADA;Venda;Venda #685936;135;Pix
2024-02-28T17:13:00.000Z;ENTRADA;Venda;Venda #685936;90;Pix
2024-02-28T16:26:00.000Z;ENTRADA;Venda;Venda #685936;170;Pix
2024-02-28T16:15:00.000Z;ENTRADA;Venda;Venda #685936;170;Pix
2024-02-28T15:14:00.000Z;ENTRADA;Venda;Venda #685936;24;Pix
2024-02-27T19:49:00.000Z;ENTRADA;Venda;Venda #685935;170;Pix
2024-02-27T18:24:00.000Z;ENTRADA;Venda;Venda #685936;360;Pix
2024-02-27T17:56:00.000Z;ENTRADA;Venda;Venda #685936;360;Pix
2024-02-27T16:20:00.000Z;ENTRADA;Venda;Venda #685935;240;Pix
2024-02-27T15:06:00.000Z;ENTRADA;Venda;Venda #685935;240;Pix
2024-02-27T03:00:00.000Z;SAÍDA;DESPESAS OPERACIONAIS;Compra de Insumos Reposição;-2363.103349494372;Dinheiro/Banco
2024-02-26T22:47:00.000Z;ENTRADA;Venda;Venda #685935;135;Pix
2024-02-26T21:25:00.000Z;ENTRADA;Venda;Venda #685935;120;Pix
2024-02-26T21:09:00.000Z;ENTRADA;Venda;Venda #685935;135;Pix
2024-02-26T20:45:00.000Z;ENTRADA;Venda;Venda #685935;240;Pix
2024-02-26T20:09:00.000Z;ENTRADA;Venda;Venda #685935;360;Pix
2024-02-26T20:03:00.000Z;ENTRADA;Venda;Venda #685935;16;Pix
2024-02-26T19:07:00.000Z;ENTRADA;Venda;Venda #685935;8;Pix
2024-02-26T16:18:00.000Z;ENTRADA;Venda;Venda #685935;240;Pix
2024-02-26T16:03:00.000Z;ENTRADA;Venda;Venda #685935;90;Pix
2024-02-24T03:00:00.000Z;SAÍDA;DESPESAS OPERACIONAIS;Compra de Insumos Reposição;-1547.8077499068613;Dinheiro/Banco
2024-02-23T22:18:00.000Z;ENTRADA;Venda;Venda #685935;85;Pix
2024-02-23T22:01:00.000Z;ENTRADA;Venda;Venda #685935;170;Pix
2024-02-23T19:54:00.000Z;ENTRADA;Venda;Venda #685935;8;Pix
2024-02-23T19:53:00.000Z;ENTRADA;Venda;Venda #685935;240;Pix
2024-02-23T19:20:00.000Z;ENTRADA;Venda;Venda #685935;8;Pix
2024-02-23T18:26:00.000Z;ENTRADA;Venda;Venda #685935;16;Pix
2024-02-23T17:34:00.000Z;ENTRADA;Venda;Venda #685935;16;Pix
2024-02-23T17:16:00.000Z;ENTRADA;Venda;Venda #685935;8;Pix
2024-02-23T16:37:00.000Z;ENTRADA;Venda;Venda #685935;170;Pix
2024-02-23T16:15:00.000Z;ENTRADA;Venda;Venda #685935;24;Pix
2024-02-23T16:08:00.000Z;ENTRADA;Venda;Venda #685935;135;Pix
2024-02-23T15:44:00.000Z;ENTRADA;Venda;Venda #685935;90;Pix
2024-02-23T15:14:00.000Z;ENTRADA;Venda;Venda #685935;240;Pix
2024-02-22T22:53:00.000Z;ENTRADA;Venda;Venda #685935;85;Pix
2024-02-22T22:38:00.000Z;ENTRADA;Venda;Venda #685935;45;Pix
2024-02-22T21:38:00.000Z;ENTRADA;Venda;Venda #685935;120;Pix
2024-02-22T21:07:00.000Z;ENTRADA;Venda;Venda #685935;360;Pix
2024-02-22T20:35:00.000Z;ENTRADA;Venda;Venda #685935;120;Pix
2024-02-22T19:17:00.000Z;ENTRADA;Venda;Venda #685935;255;Pix
2024-02-22T18:56:00.000Z;ENTRADA;Venda;Venda #685935;240;Pix
2024-02-21T22:42:00.000Z;ENTRADA;Venda;Venda #685935;360;Pix
2024-02-21T22:23:00.000Z;ENTRADA;Venda;Venda #685935;255;Pix
2024-02-21T19:45:00.000Z;ENTRADA;Venda;Venda #685935;120;Pix
2024-02-21T19:20:00.000Z;ENTRADA;Venda;Venda #685935;90;Pix
2024-02-21T19:17:00.000Z;ENTRADA;Venda;Venda #685935;255;Pix
2024-02-21T03:00:00.000Z;SAÍDA;DESPESAS OPERACIONAIS;Compra de Insumos Reposição;-2113.95572980593;Dinheiro/Banco
2024-02-20T22:45:00.000Z;ENTRADA;Venda;Venda #685935;240;Pix
2024-02-20T21:55:00.000Z;ENTRADA;Venda;Venda #685935;170;Pix
2024-02-20T20:25:00.000Z;ENTRADA;Venda;Venda #685935;90;Pix
2024-02-20T18:05:00.000Z;ENTRADA;Venda;Venda #685935;120;Pix
2024-02-20T16:49:00.000Z;ENTRADA;Venda;Venda #685935;360;Pix
2024-02-20T15:18:00.000Z;ENTRADA;Venda;Venda #685935;90;Pix
2024-02-19T21:20:00.000Z;ENTRADA;Venda;Venda #685935;255;Pix
2024-02-19T20:38:00.000Z;ENTRADA;Venda;Venda #685935;360;Pix
2024-02-19T19:06:00.000Z;ENTRADA;Venda;Venda #685935;135;Pix
2024-02-19T18:47:00.000Z;ENTRADA;Venda;Venda #685935;240;Pix
2024-02-19T18:35:00.000Z;ENTRADA;Venda;Venda #685935;24;Pix
2024-02-19T16:25:00.000Z;ENTRADA;Venda;Venda #685935;16;Pix
2024-02-19T15:29:00.000Z;ENTRADA;Venda;Venda #685935;16;Pix
2024-02-19T15:11:00.000Z;ENTRADA;Venda;Venda #685935;90;Pix
2024-02-18T03:00:00.000Z;SAÍDA;DESPESAS OPERACIONAIS;Compra de Insumos Reposição;-1540.457654963882;Dinheiro/Banco
2024-02-16T21:08:00.000Z;ENTRADA;Venda;Venda #685935;360;Pix
2024-02-16T17:09:00.000Z;ENTRADA;Venda;Venda #685935;85;Pix
2024-02-16T16:45:00.000Z;ENTRADA;Venda;Venda #685935;170;Pix
2024-02-16T15:37:00.000Z;ENTRADA;Venda;Venda #685935;240;Pix
2024-02-16T15:09:00.000Z;ENTRADA;Venda;Venda #685935;255;Pix
2024-02-15T22:47:00.000Z;ENTRADA;Venda;Venda #685935;45;Pix
2024-02-15T20:31:00.000Z;ENTRADA;Venda;Venda #685935;85;Pix
2024-02-15T20:10:00.000Z;ENTRADA;Venda;Venda #685935;240;Pix
2024-02-15T20:10:00.000Z;ENTRADA;Venda;Venda #685935;16;Pix
2024-02-15T18:43:00.000Z;ENTRADA;Venda;Venda #685935;24;Pix
2024-02-15T18:36:00.000Z;ENTRADA;Venda;Venda #685935;360;Pix
2024-02-15T18:34:00.000Z;ENTRADA;Venda;Venda #685935;170;Pix
2024-02-15T18:12:00.000Z;ENTRADA;Venda;Venda #685935;120;Pix
2024-02-15T17:00:00.000Z;ENTRADA;Venda;Venda #685935;16;Pix
2024-02-15T16:09:00.000Z;ENTRADA;Venda;Venda #685935;8;Pix
2024-02-15T15:34:00.000Z;ENTRADA;Venda;Venda #685935;24;Pix
2024-02-15T03:00:00.000Z;SAÍDA;DESPESAS OPERACIONAIS;Compra de Insumos Reposição;-2013.8786682762861;Dinheiro/Banco
2024-02-14T20:52:00.000Z;ENTRADA;Venda;Venda #685935;16;Pix
2024-02-14T19:26:00.000Z;ENTRADA;Venda;Venda #685935;360;Pix
2024-02-14T18:23:00.000Z;ENTRADA;Venda;Venda #685935;135;Pix
2024-02-14T17:25:00.000Z;ENTRADA;Venda;Venda #685935;120;Pix
2024-02-14T17:09:00.000Z;ENTRADA;Venda;Venda #685935;135;Pix
2024-02-14T16:27:00.000Z;ENTRADA;Venda;Venda #685935;170;Pix
2024-02-14T16:01:00.000Z;ENTRADA;Venda;Venda #685935;170;Pix
2024-02-14T15:34:00.000Z;ENTRADA;Venda;Venda #685935;24;Pix
2024-02-13T22:22:00.000Z;ENTRADA;Venda;Venda #685935;360;Pix
2024-02-13T20:12:00.000Z;ENTRADA;Venda;Venda #685935;360;Pix
2024-02-13T17:50:00.000Z;ENTRADA;Venda;Venda #685935;90;Pix
2024-02-13T16:25:00.000Z;ENTRADA;Venda;Venda #685935;255;Pix
2024-02-13T15:52:00.000Z;ENTRADA;Venda;Venda #685935;85;Pix
2024-02-12T22:38:00.000Z;ENTRADA;Venda;Venda #685935;170;Pix
2024-02-12T22:24:00.000Z;ENTRADA;Venda;Venda #685935;85;Pix
2024-02-12T21:29:00.000Z;ENTRADA;Venda;Venda #685935;16;Pix
2024-02-12T21:24:00.000Z;ENTRADA;Venda;Venda #685935;8;Pix
2024-02-12T20:54:00.000Z;ENTRADA;Venda;Venda #685935;45;Pix
2024-02-12T20:18:00.000Z;ENTRADA;Venda;Venda #685935;24;Pix
2024-02-12T19:52:00.000Z;ENTRADA;Venda;Venda #685935;85;Pix
2024-02-12T17:18:00.000Z;ENTRADA;Venda;Venda #685935;90;Pix
2024-02-12T16:53:00.000Z;ENTRADA;Venda;Venda #685935;120;Pix
2024-02-12T16:47:00.000Z;ENTRADA;Venda;Venda #685935;90;Pix
2024-02-12T16:30:00.000Z;ENTRADA;Venda;Venda #685935;360;Pix
2024-02-12T15:23:00.000Z;ENTRADA;Venda;Venda #685935;8;Pix
2024-02-12T03:00:00.000Z;SAÍDA;DESPESAS OPERACIONAIS;Internet e Software - Mês 2;-850;Dinheiro/Banco
2024-02-12T03:00:00.000Z;SAÍDA;DESPESAS OPERACIONAIS;Compra de Insumos Reposição;-1561.4351928291246;Dinheiro/Banco
2024-02-10T03:00:00.000Z;SAÍDA;DESPESAS OPERACIONAIS;Energia Elétrica - Mês 2;-4500;Dinheiro/Banco
2024-02-09T21:27:00.000Z;ENTRADA;Venda;Venda #685935;240;Pix
2024-02-09T20:48:00.000Z;ENTRADA;Venda;Venda #685935;255;Pix
2024-02-09T19:07:00.000Z;ENTRADA;Venda;Venda #685935;90;Pix
2024-02-09T18:17:00.000Z;ENTRADA;Venda;Venda #685935;255;Pix
2024-02-09T18:11:00.000Z;ENTRADA;Venda;Venda #685935;24;Pix
2024-02-09T17:58:00.000Z;ENTRADA;Venda;Venda #685935;135;Pix
2024-02-09T17:54:00.000Z;ENTRADA;Venda;Venda #685935;135;Pix
2024-02-09T15:42:00.000Z;ENTRADA;Venda;Venda #685935;24;Pix
2024-02-09T15:29:00.000Z;ENTRADA;Venda;Venda #685935;16;Pix
2024-02-09T03:00:00.000Z;SAÍDA;DESPESAS OPERACIONAIS;Compra de Insumos Reposição;-2341.10537936364;Dinheiro/Banco
2024-02-08T21:22:00.000Z;ENTRADA;Venda;Venda #685935;85;Pix
2024-02-08T20:26:00.000Z;ENTRADA;Venda;Venda #685935;24;Pix
2024-02-08T20:00:00.000Z;ENTRADA;Venda;Venda #685935;45;Pix
2024-02-08T19:27:00.000Z;ENTRADA;Venda;Venda #685935;90;Pix
2024-02-08T17:54:00.000Z;ENTRADA;Venda;Venda #685935;135;Pix
2024-02-08T17:16:00.000Z;ENTRADA;Venda;Venda #685935;8;Pix
2024-02-08T15:47:00.000Z;ENTRADA;Venda;Venda #685935;255;Pix
2024-02-08T15:24:00.000Z;ENTRADA;Venda;Venda #685935;360;Pix
2024-02-08T15:21:00.000Z;ENTRADA;Venda;Venda #685935;85;Pix
2024-02-07T22:35:00.000Z;ENTRADA;Venda;Venda #685934;360;Pix
2024-02-07T21:41:00.000Z;ENTRADA;Venda;Venda #685934;170;Pix
2024-02-07T20:48:00.000Z;ENTRADA;Venda;Venda #685934;120;Pix
2024-02-07T19:37:00.000Z;ENTRADA;Venda;Venda #685934;16;Pix
2024-02-07T19:33:00.000Z;ENTRADA;Venda;Venda #685934;85;Pix
2024-02-07T18:43:00.000Z;ENTRADA;Venda;Venda #685934;45;Pix
2024-02-07T18:02:00.000Z;ENTRADA;Venda;Venda #685934;360;Pix
2024-02-07T17:05:00.000Z;ENTRADA;Venda;Venda #685934;16;Pix
2024-02-07T15:38:00.000Z;ENTRADA;Venda;Venda #685934;45;Pix
2024-02-06T21:01:00.000Z;ENTRADA;Venda;Venda #685934;255;Pix
2024-02-06T20:36:00.000Z;ENTRADA;Venda;Venda #685934;360;Pix
2024-02-06T19:06:00.000Z;ENTRADA;Venda;Venda #685934;360;Pix
2024-02-06T17:19:00.000Z;ENTRADA;Venda;Venda #685934;135;Pix
2024-02-06T16:42:00.000Z;ENTRADA;Venda;Venda #685934;135;Pix
2024-02-06T03:00:00.000Z;SAÍDA;DESPESAS OPERACIONAIS;Folha de Pagamento - Mês 2;-28000;Dinheiro/Banco
2024-02-06T03:00:00.000Z;SAÍDA;DESPESAS OPERACIONAIS;Compra de Insumos Reposição;-2029.5922110589868;Dinheiro/Banco
2024-02-05T22:47:00.000Z;ENTRADA;Venda;Venda #685934;8;Pix
2024-02-05T22:43:00.000Z;ENTRADA;Venda;Venda #685934;240;Pix
2024-02-05T19:11:00.000Z;ENTRADA;Venda;Venda #685934;135;Pix
2024-02-05T18:47:00.000Z;ENTRADA;Venda;Venda #685934;255;Pix
2024-02-05T18:01:00.000Z;ENTRADA;Venda;Venda #685934;170;Pix
2024-02-05T15:50:00.000Z;ENTRADA;Venda;Venda #685934;360;Pix
2024-02-05T15:36:00.000Z;ENTRADA;Venda;Venda #685934;45;Pix
2024-02-05T03:00:00.000Z;SAÍDA;DESPESAS OPERACIONAIS;Aluguel Mensal - Mês 2;-12000;Dinheiro/Banco
2024-02-03T03:00:00.000Z;SAÍDA;DESPESAS OPERACIONAIS;Compra de Insumos Reposição;-1862.6113667678692;Dinheiro/Banco
2024-02-02T22:30:00.000Z;ENTRADA;Venda;Venda #685934;360;Pix
2024-02-02T20:47:00.000Z;ENTRADA;Venda;Venda #685934;16;Pix
2024-02-02T19:24:00.000Z;ENTRADA;Venda;Venda #685934;135;Pix
2024-02-02T17:08:00.000Z;ENTRADA;Venda;Venda #685934;135;Pix
2024-02-02T16:58:00.000Z;ENTRADA;Venda;Venda #685934;85;Pix
2024-02-02T15:17:00.000Z;ENTRADA;Venda;Venda #685934;360;Pix
2024-02-01T22:42:00.000Z;ENTRADA;Venda;Venda #685934;85;Pix
2024-02-01T22:06:00.000Z;ENTRADA;Venda;Venda #685934;90;Pix
2024-02-01T21:41:00.000Z;ENTRADA;Venda;Venda #685934;360;Pix
2024-02-01T21:18:00.000Z;ENTRADA;Venda;Venda #685934;360;Pix
2024-02-01T18:57:00.000Z;ENTRADA;Venda;Venda #685934;24;Pix
2024-02-01T16:57:00.000Z;ENTRADA;Venda;Venda #685934;135;Pix
2024-02-01T15:12:00.000Z;ENTRADA;Venda;Venda #685934;120;Pix
2024-01-31T22:49:00.000Z;ENTRADA;Venda;Venda #685934;360;Pix
2024-01-31T22:40:00.000Z;ENTRADA;Venda;Venda #685934;8;Pix
2024-01-31T22:37:00.000Z;ENTRADA;Venda;Venda #685934;85;Pix
2024-01-31T22:28:00.000Z;ENTRADA;Venda;Venda #685934;170;Pix
2024-01-31T22:07:00.000Z;ENTRADA;Venda;Venda #685934;45;Pix
2024-01-31T22:00:00.000Z;ENTRADA;Venda;Venda #685934;8;Pix
2024-01-31T21:43:00.000Z;ENTRADA;Venda;Venda #685934;85;Pix
2024-01-31T21:25:00.000Z;ENTRADA;Venda;Venda #685934;24;Pix
2024-01-31T21:15:00.000Z;ENTRADA;Venda;Venda #685934;360;Pix
2024-01-31T21:13:00.000Z;ENTRADA;Venda;Venda #685934;120;Pix
2024-01-31T21:03:00.000Z;ENTRADA;Venda;Venda #685934;135;Pix
2024-01-31T20:56:00.000Z;ENTRADA;Venda;Venda #685934;170;Pix
2024-01-31T20:55:00.000Z;ENTRADA;Venda;Venda #685934;360;Pix
2024-01-31T20:53:00.000Z;ENTRADA;Venda;Venda #685934;8;Pix
2024-01-31T20:48:00.000Z;ENTRADA;Venda;Venda #685934;24;Pix
2024-01-31T20:35:00.000Z;ENTRADA;Venda;Venda #685934;85;Pix
2024-01-31T20:32:00.000Z;ENTRADA;Venda;Venda #685934;8;Pix
2024-01-31T20:24:00.000Z;ENTRADA;Venda;Venda #685934;16;Pix
2024-01-31T20:21:00.000Z;ENTRADA;Venda;Venda #685934;45;Pix
2024-01-31T20:03:00.000Z;ENTRADA;Venda;Venda #685934;240;Pix
2024-01-31T20:03:00.000Z;ENTRADA;Venda;Venda #685934;360;Pix
2024-01-31T19:50:00.000Z;ENTRADA;Venda;Venda #685934;120;Pix
2024-01-31T19:47:00.000Z;ENTRADA;Venda;Venda #685934;8;Pix
2024-01-31T19:43:00.000Z;ENTRADA;Venda;Venda #685934;135;Pix
2024-01-31T19:34:00.000Z;ENTRADA;Venda;Venda #685934;90;Pix
2024-01-31T19:03:00.000Z;ENTRADA;Venda;Venda #685934;45;Pix
2024-01-31T18:50:00.000Z;ENTRADA;Venda;Venda #685934;120;Pix
2024-01-31T18:46:00.000Z;ENTRADA;Venda;Venda #685934;170;Pix
2024-01-31T18:35:00.000Z;ENTRADA;Venda;Venda #685934;240;Pix
2024-01-31T18:31:00.000Z;ENTRADA;Venda;Venda #685934;360;Pix
2024-01-31T18:28:00.000Z;ENTRADA;Venda;Venda #685934;24;Pix
2024-01-31T18:16:00.000Z;ENTRADA;Venda;Venda #685934;240;Pix
2024-01-31T17:56:00.000Z;ENTRADA;Venda;Venda #685934;16;Pix
2024-01-31T17:53:00.000Z;ENTRADA;Venda;Venda #685934;85;Pix
2024-01-31T17:53:00.000Z;ENTRADA;Venda;Venda #685934;90;Pix
2024-01-31T17:39:00.000Z;ENTRADA;Venda;Venda #685934;170;Pix
2024-01-31T17:38:00.000Z;ENTRADA;Venda;Venda #685934;360;Pix
2024-01-31T17:29:00.000Z;ENTRADA;Venda;Venda #685934;16;Pix
2024-01-31T17:10:00.000Z;ENTRADA;Venda;Venda #685934;360;Pix
2024-01-31T16:53:00.000Z;ENTRADA;Venda;Venda #685934;85;Pix
2024-01-31T16:47:00.000Z;ENTRADA;Venda;Venda #685934;24;Pix
2024-01-31T16:39:00.000Z;ENTRADA;Venda;Venda #685934;240;Pix
2024-01-31T16:26:00.000Z;ENTRADA;Venda;Venda #685934;8;Pix
2024-01-31T16:16:00.000Z;ENTRADA;Venda;Venda #685934;135;Pix
2024-01-31T16:13:00.000Z;ENTRADA;Venda;Venda #685934;170;Pix
2024-01-31T16:04:00.000Z;ENTRADA;Venda;Venda #685934;8;Pix
2024-01-31T15:53:00.000Z;ENTRADA;Venda;Venda #685934;170;Pix
2024-01-31T15:51:00.000Z;ENTRADA;Venda;Venda #685934;24;Pix
2024-01-31T15:42:00.000Z;ENTRADA;Venda;Venda #685934;24;Pix
2024-01-31T15:38:00.000Z;ENTRADA;Venda;Venda #685934;24;Pix
2024-01-31T15:31:00.000Z;ENTRADA;Venda;Venda #685934;255;Pix
2024-01-31T15:15:00.000Z;ENTRADA;Venda;Venda #685934;85;Pix
2024-01-31T15:04:00.000Z;ENTRADA;Venda;Venda #685934;45;Pix
2024-01-30T22:51:00.000Z;ENTRADA;Venda;Venda #685934;16;Pix
2024-01-30T22:25:00.000Z;ENTRADA;Venda;Venda #685934;16;Pix
2024-01-30T22:25:00.000Z;ENTRADA;Venda;Venda #685934;85;Pix
2024-01-30T21:55:00.000Z;ENTRADA;Venda;Venda #685934;240;Pix
2024-01-30T21:55:00.000Z;ENTRADA;Venda;Venda #685934;170;Pix
2024-01-30T21:45:00.000Z;ENTRADA;Venda;Venda #685934;255;Pix
2024-01-30T21:45:00.000Z;ENTRADA;Venda;Venda #685934;120;Pix
2024-01-30T21:41:00.000Z;ENTRADA;Venda;Venda #685934;45;Pix
2024-01-30T21:39:00.000Z;ENTRADA;Venda;Venda #685934;85;Pix
2024-01-30T21:23:00.000Z;ENTRADA;Venda;Venda #685934;255;Pix
2024-01-30T21:16:00.000Z;ENTRADA;Venda;Venda #685934;8;Pix
2024-01-30T21:11:00.000Z;ENTRADA;Venda;Venda #685934;90;Pix
2024-01-30T21:09:00.000Z;ENTRADA;Venda;Venda #685934;120;Pix
2024-01-30T21:03:00.000Z;ENTRADA;Venda;Venda #685934;255;Pix
2024-01-30T20:48:00.000Z;ENTRADA;Venda;Venda #685934;24;Pix
2024-01-30T20:41:00.000Z;ENTRADA;Venda;Venda #685934;8;Pix
2024-01-30T20:40:00.000Z;ENTRADA;Venda;Venda #685934;240;Pix
2024-01-30T20:38:00.000Z;ENTRADA;Venda;Venda #685934;120;Pix
2024-01-30T19:56:00.000Z;ENTRADA;Venda;Venda #685934;90;Pix
2024-01-30T19:51:00.000Z;ENTRADA;Venda;Venda #685934;135;Pix
2024-01-30T19:48:00.000Z;ENTRADA;Venda;Venda #685934;170;Pix
2024-01-30T19:47:00.000Z;ENTRADA;Venda;Venda #685934;120;Pix
2024-01-30T19:40:00.000Z;ENTRADA;Venda;Venda #685934;90;Pix
2024-01-30T19:40:00.000Z;ENTRADA;Venda;Venda #685934;135;Pix
2024-01-30T19:17:00.000Z;ENTRADA;Venda;Venda #685934;170;Pix
2024-01-30T19:09:00.000Z;ENTRADA;Venda;Venda #685934;24;Pix
2024-01-30T19:08:00.000Z;ENTRADA;Venda;Venda #685934;255;Pix
2024-01-30T18:54:00.000Z;ENTRADA;Venda;Venda #685934;24;Pix
2024-01-30T18:37:00.000Z;ENTRADA;Venda;Venda #685934;85;Pix
2024-01-30T18:28:00.000Z;ENTRADA;Venda;Venda #685934;90;Pix
2024-01-30T18:12:00.000Z;ENTRADA;Venda;Venda #685934;90;Pix
2024-01-30T18:02:00.000Z;ENTRADA;Venda;Venda #685934;170;Pix
2024-01-30T17:47:00.000Z;ENTRADA;Venda;Venda #685934;24;Pix
2024-01-30T17:47:00.000Z;ENTRADA;Venda;Venda #685934;135;Pix
2024-01-30T17:44:00.000Z;ENTRADA;Venda;Venda #685934;360;Pix
2024-01-30T17:40:00.000Z;ENTRADA;Venda;Venda #685933;8;Pix
2024-01-30T17:36:00.000Z;ENTRADA;Venda;Venda #685934;85;Pix
2024-01-30T17:35:00.000Z;ENTRADA;Venda;Venda #685934;240;Pix
2024-01-30T17:16:00.000Z;ENTRADA;Venda;Venda #685934;120;Pix
2024-01-30T17:13:00.000Z;ENTRADA;Venda;Venda #685934;90;Pix
2024-01-30T17:12:00.000Z;ENTRADA;Venda;Venda #685934;8;Pix
2024-01-30T16:57:00.000Z;ENTRADA;Venda;Venda #685934;135;Pix
2024-01-30T16:48:00.000Z;ENTRADA;Venda;Venda #685934;360;Pix
2024-01-30T16:47:00.000Z;ENTRADA;Venda;Venda #685934;170;Pix
2024-01-30T16:43:00.000Z;ENTRADA;Venda;Venda #685934;135;Pix
2024-01-30T16:39:00.000Z;ENTRADA;Venda;Venda #685933;8;Pix
2024-01-30T16:33:00.000Z;ENTRADA;Venda;Venda #685934;24;Pix
2024-01-30T16:29:00.000Z;ENTRADA;Venda;Venda #685934;360;Pix
2024-01-30T16:27:00.000Z;ENTRADA;Venda;Venda #685934;8;Pix
2024-01-30T16:24:00.000Z;ENTRADA;Venda;Venda #685934;8;Pix
2024-01-30T16:21:00.000Z;ENTRADA;Venda;Venda #685934;120;Pix
2024-01-30T16:13:00.000Z;ENTRADA;Venda;Venda #685934;45;Pix
2024-01-30T16:03:00.000Z;ENTRADA;Venda;Venda #685934;255;Pix
2024-01-30T15:47:00.000Z;ENTRADA;Venda;Venda #685934;16;Pix
2024-01-30T15:15:00.000Z;ENTRADA;Venda;Venda #685934;16;Pix
2024-01-30T03:00:00.000Z;SAÍDA;DESPESAS OPERACIONAIS;Compra de Insumos Reposição;-1885.2131474867542;Dinheiro/Banco
2024-01-29T22:54:00.000Z;ENTRADA;Venda;Venda #685933;255;Pix
2024-01-29T22:49:00.000Z;ENTRADA;Venda;Venda #685933;8;Pix
2024-01-29T22:22:00.000Z;ENTRADA;Venda;Venda #685933;120;Pix
2024-01-29T21:58:00.000Z;ENTRADA;Venda;Venda #685933;135;Pix
2024-01-29T21:48:00.000Z;ENTRADA;Venda;Venda #685933;255;Pix
2024-01-29T21:47:00.000Z;ENTRADA;Venda;Venda #685933;360;Pix
2024-01-29T21:38:00.000Z;ENTRADA;Venda;Venda #685933;135;Pix
2024-01-29T21:26:00.000Z;ENTRADA;Venda;Venda #685933;45;Pix
2024-01-29T21:13:00.000Z;ENTRADA;Venda;Venda #685933;170;Pix
2024-01-29T21:06:00.000Z;ENTRADA;Venda;Venda #685933;135;Pix
2024-01-29T21:02:00.000Z;ENTRADA;Venda;Venda #685933;135;Pix
2024-01-29T21:01:00.000Z;ENTRADA;Venda;Venda #685933;8;Pix
2024-01-29T20:58:00.000Z;ENTRADA;Venda;Venda #685933;85;Pix
2024-01-29T20:57:00.000Z;ENTRADA;Venda;Venda #685933;45;Pix
2024-01-29T20:53:00.000Z;ENTRADA;Venda;Venda #685933;16;Pix
2024-01-29T20:47:00.000Z;ENTRADA;Venda;Venda #685933;90;Pix
2024-01-29T20:44:00.000Z;ENTRADA;Venda;Venda #685933;45;Pix
2024-01-29T20:25:00.000Z;ENTRADA;Venda;Venda #685933;85;Pix
2024-01-29T20:21:00.000Z;ENTRADA;Venda;Venda #685933;255;Pix
2024-01-29T20:09:00.000Z;ENTRADA;Venda;Venda #685933;90;Pix
2024-01-29T20:08:00.000Z;ENTRADA;Venda;Venda #685933;90;Pix
2024-01-29T19:46:00.000Z;ENTRADA;Venda;Venda #685933;360;Pix
2024-01-29T19:46:00.000Z;ENTRADA;Venda;Venda #685933;16;Pix
2024-01-29T19:42:00.000Z;ENTRADA;Venda;Venda #685933;360;Pix
2024-01-29T19:41:00.000Z;ENTRADA;Venda;Venda #685933;240;Pix
2024-01-29T19:37:00.000Z;ENTRADA;Venda;Venda #685933;360;Pix
2024-01-29T19:32:00.000Z;ENTRADA;Venda;Venda #685933;8;Pix
2024-01-29T19:22:00.000Z;ENTRADA;Venda;Venda #685933;16;Pix
2024-01-29T19:18:00.000Z;ENTRADA;Venda;Venda #685933;120;Pix
2024-01-29T18:57:00.000Z;ENTRADA;Venda;Venda #685933;24;Pix
2024-01-29T18:49:00.000Z;ENTRADA;Venda;Venda #685933;360;Pix
2024-01-29T18:40:00.000Z;ENTRADA;Venda;Venda #685933;360;Pix
2024-01-29T18:23:00.000Z;ENTRADA;Venda;Venda #685933;90;Pix
2024-01-29T18:07:00.000Z;ENTRADA;Venda;Venda #685933;85;Pix
2024-01-29T17:49:00.000Z;ENTRADA;Venda;Venda #685933;85;Pix
2024-01-29T17:22:00.000Z;ENTRADA;Venda;Venda #685933;24;Pix
2024-01-29T17:17:00.000Z;ENTRADA;Venda;Venda #685933;170;Pix
2024-01-29T17:03:00.000Z;ENTRADA;Venda;Venda #685933;360;Pix
2024-01-29T16:39:00.000Z;ENTRADA;Venda;Venda #685933;135;Pix
2024-01-29T15:58:00.000Z;ENTRADA;Venda;Venda #685933;255;Pix
2024-01-29T15:24:00.000Z;ENTRADA;Venda;Venda #685933;16;Pix
2024-01-29T15:10:00.000Z;ENTRADA;Venda;Venda #685933;360;Pix
2024-01-29T15:10:00.000Z;ENTRADA;Venda;Venda #685933;45;Pix
2024-01-29T15:09:00.000Z;ENTRADA;Venda;Venda #685933;360;Pix
2024-01-29T15:06:00.000Z;ENTRADA;Venda;Venda #685933;45;Pix
2024-01-27T03:00:00.000Z;SAÍDA;DESPESAS OPERACIONAIS;Compra de Insumos Reposição;-1633.950510619344;Dinheiro/Banco
2024-01-26T22:52:00.000Z;ENTRADA;Venda;Venda #685933;170;Pix
2024-01-26T22:41:00.000Z;ENTRADA;Venda;Venda #685933;45;Pix
2024-01-26T22:38:00.000Z;ENTRADA;Venda;Venda #685933;170;Pix
2024-01-26T22:35:00.000Z;ENTRADA;Venda;Venda #685933;170;Pix
2024-01-26T22:03:00.000Z;ENTRADA;Venda;Venda #685933;170;Pix
2024-01-26T21:56:00.000Z;ENTRADA;Venda;Venda #685933;24;Pix
2024-01-26T21:47:00.000Z;ENTRADA;Venda;Venda #685933;120;Pix
2024-01-26T21:44:00.000Z;ENTRADA;Venda;Venda #685933;255;Pix
2024-01-26T21:27:00.000Z;ENTRADA;Venda;Venda #685933;90;Pix
2024-01-26T21:22:00.000Z;ENTRADA;Venda;Venda #685933;90;Pix
2024-01-26T21:19:00.000Z;ENTRADA;Venda;Venda #685933;90;Pix
2024-01-26T20:53:00.000Z;ENTRADA;Venda;Venda #685933;24;Pix
2024-01-26T20:47:00.000Z;ENTRADA;Venda;Venda #685933;170;Pix
2024-01-26T20:40:00.000Z;ENTRADA;Venda;Venda #685933;255;Pix
2024-01-26T20:21:00.000Z;ENTRADA;Venda;Venda #685933;90;Pix
2024-01-26T20:20:00.000Z;ENTRADA;Venda;Venda #685933;135;Pix
2024-01-26T20:15:00.000Z;ENTRADA;Venda;Venda #685933;240;Pix
2024-01-26T20:04:00.000Z;ENTRADA;Venda;Venda #685933;135;Pix
2024-01-26T20:00:00.000Z;ENTRADA;Venda;Venda #685933;90;Pix
2024-01-26T19:22:00.000Z;ENTRADA;Venda;Venda #685933;135;Pix
2024-01-26T19:14:00.000Z;ENTRADA;Venda;Venda #685933;45;Pix
2024-01-26T19:05:00.000Z;ENTRADA;Venda;Venda #685933;45;Pix
2024-01-26T19:02:00.000Z;ENTRADA;Venda;Venda #685933;240;Pix
2024-01-26T18:53:00.000Z;ENTRADA;Venda;Venda #685933;24;Pix
2024-01-26T18:30:00.000Z;ENTRADA;Venda;Venda #685933;90;Pix
2024-01-26T18:21:00.000Z;ENTRADA;Venda;Venda #685933;170;Pix
2024-01-26T18:11:00.000Z;ENTRADA;Venda;Venda #685933;360;Pix
2024-01-26T18:09:00.000Z;ENTRADA;Venda;Venda #685933;240;Pix
2024-01-26T18:03:00.000Z;ENTRADA;Venda;Venda #685933;255;Pix
2024-01-26T17:33:00.000Z;ENTRADA;Venda;Venda #685933;85;Pix
2024-01-26T17:24:00.000Z;ENTRADA;Venda;Venda #685933;90;Pix
2024-01-26T17:16:00.000Z;ENTRADA;Venda;Venda #685933;240;Pix
2024-01-26T16:58:00.000Z;ENTRADA;Venda;Venda #685933;255;Pix
2024-01-26T16:55:00.000Z;ENTRADA;Venda;Venda #685933;85;Pix
2024-01-26T16:49:00.000Z;ENTRADA;Venda;Venda #685933;360;Pix
2024-01-26T16:42:00.000Z;ENTRADA;Venda;Venda #685933;255;Pix
2024-01-26T16:39:00.000Z;ENTRADA;Venda;Venda #685933;255;Pix
2024-01-26T16:27:00.000Z;ENTRADA;Venda;Venda #685933;45;Pix
2024-01-26T16:18:00.000Z;ENTRADA;Venda;Venda #685933;16;Pix
2024-01-26T16:07:00.000Z;ENTRADA;Venda;Venda #685933;45;Pix
2024-01-26T16:06:00.000Z;ENTRADA;Venda;Venda #685933;45;Pix
2024-01-26T16:02:00.000Z;ENTRADA;Venda;Venda #685933;90;Pix
2024-01-26T15:30:00.000Z;ENTRADA;Venda;Venda #685933;255;Pix
2024-01-26T15:30:00.000Z;ENTRADA;Venda;Venda #685933;16;Pix
2024-01-26T15:21:00.000Z;ENTRADA;Venda;Venda #685933;90;Pix
2024-01-26T15:16:00.000Z;ENTRADA;Venda;Venda #685933;255;Pix
2024-01-26T15:14:00.000Z;ENTRADA;Venda;Venda #685933;24;Pix
2024-01-25T22:50:00.000Z;ENTRADA;Venda;Venda #685933;8;Pix
2024-01-25T22:20:00.000Z;ENTRADA;Venda;Venda #685933;360;Pix
2024-01-25T22:15:00.000Z;ENTRADA;Venda;Venda #685933;24;Pix
2024-01-25T22:02:00.000Z;ENTRADA;Venda;Venda #685933;45;Pix
2024-01-25T21:52:00.000Z;ENTRADA;Venda;Venda #685933;16;Pix
2024-01-25T21:52:00.000Z;ENTRADA;Venda;Venda #685933;360;Pix
2024-01-25T21:51:00.000Z;ENTRADA;Venda;Venda #685933;24;Pix
2024-01-25T21:24:00.000Z;ENTRADA;Venda;Venda #685933;255;Pix
2024-01-25T21:22:00.000Z;ENTRADA;Venda;Venda #685933;120;Pix
2024-01-25T21:04:00.000Z;ENTRADA;Venda;Venda #685933;170;Pix
2024-01-25T21:04:00.000Z;ENTRADA;Venda;Venda #685933;360;Pix
2024-01-25T21:01:00.000Z;ENTRADA;Venda;Venda #685933;85;Pix
2024-01-25T20:56:00.000Z;ENTRADA;Venda;Venda #685933;16;Pix
2024-01-25T20:47:00.000Z;ENTRADA;Venda;Venda #685933;360;Pix
2024-01-25T20:24:00.000Z;ENTRADA;Venda;Venda #685933;16;Pix
2024-01-25T20:12:00.000Z;ENTRADA;Venda;Venda #685933;90;Pix
2024-01-25T20:11:00.000Z;ENTRADA;Venda;Venda #685933;16;Pix
2024-01-25T20:05:00.000Z;ENTRADA;Venda;Venda #685933;90;Pix
2024-01-25T19:57:00.000Z;ENTRADA;Venda;Venda #685933;90;Pix
2024-01-25T19:57:00.000Z;ENTRADA;Venda;Venda #685933;16;Pix
2024-01-25T19:57:00.000Z;ENTRADA;Venda;Venda #685933;255;Pix
2024-01-25T19:51:00.000Z;ENTRADA;Venda;Venda #685933;85;Pix
2024-01-25T19:49:00.000Z;ENTRADA;Venda;Venda #685933;90;Pix
2024-01-25T19:42:00.000Z;ENTRADA;Venda;Venda #685933;8;Pix
2024-01-25T19:37:00.000Z;ENTRADA;Venda;Venda #685933;8;Pix
2024-01-25T19:22:00.000Z;ENTRADA;Venda;Venda #685933;120;Pix
2024-01-25T19:21:00.000Z;ENTRADA;Venda;Venda #685933;120;Pix
2024-01-25T19:08:00.000Z;ENTRADA;Venda;Venda #685933;85;Pix
2024-01-25T18:48:00.000Z;ENTRADA;Venda;Venda #685933;255;Pix
2024-01-25T18:20:00.000Z;ENTRADA;Venda;Venda #685933;24;Pix
2024-01-25T18:03:00.000Z;ENTRADA;Venda;Venda #685933;90;Pix
2024-01-25T17:53:00.000Z;ENTRADA;Venda;Venda #685933;240;Pix
2024-01-25T17:52:00.000Z;ENTRADA;Venda;Venda #685933;16;Pix
2024-01-25T17:47:00.000Z;ENTRADA;Venda;Venda #685933;90;Pix
2024-01-25T17:45:00.000Z;ENTRADA;Venda;Venda #685933;90;Pix
2024-01-25T17:42:00.000Z;ENTRADA;Venda;Venda #685933;120;Pix
2024-01-25T17:28:00.000Z;ENTRADA;Venda;Venda #685933;170;Pix
2024-01-25T17:22:00.000Z;ENTRADA;Venda;Venda #685933;45;Pix
2024-01-25T17:07:00.000Z;ENTRADA;Venda;Venda #685933;240;Pix
2024-01-25T17:07:00.000Z;ENTRADA;Venda;Venda #685933;24;Pix
2024-01-25T17:05:00.000Z;ENTRADA;Venda;Venda #685933;240;Pix
2024-01-25T17:03:00.000Z;ENTRADA;Venda;Venda #685933;16;Pix
2024-01-25T16:32:00.000Z;ENTRADA;Venda;Venda #685933;45;Pix
2024-01-25T16:29:00.000Z;ENTRADA;Venda;Venda #685933;135;Pix
2024-01-25T16:19:00.000Z;ENTRADA;Venda;Venda #685933;170;Pix
2024-01-25T16:17:00.000Z;ENTRADA;Venda;Venda #685933;170;Pix
2024-01-25T15:48:00.000Z;ENTRADA;Venda;Venda #685933;16;Pix
2024-01-25T15:42:00.000Z;ENTRADA;Venda;Venda #685933;85;Pix
2024-01-25T15:42:00.000Z;ENTRADA;Venda;Venda #685933;255;Pix
2024-01-25T15:31:00.000Z;ENTRADA;Venda;Venda #685933;90;Pix
2024-01-25T15:30:00.000Z;ENTRADA;Venda;Venda #685933;85;Pix
2024-01-25T15:22:00.000Z;ENTRADA;Venda;Venda #685933;255;Pix
2024-01-25T15:21:00.000Z;ENTRADA;Venda;Venda #685933;24;Pix
2024-01-25T15:16:00.000Z;ENTRADA;Venda;Venda #685933;120;Pix
2024-01-25T15:14:00.000Z;ENTRADA;Venda;Venda #685933;135;Pix
2024-01-25T15:07:00.000Z;ENTRADA;Venda;Venda #685933;135;Pix
2024-01-24T22:48:00.000Z;ENTRADA;Venda;Venda #685933;120;Pix
2024-01-24T22:42:00.000Z;ENTRADA;Venda;Venda #685933;8;Pix
2024-01-24T22:19:00.000Z;ENTRADA;Venda;Venda #685933;135;Pix
2024-01-24T22:03:00.000Z;ENTRADA;Venda;Venda #685933;135;Pix
2024-01-24T21:47:00.000Z;ENTRADA;Venda;Venda #685933;85;Pix
2024-01-24T21:46:00.000Z;ENTRADA;Venda;Venda #685933;85;Pix
2024-01-24T21:36:00.000Z;ENTRADA;Venda;Venda #685933;360;Pix
2024-01-24T21:35:00.000Z;ENTRADA;Venda;Venda #685933;120;Pix
2024-01-24T21:24:00.000Z;ENTRADA;Venda;Venda #685933;240;Pix
2024-01-24T21:23:00.000Z;ENTRADA;Venda;Venda #685933;16;Pix
2024-01-24T21:13:00.000Z;ENTRADA;Venda;Venda #685933;240;Pix
2024-01-24T21:09:00.000Z;ENTRADA;Venda;Venda #685933;45;Pix
2024-01-24T21:08:00.000Z;ENTRADA;Venda;Venda #685933;8;Pix
2024-01-24T21:05:00.000Z;ENTRADA;Venda;Venda #685933;360;Pix
2024-01-24T21:04:00.000Z;ENTRADA;Venda;Venda #685933;85;Pix
2024-01-24T20:56:00.000Z;ENTRADA;Venda;Venda #685933;8;Pix
2024-01-24T20:09:00.000Z;ENTRADA;Venda;Venda #685933;170;Pix
2024-01-24T19:53:00.000Z;ENTRADA;Venda;Venda #685933;120;Pix
2024-01-24T19:50:00.000Z;ENTRADA;Venda;Venda #685933;24;Pix
2024-01-24T19:49:00.000Z;ENTRADA;Venda;Venda #685933;24;Pix
2024-01-24T19:29:00.000Z;ENTRADA;Venda;Venda #685933;170;Pix
2024-01-24T18:55:00.000Z;ENTRADA;Venda;Venda #685933;24;Pix
2024-01-24T18:55:00.000Z;ENTRADA;Venda;Venda #685933;85;Pix
2024-01-24T18:52:00.000Z;ENTRADA;Venda;Venda #685933;170;Pix
2024-01-24T18:29:00.000Z;ENTRADA;Venda;Venda #685933;45;Pix
2024-01-24T18:10:00.000Z;ENTRADA;Venda;Venda #685933;90;Pix
2024-01-24T17:56:00.000Z;ENTRADA;Venda;Venda #685933;255;Pix
2024-01-24T17:53:00.000Z;ENTRADA;Venda;Venda #685933;85;Pix
2024-01-24T17:35:00.000Z;ENTRADA;Venda;Venda #685933;45;Pix
2024-01-24T17:32:00.000Z;ENTRADA;Venda;Venda #685933;24;Pix
2024-01-24T17:32:00.000Z;ENTRADA;Venda;Venda #685933;170;Pix
2024-01-24T17:25:00.000Z;ENTRADA;Venda;Venda #685933;135;Pix
2024-01-24T17:20:00.000Z;ENTRADA;Venda;Venda #685933;170;Pix
2024-01-24T17:11:00.000Z;ENTRADA;Venda;Venda #685933;255;Pix
2024-01-24T17:09:00.000Z;ENTRADA;Venda;Venda #685933;255;Pix
2024-01-24T16:57:00.000Z;ENTRADA;Venda;Venda #685933;8;Pix
2024-01-24T16:50:00.000Z;ENTRADA;Venda;Venda #685933;360;Pix
2024-01-24T16:49:00.000Z;ENTRADA;Venda;Venda #685933;24;Pix
2024-01-24T16:45:00.000Z;ENTRADA;Venda;Venda #685933;240;Pix
2024-01-24T16:41:00.000Z;ENTRADA;Venda;Venda #685933;8;Pix
2024-01-24T16:40:00.000Z;ENTRADA;Venda;Venda #685933;360;Pix
2024-01-24T16:23:00.000Z;ENTRADA;Venda;Venda #685933;24;Pix
2024-01-24T16:17:00.000Z;ENTRADA;Venda;Venda #685933;85;Pix
2024-01-24T16:13:00.000Z;ENTRADA;Venda;Venda #685933;45;Pix
2024-01-24T16:12:00.000Z;ENTRADA;Venda;Venda #685933;255;Pix
2024-01-24T16:09:00.000Z;ENTRADA;Venda;Venda #685933;45;Pix
2024-01-24T15:55:00.000Z;ENTRADA;Venda;Venda #685933;45;Pix
2024-01-24T15:36:00.000Z;ENTRADA;Venda;Venda #685933;45;Pix
2024-01-24T15:11:00.000Z;ENTRADA;Venda;Venda #685933;135;Pix
2024-01-24T15:04:00.000Z;ENTRADA;Venda;Venda #685933;240;Pix
2024-01-24T15:00:00.000Z;ENTRADA;Venda;Venda #685933;240;Pix
2024-01-24T03:00:00.000Z;SAÍDA;DESPESAS OPERACIONAIS;Compra de Insumos Reposição;-2143.892830561668;Dinheiro/Banco
2024-01-23T22:51:00.000Z;ENTRADA;Venda;Venda #685932;24;Pix
2024-01-23T22:38:00.000Z;ENTRADA;Venda;Venda #685932;8;Pix
2024-01-23T22:16:00.000Z;ENTRADA;Venda;Venda #685932;45;Pix
2024-01-23T21:25:00.000Z;ENTRADA;Venda;Venda #685932;360;Pix
2024-01-23T21:17:00.000Z;ENTRADA;Venda;Venda #685932;90;Pix
2024-01-23T20:55:00.000Z;ENTRADA;Venda;Venda #685932;360;Pix
2024-01-23T20:40:00.000Z;ENTRADA;Venda;Venda #685932;8;Pix
2024-01-23T20:22:00.000Z;ENTRADA;Venda;Venda #685932;45;Pix
2024-01-23T20:20:00.000Z;ENTRADA;Venda;Venda #685932;24;Pix
2024-01-23T20:14:00.000Z;ENTRADA;Venda;Venda #685932;24;Pix
2024-01-23T20:06:00.000Z;ENTRADA;Venda;Venda #685932;135;Pix
2024-01-23T20:00:00.000Z;ENTRADA;Venda;Venda #685932;120;Pix
2024-01-23T19:33:00.000Z;ENTRADA;Venda;Venda #685932;255;Pix
2024-01-23T19:26:00.000Z;ENTRADA;Venda;Venda #685932;360;Pix
2024-01-23T19:03:00.000Z;ENTRADA;Venda;Venda #685932;360;Pix
2024-01-23T19:02:00.000Z;ENTRADA;Venda;Venda #685932;240;Pix
2024-01-23T18:38:00.000Z;ENTRADA;Venda;Venda #685932;85;Pix
2024-01-23T18:30:00.000Z;ENTRADA;Venda;Venda #685932;120;Pix
2024-01-23T18:21:00.000Z;ENTRADA;Venda;Venda #685932;16;Pix
2024-01-23T18:19:00.000Z;ENTRADA;Venda;Venda #685932;240;Pix
2024-01-23T18:19:00.000Z;ENTRADA;Venda;Venda #685932;240;Pix
2024-01-23T18:16:00.000Z;ENTRADA;Venda;Venda #685932;16;Pix
2024-01-23T17:57:00.000Z;ENTRADA;Venda;Venda #685932;85;Pix
2024-01-23T17:54:00.000Z;ENTRADA;Venda;Venda #685932;135;Pix
2024-01-23T17:54:00.000Z;ENTRADA;Venda;Venda #685932;45;Pix
2024-01-23T17:40:00.000Z;ENTRADA;Venda;Venda #685932;240;Pix
2024-01-23T17:33:00.000Z;ENTRADA;Venda;Venda #685932;240;Pix
2024-01-23T17:19:00.000Z;ENTRADA;Venda;Venda #685932;255;Pix
2024-01-23T17:12:00.000Z;ENTRADA;Venda;Venda #685932;90;Pix
2024-01-23T17:03:00.000Z;ENTRADA;Venda;Venda #685932;24;Pix
2024-01-23T16:50:00.000Z;ENTRADA;Venda;Venda #685932;45;Pix
2024-01-23T16:49:00.000Z;ENTRADA;Venda;Venda #685932;90;Pix
2024-01-23T16:48:00.000Z;ENTRADA;Venda;Venda #685932;255;Pix
2024-01-23T16:45:00.000Z;ENTRADA;Venda;Venda #685932;16;Pix
2024-01-23T16:35:00.000Z;ENTRADA;Venda;Venda #685932;16;Pix
2024-01-23T16:25:00.000Z;ENTRADA;Venda;Venda #685932;45;Pix
2024-01-23T15:44:00.000Z;ENTRADA;Venda;Venda #685933;255;Pix
2024-01-23T15:41:00.000Z;ENTRADA;Venda;Venda #685932;360;Pix
2024-01-23T15:24:00.000Z;ENTRADA;Venda;Venda #685932;240;Pix
2024-01-23T15:23:00.000Z;ENTRADA;Venda;Venda #685932;360;Pix
2024-01-23T15:19:00.000Z;ENTRADA;Venda;Venda #685932;90;Pix
2024-01-23T15:14:00.000Z;ENTRADA;Venda;Venda #685932;120;Pix
2024-01-23T15:10:00.000Z;ENTRADA;Venda;Venda #685932;360;Pix
2024-01-23T15:10:00.000Z;ENTRADA;Venda;Venda #685932;24;Pix
2024-01-23T15:06:00.000Z;ENTRADA;Venda;Venda #685932;120;Pix
2024-01-23T15:01:00.000Z;ENTRADA;Venda;Venda #685932;8;Pix
2024-01-22T22:56:00.000Z;ENTRADA;Venda;Venda #685930;24;Pix
2024-01-22T22:51:00.000Z;ENTRADA;Venda;Venda #685930;45;Pix
2024-01-22T22:48:00.000Z;ENTRADA;Venda;Venda #685930;85;Pix
2024-01-22T22:48:00.000Z;ENTRADA;Venda;Venda #685930;8;Pix
2024-01-22T22:45:00.000Z;ENTRADA;Venda;Venda #685930;16;Pix
2024-01-22T22:45:00.000Z;ENTRADA;Venda;Venda #685932;170;Pix
2024-01-22T22:36:00.000Z;ENTRADA;Venda;Venda #685930;255;Pix
2024-01-22T22:05:00.000Z;ENTRADA;Venda;Venda #685930;24;Pix
2024-01-22T21:54:00.000Z;ENTRADA;Venda;Venda #685930;360;Pix
2024-01-22T21:49:00.000Z;ENTRADA;Venda;Venda #685932;135;Pix
2024-01-22T21:41:00.000Z;ENTRADA;Venda;Venda #685930;255;Pix
2024-01-22T21:26:00.000Z;ENTRADA;Venda;Venda #685930;8;Pix
2024-01-22T21:23:00.000Z;ENTRADA;Venda;Venda #685930;135;Pix
2024-01-22T20:48:00.000Z;ENTRADA;Venda;Venda #685932;8;Pix
2024-01-22T20:37:00.000Z;ENTRADA;Venda;Venda #685930;85;Pix
2024-01-22T20:31:00.000Z;ENTRADA;Venda;Venda #685932;16;Pix
2024-01-22T20:31:00.000Z;ENTRADA;Venda;Venda #685932;120;Pix
2024-01-22T20:17:00.000Z;ENTRADA;Venda;Venda #685930;240;Pix
2024-01-22T20:15:00.000Z;ENTRADA;Venda;Venda #685930;255;Pix
2024-01-22T20:04:00.000Z;ENTRADA;Venda;Venda #685932;16;Pix
2024-01-22T19:58:00.000Z;ENTRADA;Venda;Venda #685930;85;Pix
2024-01-22T19:56:00.000Z;ENTRADA;Venda;Venda #685930;8;Pix
2024-01-22T19:40:00.000Z;ENTRADA;Venda;Venda #685932;16;Pix
2024-01-22T19:32:00.000Z;ENTRADA;Venda;Venda #685930;255;Pix
2024-01-22T19:30:00.000Z;ENTRADA;Venda;Venda #685932;170;Pix
2024-01-22T19:11:00.000Z;ENTRADA;Venda;Venda #685932;24;Pix
2024-01-22T19:08:00.000Z;ENTRADA;Venda;Venda #685930;135;Pix
2024-01-22T18:57:00.000Z;ENTRADA;Venda;Venda #685932;16;Pix
2024-01-22T18:54:00.000Z;ENTRADA;Venda;Venda #685930;170;Pix
2024-01-22T18:54:00.000Z;ENTRADA;Venda;Venda #685930;120;Pix
2024-01-22T18:49:00.000Z;ENTRADA;Venda;Venda #685930;16;Pix
2024-01-22T18:37:00.000Z;ENTRADA;Venda;Venda #685930;90;Pix
2024-01-22T18:35:00.000Z;ENTRADA;Venda;Venda #685930;360;Pix
2024-01-22T18:33:00.000Z;ENTRADA;Venda;Venda #685932;135;Pix
2024-01-22T18:32:00.000Z;ENTRADA;Venda;Venda #685932;8;Pix
2024-01-22T18:30:00.000Z;ENTRADA;Venda;Venda #685930;16;Pix
2024-01-22T18:25:00.000Z;ENTRADA;Venda;Venda #685930;120;Pix
2024-01-22T18:25:00.000Z;ENTRADA;Venda;Venda #685932;45;Pix
2024-01-22T18:17:00.000Z;ENTRADA;Venda;Venda #685930;24;Pix
2024-01-22T18:06:00.000Z;ENTRADA;Venda;Venda #685932;360;Pix
2024-01-22T17:55:00.000Z;ENTRADA;Venda;Venda #685930;85;Pix
2024-01-22T17:51:00.000Z;ENTRADA;Venda;Venda #685932;24;Pix
2024-01-22T17:43:00.000Z;ENTRADA;Venda;Venda #685930;45;Pix
2024-01-22T17:41:00.000Z;ENTRADA;Venda;Venda #685932;45;Pix
2024-01-22T17:36:00.000Z;ENTRADA;Venda;Venda #685930;24;Pix
2024-01-22T17:34:00.000Z;ENTRADA;Venda;Venda #685930;135;Pix
2024-01-22T17:31:00.000Z;ENTRADA;Venda;Venda #685932;240;Pix
2024-01-22T17:29:00.000Z;ENTRADA;Venda;Venda #685930;90;Pix
2024-01-22T17:22:00.000Z;ENTRADA;Venda;Venda #685930;24;Pix
2024-01-22T17:20:00.000Z;ENTRADA;Venda;Venda #685930;8;Pix
2024-01-22T17:15:00.000Z;ENTRADA;Venda;Venda #685930;255;Pix
2024-01-22T17:09:00.000Z;ENTRADA;Venda;Venda #685930;24;Pix
2024-01-22T17:03:00.000Z;ENTRADA;Venda;Venda #685932;170;Pix
2024-01-22T17:02:00.000Z;ENTRADA;Venda;Venda #685932;135;Pix
2024-01-22T16:50:00.000Z;ENTRADA;Venda;Venda #685930;24;Pix
2024-01-22T16:48:00.000Z;ENTRADA;Venda;Venda #685932;85;Pix
2024-01-22T16:36:00.000Z;ENTRADA;Venda;Venda #685930;24;Pix
2024-01-22T16:32:00.000Z;ENTRADA;Venda;Venda #685930;24;Pix
2024-01-22T16:24:00.000Z;ENTRADA;Venda;Venda #685930;120;Pix
2024-01-22T16:15:00.000Z;ENTRADA;Venda;Venda #685932;8;Pix
2024-01-22T16:13:00.000Z;ENTRADA;Venda;Venda #685932;45;Pix
2024-01-22T16:07:00.000Z;ENTRADA;Venda;Venda #685930;135;Pix
2024-01-22T15:58:00.000Z;ENTRADA;Venda;Venda #685930;85;Pix
2024-01-22T15:43:00.000Z;ENTRADA;Venda;Venda #685932;120;Pix
2024-01-22T15:41:00.000Z;ENTRADA;Venda;Venda #685932;24;Pix
2024-01-22T15:34:00.000Z;ENTRADA;Venda;Venda #685932;8;Pix
2024-01-22T15:15:00.000Z;ENTRADA;Venda;Venda #685930;85;Pix
2024-01-21T03:00:00.000Z;SAÍDA;DESPESAS OPERACIONAIS;Compra de Insumos Reposição;-2342.1391325772074;Dinheiro/Banco
2024-01-19T22:51:00.000Z;ENTRADA;Venda;Venda #685930;170;Pix
2024-01-19T22:33:00.000Z;ENTRADA;Venda;Venda #685930;170;Pix
2024-01-19T22:27:00.000Z;ENTRADA;Venda;Venda #685930;120;Pix
2024-01-19T22:24:00.000Z;ENTRADA;Venda;Venda #685930;16;Pix
2024-01-19T21:36:00.000Z;ENTRADA;Venda;Venda #685930;45;Pix
2024-01-19T21:35:00.000Z;ENTRADA;Venda;Venda #685930;255;Pix
2024-01-19T21:20:00.000Z;ENTRADA;Venda;Venda #685930;240;Pix
2024-01-19T21:08:00.000Z;ENTRADA;Venda;Venda #685930;90;Pix
2024-01-19T21:01:00.000Z;ENTRADA;Venda;Venda #685930;360;Pix
2024-01-19T20:53:00.000Z;ENTRADA;Venda;Venda #685930;255;Pix
2024-01-19T20:53:00.000Z;ENTRADA;Venda;Venda #685930;90;Pix
2024-01-19T20:43:00.000Z;ENTRADA;Venda;Venda #685930;255;Pix
2024-01-19T20:24:00.000Z;ENTRADA;Venda;Venda #685930;16;Pix
2024-01-19T20:15:00.000Z;ENTRADA;Venda;Venda #685930;90;Pix
2024-01-19T20:05:00.000Z;ENTRADA;Venda;Venda #685930;170;Pix
2024-01-19T19:39:00.000Z;ENTRADA;Venda;Venda #685930;240;Pix
2024-01-19T19:36:00.000Z;ENTRADA;Venda;Venda #685930;240;Pix
2024-01-19T19:34:00.000Z;ENTRADA;Venda;Venda #685930;240;Pix
2024-01-19T18:58:00.000Z;ENTRADA;Venda;Venda #685930;90;Pix
2024-01-19T18:43:00.000Z;ENTRADA;Venda;Venda #685930;240;Pix
2024-01-19T18:43:00.000Z;ENTRADA;Venda;Venda #685930;170;Pix
2024-01-19T18:37:00.000Z;ENTRADA;Venda;Venda #685930;135;Pix
2024-01-19T18:32:00.000Z;ENTRADA;Venda;Venda #685930;255;Pix
2024-01-19T18:15:00.000Z;ENTRADA;Venda;Venda #685930;170;Pix
2024-01-19T18:04:00.000Z;ENTRADA;Venda;Venda #685930;255;Pix
2024-01-19T17:45:00.000Z;ENTRADA;Venda;Venda #685930;240;Pix
2024-01-19T17:41:00.000Z;ENTRADA;Venda;Venda #685930;135;Pix
2024-01-19T17:23:00.000Z;ENTRADA;Venda;Venda #685930;360;Pix
2024-01-19T17:19:00.000Z;ENTRADA;Venda;Venda #685930;120;Pix
2024-01-19T17:18:00.000Z;ENTRADA;Venda;Venda #685930;240;Pix
2024-01-19T16:54:00.000Z;ENTRADA;Venda;Venda #685930;24;Pix
2024-01-19T16:35:00.000Z;ENTRADA;Venda;Venda #685930;85;Pix
2024-01-19T16:30:00.000Z;ENTRADA;Venda;Venda #685930;90;Pix
2024-01-19T15:41:00.000Z;ENTRADA;Venda;Venda #685930;360;Pix
2024-01-19T15:22:00.000Z;ENTRADA;Venda;Venda #685930;360;Pix
2024-01-19T15:19:00.000Z;ENTRADA;Venda;Venda #685930;90;Pix
2024-01-19T15:17:00.000Z;ENTRADA;Venda;Venda #685930;120;Pix
2024-01-19T15:10:00.000Z;ENTRADA;Venda;Venda #685930;120;Pix
2024-01-19T15:01:00.000Z;ENTRADA;Venda;Venda #685930;16;Pix
2024-01-18T22:56:00.000Z;ENTRADA;Venda;Venda #685930;240;Pix
2024-01-18T22:56:00.000Z;ENTRADA;Venda;Venda #685930;240;Pix
2024-01-18T22:37:00.000Z;ENTRADA;Venda;Venda #685930;120;Pix
2024-01-18T22:35:00.000Z;ENTRADA;Venda;Venda #685930;85;Pix
2024-01-18T22:30:00.000Z;ENTRADA;Venda;Venda #685930;135;Pix
2024-01-18T22:27:00.000Z;ENTRADA;Venda;Venda #685930;90;Pix
2024-01-18T22:26:00.000Z;ENTRADA;Venda;Venda #685930;90;Pix
2024-01-18T22:24:00.000Z;ENTRADA;Venda;Venda #685930;45;Pix
2024-01-18T22:24:00.000Z;ENTRADA;Venda;Venda #685930;170;Pix
2024-01-18T22:19:00.000Z;ENTRADA;Venda;Venda #685930;45;Pix
2024-01-18T22:15:00.000Z;ENTRADA;Venda;Venda #685930;90;Pix
2024-01-18T22:05:00.000Z;ENTRADA;Venda;Venda #685930;240;Pix
2024-01-18T22:02:00.000Z;ENTRADA;Venda;Venda #685930;255;Pix
2024-01-18T21:48:00.000Z;ENTRADA;Venda;Venda #685930;135;Pix
2024-01-18T20:58:00.000Z;ENTRADA;Venda;Venda #685930;8;Pix
2024-01-18T20:37:00.000Z;ENTRADA;Venda;Venda #685930;24;Pix
2024-01-18T20:21:00.000Z;ENTRADA;Venda;Venda #685930;255;Pix
2024-01-18T20:20:00.000Z;ENTRADA;Venda;Venda #685930;255;Pix
2024-01-18T20:16:00.000Z;ENTRADA;Venda;Venda #685930;120;Pix
2024-01-18T20:16:00.000Z;ENTRADA;Venda;Venda #685930;45;Pix
2024-01-18T19:42:00.000Z;ENTRADA;Venda;Venda #685930;85;Pix
2024-01-18T19:36:00.000Z;ENTRADA;Venda;Venda #685930;120;Pix
2024-01-18T19:34:00.000Z;ENTRADA;Venda;Venda #685930;120;Pix
2024-01-18T19:24:00.000Z;ENTRADA;Venda;Venda #685930;24;Pix
2024-01-18T19:07:00.000Z;ENTRADA;Venda;Venda #685930;8;Pix
2024-01-18T18:54:00.000Z;ENTRADA;Venda;Venda #685930;135;Pix
2024-01-18T18:53:00.000Z;ENTRADA;Venda;Venda #685930;16;Pix
2024-01-18T18:46:00.000Z;ENTRADA;Venda;Venda #685930;16;Pix
2024-01-18T18:42:00.000Z;ENTRADA;Venda;Venda #685930;90;Pix
2024-01-18T18:30:00.000Z;ENTRADA;Venda;Venda #685930;360;Pix
2024-01-18T18:01:00.000Z;ENTRADA;Venda;Venda #685930;170;Pix
2024-01-18T17:55:00.000Z;ENTRADA;Venda;Venda #685930;255;Pix
2024-01-18T17:46:00.000Z;ENTRADA;Venda;Venda #685930;255;Pix
2024-01-18T17:45:00.000Z;ENTRADA;Venda;Venda #685930;120;Pix
2024-01-18T17:22:00.000Z;ENTRADA;Venda;Venda #685930;45;Pix
2024-01-18T17:21:00.000Z;ENTRADA;Venda;Venda #685930;170;Pix
2024-01-18T17:12:00.000Z;ENTRADA;Venda;Venda #685930;85;Pix
2024-01-18T16:40:00.000Z;ENTRADA;Venda;Venda #685930;16;Pix
2024-01-18T16:35:00.000Z;ENTRADA;Venda;Venda #685930;120;Pix
2024-01-18T16:31:00.000Z;ENTRADA;Venda;Venda #685930;120;Pix
2024-01-18T16:26:00.000Z;ENTRADA;Venda;Venda #685930;24;Pix
2024-01-18T16:25:00.000Z;ENTRADA;Venda;Venda #685930;85;Pix
2024-01-18T16:17:00.000Z;ENTRADA;Venda;Venda #685930;135;Pix
2024-01-18T16:13:00.000Z;ENTRADA;Venda;Venda #685930;24;Pix
2024-01-18T15:58:00.000Z;ENTRADA;Venda;Venda #685930;255;Pix
2024-01-18T15:50:00.000Z;ENTRADA;Venda;Venda #685930;255;Pix
2024-01-18T15:41:00.000Z;ENTRADA;Venda;Venda #685930;45;Pix
2024-01-18T15:40:00.000Z;ENTRADA;Venda;Venda #685930;360;Pix
2024-01-18T15:01:00.000Z;ENTRADA;Venda;Venda #685930;360;Pix
2024-01-18T03:00:00.000Z;SAÍDA;DESPESAS OPERACIONAIS;Compra de Insumos Reposição;-2090.9854967473148;Dinheiro/Banco
2024-01-17T22:44:00.000Z;ENTRADA;Venda;Venda #685930;360;Pix
2024-01-17T22:44:00.000Z;ENTRADA;Venda;Venda #685930;24;Pix
2024-01-17T22:39:00.000Z;ENTRADA;Venda;Venda #685930;90;Pix
2024-01-17T22:37:00.000Z;ENTRADA;Venda;Venda #685930;135;Pix
2024-01-17T22:14:00.000Z;ENTRADA;Venda;Venda #685930;255;Pix
2024-01-17T22:13:00.000Z;ENTRADA;Venda;Venda #685930;85;Pix
2024-01-17T22:10:00.000Z;ENTRADA;Venda;Venda #685930;85;Pix
2024-01-17T22:05:00.000Z;ENTRADA;Venda;Venda #685930;240;Pix
2024-01-17T22:04:00.000Z;ENTRADA;Venda;Venda #685930;255;Pix
2024-01-17T21:36:00.000Z;ENTRADA;Venda;Venda #685930;24;Pix
2024-01-17T21:24:00.000Z;ENTRADA;Venda;Venda #685930;135;Pix
2024-01-17T20:56:00.000Z;ENTRADA;Venda;Venda #685930;255;Pix
2024-01-17T20:49:00.000Z;ENTRADA;Venda;Venda #685930;255;Pix
2024-01-17T20:27:00.000Z;ENTRADA;Venda;Venda #685930;16;Pix
2024-01-17T20:16:00.000Z;ENTRADA;Venda;Venda #685930;90;Pix
2024-01-17T20:14:00.000Z;ENTRADA;Venda;Venda #685930;120;Pix
2024-01-17T20:08:00.000Z;ENTRADA;Venda;Venda #685930;360;Pix
2024-01-17T19:52:00.000Z;ENTRADA;Venda;Venda #685930;240;Pix
2024-01-17T19:47:00.000Z;ENTRADA;Venda;Venda #685930;135;Pix
2024-01-17T19:33:00.000Z;ENTRADA;Venda;Venda #685930;85;Pix
2024-01-17T19:16:00.000Z;ENTRADA;Venda;Venda #685930;360;Pix
2024-01-17T19:15:00.000Z;ENTRADA;Venda;Venda #685930;8;Pix
2024-01-17T18:50:00.000Z;ENTRADA;Venda;Venda #685930;24;Pix
2024-01-17T18:48:00.000Z;ENTRADA;Venda;Venda #685930;8;Pix
2024-01-17T18:17:00.000Z;ENTRADA;Venda;Venda #685930;120;Pix
2024-01-17T18:12:00.000Z;ENTRADA;Venda;Venda #685930;135;Pix
2024-01-17T18:09:00.000Z;ENTRADA;Venda;Venda #685930;240;Pix
2024-01-17T17:52:00.000Z;ENTRADA;Venda;Venda #685930;16;Pix
2024-01-17T17:32:00.000Z;ENTRADA;Venda;Venda #685930;360;Pix
2024-01-17T17:25:00.000Z;ENTRADA;Venda;Venda #685930;170;Pix
2024-01-17T17:23:00.000Z;ENTRADA;Venda;Venda #685930;45;Pix
2024-01-17T17:16:00.000Z;ENTRADA;Venda;Venda #685930;170;Pix
2024-01-17T16:51:00.000Z;ENTRADA;Venda;Venda #685930;8;Pix
2024-01-17T16:47:00.000Z;ENTRADA;Venda;Venda #685930;240;Pix
2024-01-17T16:32:00.000Z;ENTRADA;Venda;Venda #685930;120;Pix
2024-01-17T16:27:00.000Z;ENTRADA;Venda;Venda #685930;360;Pix
2024-01-17T16:27:00.000Z;ENTRADA;Venda;Venda #685930;255;Pix
2024-01-17T16:26:00.000Z;ENTRADA;Venda;Venda #685930;85;Pix
2024-01-17T15:48:00.000Z;ENTRADA;Venda;Venda #685930;8;Pix
2024-01-17T15:32:00.000Z;ENTRADA;Venda;Venda #685930;360;Pix
2024-01-17T15:09:00.000Z;ENTRADA;Venda;Venda #685930;240;Pix
2024-01-16T22:58:00.000Z;ENTRADA;Venda;Venda #685930;135;Pix
2024-01-16T22:55:00.000Z;ENTRADA;Venda;Venda #685930;45;Pix
2024-01-16T22:47:00.000Z;ENTRADA;Venda;Venda #685930;255;Pix
2024-01-16T22:27:00.000Z;ENTRADA;Venda;Venda #685930;45;Pix
2024-01-16T22:04:00.000Z;ENTRADA;Venda;Venda #685930;24;Pix
2024-01-16T21:56:00.000Z;ENTRADA;Venda;Venda #685930;8;Pix
2024-01-16T21:46:00.000Z;ENTRADA;Venda;Venda #685930;240;Pix
2024-01-16T21:42:00.000Z;ENTRADA;Venda;Venda #685930;85;Pix
2024-01-16T21:31:00.000Z;ENTRADA;Venda;Venda #685930;85;Pix
2024-01-16T21:04:00.000Z;ENTRADA;Venda;Venda #685930;45;Pix
2024-01-16T21:02:00.000Z;ENTRADA;Venda;Venda #685930;45;Pix
2024-01-16T20:48:00.000Z;ENTRADA;Venda;Venda #685930;170;Pix
2024-01-16T20:43:00.000Z;ENTRADA;Venda;Venda #685930;170;Pix
2024-01-16T20:40:00.000Z;ENTRADA;Venda;Venda #685930;255;Pix
2024-01-16T20:39:00.000Z;ENTRADA;Venda;Venda #685930;170;Pix
2024-01-16T20:37:00.000Z;ENTRADA;Venda;Venda #685930;16;Pix
2024-01-16T20:36:00.000Z;ENTRADA;Venda;Venda #685930;170;Pix
2024-01-16T20:28:00.000Z;ENTRADA;Venda;Venda #685930;16;Pix
2024-01-16T20:27:00.000Z;ENTRADA;Venda;Venda #685930;24;Pix
2024-01-16T20:12:00.000Z;ENTRADA;Venda;Venda #685930;135;Pix
2024-01-16T20:06:00.000Z;ENTRADA;Venda;Venda #685930;170;Pix
2024-01-16T19:54:00.000Z;ENTRADA;Venda;Venda #685930;24;Pix
2024-01-16T19:53:00.000Z;ENTRADA;Venda;Venda #685930;45;Pix
2024-01-16T19:41:00.000Z;ENTRADA;Venda;Venda #685930;16;Pix
2024-01-16T19:37:00.000Z;ENTRADA;Venda;Venda #685930;85;Pix
2024-01-16T19:35:00.000Z;ENTRADA;Venda;Venda #685930;45;Pix
2024-01-16T19:19:00.000Z;ENTRADA;Venda;Venda #685930;170;Pix
2024-01-16T18:54:00.000Z;ENTRADA;Venda;Venda #685930;120;Pix
2024-01-16T18:50:00.000Z;ENTRADA;Venda;Venda #685930;120;Pix
2024-01-16T18:40:00.000Z;ENTRADA;Venda;Venda #685930;24;Pix
2024-01-16T18:35:00.000Z;ENTRADA;Venda;Venda #685930;360;Pix
2024-01-16T18:33:00.000Z;ENTRADA;Venda;Venda #685930;45;Pix
2024-01-16T18:08:00.000Z;ENTRADA;Venda;Venda #685930;135;Pix
2024-01-16T17:57:00.000Z;ENTRADA;Venda;Venda #685930;135;Pix
2024-01-16T17:54:00.000Z;ENTRADA;Venda;Venda #685930;360;Pix
2024-01-16T17:49:00.000Z;ENTRADA;Venda;Venda #685930;85;Pix
2024-01-16T17:49:00.000Z;ENTRADA;Venda;Venda #685930;16;Pix
2024-01-16T17:43:00.000Z;ENTRADA;Venda;Venda #685930;135;Pix
2024-01-16T17:41:00.000Z;ENTRADA;Venda;Venda #685930;255;Pix
2024-01-16T17:38:00.000Z;ENTRADA;Venda;Venda #685930;8;Pix
2024-01-16T17:17:00.000Z;ENTRADA;Venda;Venda #685930;45;Pix
2024-01-16T17:15:00.000Z;ENTRADA;Venda;Venda #685930;240;Pix
2024-01-16T17:12:00.000Z;ENTRADA;Venda;Venda #685930;45;Pix
2024-01-16T17:12:00.000Z;ENTRADA;Venda;Venda #685930;90;Pix
2024-01-16T16:48:00.000Z;ENTRADA;Venda;Venda #685930;85;Pix
2024-01-16T16:38:00.000Z;ENTRADA;Venda;Venda #685930;90;Pix
2024-01-16T16:38:00.000Z;ENTRADA;Venda;Venda #685930;24;Pix
2024-01-16T16:26:00.000Z;ENTRADA;Venda;Venda #685930;85;Pix
2024-01-16T16:16:00.000Z;ENTRADA;Venda;Venda #685930;120;Pix
2024-01-16T15:50:00.000Z;ENTRADA;Venda;Venda #685930;8;Pix
2024-01-16T15:46:00.000Z;ENTRADA;Venda;Venda #685930;240;Pix
2024-01-16T15:43:00.000Z;ENTRADA;Venda;Venda #685930;85;Pix
2024-01-16T15:43:00.000Z;ENTRADA;Venda;Venda #685930;360;Pix
2024-01-16T15:41:00.000Z;ENTRADA;Venda;Venda #685930;240;Pix
2024-01-16T15:33:00.000Z;ENTRADA;Venda;Venda #685930;120;Pix
2024-01-16T15:16:00.000Z;ENTRADA;Venda;Venda #685930;360;Pix
2024-01-16T15:06:00.000Z;ENTRADA;Venda;Venda #685930;24;Pix
2024-01-15T22:55:00.000Z;ENTRADA;Venda;Venda #685929;85;Pix
2024-01-15T22:52:00.000Z;ENTRADA;Venda;Venda #685929;240;Pix
2024-01-15T22:23:00.000Z;ENTRADA;Venda;Venda #685930;85;Pix
2024-01-15T22:20:00.000Z;ENTRADA;Venda;Venda #685929;255;Pix
2024-01-15T22:11:00.000Z;ENTRADA;Venda;Venda #685929;16;Pix
2024-01-15T21:56:00.000Z;ENTRADA;Venda;Venda #685930;16;Pix
2024-01-15T21:46:00.000Z;ENTRADA;Venda;Venda #685929;240;Pix
2024-01-15T21:43:00.000Z;ENTRADA;Venda;Venda #685929;255;Pix
2024-01-15T21:33:00.000Z;ENTRADA;Venda;Venda #685930;360;Pix
2024-01-15T21:25:00.000Z;ENTRADA;Venda;Venda #685930;255;Pix
2024-01-15T21:21:00.000Z;ENTRADA;Venda;Venda #685929;16;Pix
2024-01-15T21:12:00.000Z;ENTRADA;Venda;Venda #685930;360;Pix
2024-01-15T20:53:00.000Z;ENTRADA;Venda;Venda #685929;360;Pix
2024-01-15T20:36:00.000Z;ENTRADA;Venda;Venda #685930;255;Pix
2024-01-15T20:34:00.000Z;ENTRADA;Venda;Venda #685930;135;Pix
2024-01-15T20:32:00.000Z;ENTRADA;Venda;Venda #685929;90;Pix
2024-01-15T20:22:00.000Z;ENTRADA;Venda;Venda #685929;24;Pix
2024-01-15T20:12:00.000Z;ENTRADA;Venda;Venda #685929;120;Pix
2024-01-15T20:12:00.000Z;ENTRADA;Venda;Venda #685930;360;Pix
2024-01-15T20:05:00.000Z;ENTRADA;Venda;Venda #685929;24;Pix
2024-01-15T20:03:00.000Z;ENTRADA;Venda;Venda #685929;16;Pix
2024-01-15T19:56:00.000Z;ENTRADA;Venda;Venda #685930;120;Pix
2024-01-15T19:43:00.000Z;ENTRADA;Venda;Venda #685930;170;Pix
2024-01-15T19:29:00.000Z;ENTRADA;Venda;Venda #685929;255;Pix
2024-01-15T19:23:00.000Z;ENTRADA;Venda;Venda #685929;45;Pix
2024-01-15T19:10:00.000Z;ENTRADA;Venda;Venda #685929;135;Pix
2024-01-15T18:53:00.000Z;ENTRADA;Venda;Venda #685930;90;Pix
2024-01-15T18:50:00.000Z;ENTRADA;Venda;Venda #685930;8;Pix
2024-01-15T18:50:00.000Z;ENTRADA;Venda;Venda #685930;170;Pix
2024-01-15T18:47:00.000Z;ENTRADA;Venda;Venda #685930;135;Pix
2024-01-15T18:26:00.000Z;ENTRADA;Venda;Venda #685929;16;Pix
2024-01-15T18:22:00.000Z;ENTRADA;Venda;Venda #685929;8;Pix
2024-01-15T18:20:00.000Z;ENTRADA;Venda;Venda #685930;16;Pix
2024-01-15T18:09:00.000Z;ENTRADA;Venda;Venda #685929;170;Pix
2024-01-15T18:00:00.000Z;ENTRADA;Venda;Venda #685929;45;Pix
2024-01-15T17:58:00.000Z;ENTRADA;Venda;Venda #685929;90;Pix
2024-01-15T17:55:00.000Z;ENTRADA;Venda;Venda #685929;45;Pix
2024-01-15T17:41:00.000Z;ENTRADA;Venda;Venda #685929;360;Pix
2024-01-15T17:38:00.000Z;ENTRADA;Venda;Venda #685929;135;Pix
2024-01-15T17:32:00.000Z;ENTRADA;Venda;Venda #685930;360;Pix
2024-01-15T17:22:00.000Z;ENTRADA;Venda;Venda #685930;8;Pix
2024-01-15T16:31:00.000Z;ENTRADA;Venda;Venda #685930;135;Pix
2024-01-15T16:21:00.000Z;ENTRADA;Venda;Venda #685929;120;Pix
2024-01-15T16:17:00.000Z;ENTRADA;Venda;Venda #685930;8;Pix
2024-01-15T16:10:00.000Z;ENTRADA;Venda;Venda #685929;120;Pix
2024-01-15T16:09:00.000Z;ENTRADA;Venda;Venda #685930;240;Pix
2024-01-15T15:31:00.000Z;ENTRADA;Venda;Venda #685930;90;Pix
2024-01-15T15:08:00.000Z;ENTRADA;Venda;Venda #685929;24;Pix
2024-01-15T15:00:00.000Z;ENTRADA;Venda;Venda #685929;120;Pix
2024-01-15T03:00:00.000Z;SAÍDA;DESPESAS OPERACIONAIS;Compra de Insumos Reposição;-2188.253132201077;Dinheiro/Banco
2024-01-12T22:55:00.000Z;ENTRADA;Venda;Venda #685929;90;Pix
2024-01-12T22:20:00.000Z;ENTRADA;Venda;Venda #685929;24;Pix
2024-01-12T22:17:00.000Z;ENTRADA;Venda;Venda #685929;90;Pix
2024-01-12T22:07:00.000Z;ENTRADA;Venda;Venda #685929;90;Pix
2024-01-12T22:05:00.000Z;ENTRADA;Venda;Venda #685929;170;Pix
2024-01-12T21:54:00.000Z;ENTRADA;Venda;Venda #685929;120;Pix
2024-01-12T21:53:00.000Z;ENTRADA;Venda;Venda #685929;135;Pix
2024-01-12T21:51:00.000Z;ENTRADA;Venda;Venda #685929;255;Pix
2024-01-12T21:50:00.000Z;ENTRADA;Venda;Venda #685929;45;Pix
2024-01-12T21:48:00.000Z;ENTRADA;Venda;Venda #685929;170;Pix
2024-01-12T21:47:00.000Z;ENTRADA;Venda;Venda #685929;120;Pix
2024-01-12T21:46:00.000Z;ENTRADA;Venda;Venda #685929;360;Pix
2024-01-12T21:46:00.000Z;ENTRADA;Venda;Venda #685929;8;Pix
2024-01-12T21:40:00.000Z;ENTRADA;Venda;Venda #685929;170;Pix
2024-01-12T21:31:00.000Z;ENTRADA;Venda;Venda #685929;85;Pix
2024-01-12T21:30:00.000Z;ENTRADA;Venda;Venda #685929;24;Pix
2024-01-12T21:29:00.000Z;ENTRADA;Venda;Venda #685929;360;Pix
2024-01-12T21:20:00.000Z;ENTRADA;Venda;Venda #685929;24;Pix
2024-01-12T21:17:00.000Z;ENTRADA;Venda;Venda #685929;120;Pix
2024-01-12T21:17:00.000Z;ENTRADA;Venda;Venda #685929;90;Pix
2024-01-12T20:03:00.000Z;ENTRADA;Venda;Venda #685929;360;Pix
2024-01-12T19:46:00.000Z;ENTRADA;Venda;Venda #685929;85;Pix
2024-01-12T19:41:00.000Z;ENTRADA;Venda;Venda #685929;120;Pix
2024-01-12T19:34:00.000Z;ENTRADA;Venda;Venda #685929;85;Pix
2024-01-12T19:20:00.000Z;ENTRADA;Venda;Venda #685929;24;Pix
2024-01-12T19:09:00.000Z;ENTRADA;Venda;Venda #685929;360;Pix
2024-01-12T19:07:00.000Z;ENTRADA;Venda;Venda #685929;135;Pix
2024-01-12T18:27:00.000Z;ENTRADA;Venda;Venda #685929;135;Pix
2024-01-12T18:27:00.000Z;ENTRADA;Venda;Venda #685929;170;Pix
2024-01-12T18:23:00.000Z;ENTRADA;Venda;Venda #685929;360;Pix
2024-01-12T17:58:00.000Z;ENTRADA;Venda;Venda #685929;255;Pix
2024-01-12T17:54:00.000Z;ENTRADA;Venda;Venda #685929;85;Pix
2024-01-12T17:53:00.000Z;ENTRADA;Venda;Venda #685929;255;Pix
2024-01-12T17:42:00.000Z;ENTRADA;Venda;Venda #685929;24;Pix
2024-01-12T17:33:00.000Z;ENTRADA;Venda;Venda #685929;90;Pix
2024-01-12T17:33:00.000Z;ENTRADA;Venda;Venda #685929;255;Pix
2024-01-12T17:24:00.000Z;ENTRADA;Venda;Venda #685929;90;Pix
2024-01-12T17:16:00.000Z;ENTRADA;Venda;Venda #685929;85;Pix
2024-01-12T16:56:00.000Z;ENTRADA;Venda;Venda #685929;85;Pix
2024-01-12T16:49:00.000Z;ENTRADA;Venda;Venda #685929;90;Pix
2024-01-12T16:40:00.000Z;ENTRADA;Venda;Venda #685929;85;Pix
2024-01-12T16:29:00.000Z;ENTRADA;Venda;Venda #685929;120;Pix
2024-01-12T15:27:00.000Z;ENTRADA;Venda;Venda #685929;45;Pix
2024-01-12T15:25:00.000Z;ENTRADA;Venda;Venda #685929;360;Pix
2024-01-12T15:14:00.000Z;ENTRADA;Venda;Venda #685929;24;Pix
2024-01-12T15:14:00.000Z;ENTRADA;Venda;Venda #685929;135;Pix
2024-01-12T15:12:00.000Z;ENTRADA;Venda;Venda #685929;85;Pix
2024-01-12T03:00:00.000Z;SAÍDA;DESPESAS OPERACIONAIS;Internet e Software - Mês 1;-850;Dinheiro/Banco
2024-01-12T03:00:00.000Z;SAÍDA;DESPESAS OPERACIONAIS;Compra de Insumos Reposição;-1559.7911911366489;Dinheiro/Banco
2024-01-11T22:51:00.000Z;ENTRADA;Venda;Venda #685929;24;Pix
2024-01-11T22:45:00.000Z;ENTRADA;Venda;Venda #685929;45;Pix
2024-01-11T22:35:00.000Z;ENTRADA;Venda;Venda #685929;255;Pix
2024-01-11T22:30:00.000Z;ENTRADA;Venda;Venda #685929;45;Pix
2024-01-11T22:27:00.000Z;ENTRADA;Venda;Venda #685929;135;Pix
2024-01-11T22:23:00.000Z;ENTRADA;Venda;Venda #685929;24;Pix
2024-01-11T22:21:00.000Z;ENTRADA;Venda;Venda #685929;45;Pix
2024-01-11T22:18:00.000Z;ENTRADA;Venda;Venda #685929;45;Pix
2024-01-11T22:10:00.000Z;ENTRADA;Venda;Venda #685929;135;Pix
2024-01-11T21:49:00.000Z;ENTRADA;Venda;Venda #685929;255;Pix
2024-01-11T21:36:00.000Z;ENTRADA;Venda;Venda #685929;85;Pix
2024-01-11T21:29:00.000Z;ENTRADA;Venda;Venda #685929;360;Pix
2024-01-11T21:14:00.000Z;ENTRADA;Venda;Venda #685929;16;Pix
2024-01-11T21:13:00.000Z;ENTRADA;Venda;Venda #685929;360;Pix
2024-01-11T20:55:00.000Z;ENTRADA;Venda;Venda #685929;90;Pix
2024-01-11T20:46:00.000Z;ENTRADA;Venda;Venda #685929;16;Pix
2024-01-11T20:31:00.000Z;ENTRADA;Venda;Venda #685929;240;Pix
2024-01-11T20:12:00.000Z;ENTRADA;Venda;Venda #685929;24;Pix
2024-01-11T20:07:00.000Z;ENTRADA;Venda;Venda #685929;85;Pix
2024-01-11T20:04:00.000Z;ENTRADA;Venda;Venda #685929;360;Pix
2024-01-11T19:43:00.000Z;ENTRADA;Venda;Venda #685929;8;Pix
2024-01-11T19:40:00.000Z;ENTRADA;Venda;Venda #685929;24;Pix
2024-01-11T19:26:00.000Z;ENTRADA;Venda;Venda #685929;255;Pix
2024-01-11T19:25:00.000Z;ENTRADA;Venda;Venda #685929;240;Pix
2024-01-11T19:19:00.000Z;ENTRADA;Venda;Venda #685929;240;Pix
2024-01-11T19:04:00.000Z;ENTRADA;Venda;Venda #685929;135;Pix
2024-01-11T18:55:00.000Z;ENTRADA;Venda;Venda #685929;135;Pix
2024-01-11T18:52:00.000Z;ENTRADA;Venda;Venda #685929;16;Pix
2024-01-11T18:52:00.000Z;ENTRADA;Venda;Venda #685929;8;Pix
2024-01-11T18:28:00.000Z;ENTRADA;Venda;Venda #685929;170;Pix
2024-01-11T18:24:00.000Z;ENTRADA;Venda;Venda #685929;170;Pix
2024-01-11T18:04:00.000Z;ENTRADA;Venda;Venda #685929;135;Pix
2024-01-11T18:00:00.000Z;ENTRADA;Venda;Venda #685929;85;Pix
2024-01-11T17:52:00.000Z;ENTRADA;Venda;Venda #685929;120;Pix
2024-01-11T17:44:00.000Z;ENTRADA;Venda;Venda #685929;85;Pix
2024-01-11T17:33:00.000Z;ENTRADA;Venda;Venda #685929;240;Pix
2024-01-11T17:29:00.000Z;ENTRADA;Venda;Venda #685929;255;Pix
2024-01-11T17:29:00.000Z;ENTRADA;Venda;Venda #685929;255;Pix
2024-01-11T17:28:00.000Z;ENTRADA;Venda;Venda #685929;135;Pix
2024-01-11T17:22:00.000Z;ENTRADA;Venda;Venda #685929;85;Pix
2024-01-11T17:21:00.000Z;ENTRADA;Venda;Venda #685929;16;Pix
2024-01-11T17:19:00.000Z;ENTRADA;Venda;Venda #685929;85;Pix
2024-01-11T17:07:00.000Z;ENTRADA;Venda;Venda #685929;120;Pix
2024-01-11T15:58:00.000Z;ENTRADA;Venda;Venda #685929;170;Pix
2024-01-11T15:53:00.000Z;ENTRADA;Venda;Venda #685929;90;Pix
2024-01-11T15:40:00.000Z;ENTRADA;Venda;Venda #685929;170;Pix
2024-01-11T15:35:00.000Z;ENTRADA;Venda;Venda #685929;85;Pix
2024-01-11T15:26:00.000Z;ENTRADA;Venda;Venda #685929;85;Pix
2024-01-11T15:12:00.000Z;ENTRADA;Venda;Venda #685929;170;Pix
2024-01-11T15:10:00.000Z;ENTRADA;Venda;Venda #685929;8;Pix
2024-01-11T15:07:00.000Z;ENTRADA;Venda;Venda #685929;90;Pix
2024-01-10T22:58:00.000Z;ENTRADA;Venda;Venda #685929;120;Pix
2024-01-10T22:36:00.000Z;ENTRADA;Venda;Venda #685929;135;Pix
2024-01-10T22:13:00.000Z;ENTRADA;Venda;Venda #685929;255;Pix
2024-01-10T22:07:00.000Z;ENTRADA;Venda;Venda #685929;255;Pix
2024-01-10T21:45:00.000Z;ENTRADA;Venda;Venda #685929;170;Pix
2024-01-10T21:24:00.000Z;ENTRADA;Venda;Venda #685929;85;Pix
2024-01-10T21:04:00.000Z;ENTRADA;Venda;Venda #685929;135;Pix
2024-01-10T21:02:00.000Z;ENTRADA;Venda;Venda #685929;170;Pix
2024-01-10T21:02:00.000Z;ENTRADA;Venda;Venda #685929;360;Pix
2024-01-10T20:51:00.000Z;ENTRADA;Venda;Venda #685929;170;Pix
2024-01-10T20:45:00.000Z;ENTRADA;Venda;Venda #685929;90;Pix
2024-01-10T20:19:00.000Z;ENTRADA;Venda;Venda #685929;8;Pix
2024-01-10T20:05:00.000Z;ENTRADA;Venda;Venda #685929;135;Pix
2024-01-10T20:03:00.000Z;ENTRADA;Venda;Venda #685929;120;Pix
2024-01-10T19:55:00.000Z;ENTRADA;Venda;Venda #685929;360;Pix
2024-01-10T19:37:00.000Z;ENTRADA;Venda;Venda #685929;24;Pix
2024-01-10T19:34:00.000Z;ENTRADA;Venda;Venda #685929;8;Pix
2024-01-10T19:29:00.000Z;ENTRADA;Venda;Venda #685929;120;Pix
2024-01-10T19:28:00.000Z;ENTRADA;Venda;Venda #685929;24;Pix
2024-01-10T19:17:00.000Z;ENTRADA;Venda;Venda #685929;240;Pix
2024-01-10T19:04:00.000Z;ENTRADA;Venda;Venda #685929;360;Pix
2024-01-10T18:48:00.000Z;ENTRADA;Venda;Venda #685929;90;Pix
2024-01-10T18:41:00.000Z;ENTRADA;Venda;Venda #685929;45;Pix
2024-01-10T18:33:00.000Z;ENTRADA;Venda;Venda #685929;24;Pix
2024-01-10T18:27:00.000Z;ENTRADA;Venda;Venda #685929;255;Pix
2024-01-10T18:18:00.000Z;ENTRADA;Venda;Venda #685929;85;Pix
2024-01-10T18:17:00.000Z;ENTRADA;Venda;Venda #685929;135;Pix
2024-01-10T18:07:00.000Z;ENTRADA;Venda;Venda #685929;120;Pix
2024-01-10T18:04:00.000Z;ENTRADA;Venda;Venda #685929;360;Pix
2024-01-10T17:47:00.000Z;ENTRADA;Venda;Venda #685929;135;Pix
2024-01-10T17:39:00.000Z;ENTRADA;Venda;Venda #685929;120;Pix
2024-01-10T17:36:00.000Z;ENTRADA;Venda;Venda #685929;8;Pix
2024-01-10T17:15:00.000Z;ENTRADA;Venda;Venda #685929;240;Pix
2024-01-10T17:02:00.000Z;ENTRADA;Venda;Venda #685929;8;Pix
2024-01-10T16:29:00.000Z;ENTRADA;Venda;Venda #685929;170;Pix
2024-01-10T16:25:00.000Z;ENTRADA;Venda;Venda #685929;45;Pix
2024-01-10T16:20:00.000Z;ENTRADA;Venda;Venda #685929;360;Pix
2024-01-10T16:13:00.000Z;ENTRADA;Venda;Venda #685929;16;Pix
2024-01-10T16:04:00.000Z;ENTRADA;Venda;Venda #685929;135;Pix
2024-01-10T16:01:00.000Z;ENTRADA;Venda;Venda #685929;45;Pix
2024-01-10T16:00:00.000Z;ENTRADA;Venda;Venda #685929;90;Pix
2024-01-10T15:52:00.000Z;ENTRADA;Venda;Venda #685929;24;Pix
2024-01-10T15:51:00.000Z;ENTRADA;Venda;Venda #685929;45;Pix
2024-01-10T15:35:00.000Z;ENTRADA;Venda;Venda #685929;45;Pix
2024-01-10T15:35:00.000Z;ENTRADA;Venda;Venda #685929;170;Pix
2024-01-10T15:25:00.000Z;ENTRADA;Venda;Venda #685929;90;Pix
2024-01-10T15:23:00.000Z;ENTRADA;Venda;Venda #685929;135;Pix
2024-01-10T15:16:00.000Z;ENTRADA;Venda;Venda #685929;24;Pix
2024-01-10T15:14:00.000Z;ENTRADA;Venda;Venda #685929;24;Pix
2024-01-10T15:13:00.000Z;ENTRADA;Venda;Venda #685929;8;Pix
2024-01-10T15:13:00.000Z;ENTRADA;Venda;Venda #685929;120;Pix
2024-01-10T15:02:00.000Z;ENTRADA;Venda;Venda #685929;8;Pix
2024-01-10T03:00:00.000Z;SAÍDA;DESPESAS OPERACIONAIS;Energia Elétrica - Mês 1;-4500;Dinheiro/Banco
2024-01-09T22:58:00.000Z;ENTRADA;Venda;Venda #685929;8;Pix
2024-01-09T22:52:00.000Z;ENTRADA;Venda;Venda #685929;240;Pix
2024-01-09T22:33:00.000Z;ENTRADA;Venda;Venda #685929;135;Pix
2024-01-09T22:17:00.000Z;ENTRADA;Venda;Venda #685929;170;Pix
2024-01-09T22:12:00.000Z;ENTRADA;Venda;Venda #685929;120;Pix
2024-01-09T22:03:00.000Z;ENTRADA;Venda;Venda #685929;45;Pix
2024-01-09T22:01:00.000Z;ENTRADA;Venda;Venda #685929;8;Pix
2024-01-09T21:49:00.000Z;ENTRADA;Venda;Venda #685929;8;Pix
2024-01-09T21:28:00.000Z;ENTRADA;Venda;Venda #685929;85;Pix
2024-01-09T21:21:00.000Z;ENTRADA;Venda;Venda #685929;170;Pix
2024-01-09T21:19:00.000Z;ENTRADA;Venda;Venda #685929;16;Pix
2024-01-09T21:13:00.000Z;ENTRADA;Venda;Venda #685929;240;Pix
2024-01-09T21:09:00.000Z;ENTRADA;Venda;Venda #685929;24;Pix
2024-01-09T21:03:00.000Z;ENTRADA;Venda;Venda #685929;360;Pix
2024-01-09T20:56:00.000Z;ENTRADA;Venda;Venda #685929;16;Pix
2024-01-09T20:53:00.000Z;ENTRADA;Venda;Venda #685929;16;Pix
2024-01-09T20:44:00.000Z;ENTRADA;Venda;Venda #685929;360;Pix
2024-01-09T20:29:00.000Z;ENTRADA;Venda;Venda #685929;8;Pix
2024-01-09T20:25:00.000Z;ENTRADA;Venda;Venda #685929;240;Pix
2024-01-09T20:25:00.000Z;ENTRADA;Venda;Venda #685929;90;Pix
2024-01-09T20:19:00.000Z;ENTRADA;Venda;Venda #685929;240;Pix
2024-01-09T20:14:00.000Z;ENTRADA;Venda;Venda #685929;16;Pix
2024-01-09T20:13:00.000Z;ENTRADA;Venda;Venda #685929;8;Pix
2024-01-09T20:05:00.000Z;ENTRADA;Venda;Venda #685929;45;Pix
2024-01-09T20:00:00.000Z;ENTRADA;Venda;Venda #685929;16;Pix
2024-01-09T19:56:00.000Z;ENTRADA;Venda;Venda #685929;170;Pix
2024-01-09T19:40:00.000Z;ENTRADA;Venda;Venda #685929;45;Pix
2024-01-09T19:39:00.000Z;ENTRADA;Venda;Venda #685929;8;Pix
2024-01-09T19:36:00.000Z;ENTRADA;Venda;Venda #685929;360;Pix
2024-01-09T19:36:00.000Z;ENTRADA;Venda;Venda #685929;135;Pix
2024-01-09T19:23:00.000Z;ENTRADA;Venda;Venda #685929;85;Pix
2024-01-09T19:12:00.000Z;ENTRADA;Venda;Venda #685929;85;Pix
2024-01-09T19:12:00.000Z;ENTRADA;Venda;Venda #685929;45;Pix
2024-01-09T18:38:00.000Z;ENTRADA;Venda;Venda #685929;24;Pix
2024-01-09T18:36:00.000Z;ENTRADA;Venda;Venda #685929;8;Pix
2024-01-09T18:33:00.000Z;ENTRADA;Venda;Venda #685929;135;Pix
2024-01-09T18:28:00.000Z;ENTRADA;Venda;Venda #685929;90;Pix
2024-01-09T18:23:00.000Z;ENTRADA;Venda;Venda #685929;8;Pix
2024-01-09T17:46:00.000Z;ENTRADA;Venda;Venda #685929;240;Pix
2024-01-09T17:34:00.000Z;ENTRADA;Venda;Venda #685929;85;Pix
2024-01-09T17:21:00.000Z;ENTRADA;Venda;Venda #685929;120;Pix
2024-01-09T17:18:00.000Z;ENTRADA;Venda;Venda #685929;90;Pix
2024-01-09T17:16:00.000Z;ENTRADA;Venda;Venda #685929;120;Pix
2024-01-09T17:14:00.000Z;ENTRADA;Venda;Venda #685929;255;Pix
2024-01-09T17:12:00.000Z;ENTRADA;Venda;Venda #685929;8;Pix
2024-01-09T17:12:00.000Z;ENTRADA;Venda;Venda #685929;135;Pix
2024-01-09T16:56:00.000Z;ENTRADA;Venda;Venda #685929;45;Pix
2024-01-09T16:52:00.000Z;ENTRADA;Venda;Venda #685929;85;Pix
2024-01-09T16:43:00.000Z;ENTRADA;Venda;Venda #685929;255;Pix
2024-01-09T16:36:00.000Z;ENTRADA;Venda;Venda #685929;16;Pix
2024-01-09T16:34:00.000Z;ENTRADA;Venda;Venda #685929;135;Pix
2024-01-09T16:26:00.000Z;ENTRADA;Venda;Venda #685929;170;Pix
2024-01-09T16:21:00.000Z;ENTRADA;Venda;Venda #685929;360;Pix
2024-01-09T16:02:00.000Z;ENTRADA;Venda;Venda #685929;24;Pix
2024-01-09T15:58:00.000Z;ENTRADA;Venda;Venda #685929;170;Pix
2024-01-09T15:55:00.000Z;ENTRADA;Venda;Venda #685929;8;Pix
2024-01-09T15:39:00.000Z;ENTRADA;Venda;Venda #685929;85;Pix
2024-01-09T15:27:00.000Z;ENTRADA;Venda;Venda #685929;16;Pix
2024-01-09T15:20:00.000Z;ENTRADA;Venda;Venda #685929;90;Pix
2024-01-09T15:11:00.000Z;ENTRADA;Venda;Venda #685929;85;Pix
2024-01-09T15:09:00.000Z;ENTRADA;Venda;Venda #685929;85;Pix
2024-01-09T15:05:00.000Z;ENTRADA;Venda;Venda #685929;16;Pix
2024-01-09T03:00:00.000Z;SAÍDA;DESPESAS OPERACIONAIS;Compra de Insumos Reposição;-2102.3488425284213;Dinheiro/Banco
2024-01-08T22:55:00.000Z;ENTRADA;Venda;Venda #685929;8;Pix
2024-01-08T22:49:00.000Z;ENTRADA;Venda;Venda #685929;135;Pix
2024-01-08T22:43:00.000Z;ENTRADA;Venda;Venda #685929;120;Pix
2024-01-08T22:39:00.000Z;ENTRADA;Venda;Venda #685929;120;Pix
2024-01-08T22:38:00.000Z;ENTRADA;Venda;Venda #685929;24;Pix
2024-01-08T22:30:00.000Z;ENTRADA;Venda;Venda #685929;170;Pix
2024-01-08T22:20:00.000Z;ENTRADA;Venda;Venda #685929;16;Pix
2024-01-08T22:17:00.000Z;ENTRADA;Venda;Venda #685929;16;Pix
2024-01-08T22:13:00.000Z;ENTRADA;Venda;Venda #685929;120;Pix
2024-01-08T22:04:00.000Z;ENTRADA;Venda;Venda #685929;120;Pix
2024-01-08T21:50:00.000Z;ENTRADA;Venda;Venda #685929;16;Pix
2024-01-08T21:47:00.000Z;ENTRADA;Venda;Venda #685929;90;Pix
2024-01-08T21:39:00.000Z;ENTRADA;Venda;Venda #685929;45;Pix
2024-01-08T21:38:00.000Z;ENTRADA;Venda;Venda #685929;255;Pix
2024-01-08T21:38:00.000Z;ENTRADA;Venda;Venda #685929;135;Pix
2024-01-08T21:35:00.000Z;ENTRADA;Venda;Venda #685929;24;Pix
2024-01-08T21:27:00.000Z;ENTRADA;Venda;Venda #685929;170;Pix
2024-01-08T20:34:00.000Z;ENTRADA;Venda;Venda #685929;24;Pix
2024-01-08T20:07:00.000Z;ENTRADA;Venda;Venda #685929;85;Pix
2024-01-08T20:06:00.000Z;ENTRADA;Venda;Venda #685929;120;Pix
2024-01-08T19:49:00.000Z;ENTRADA;Venda;Venda #685929;45;Pix
2024-01-08T19:37:00.000Z;ENTRADA;Venda;Venda #685929;120;Pix
2024-01-08T19:33:00.000Z;ENTRADA;Venda;Venda #685929;24;Pix
2024-01-08T18:57:00.000Z;ENTRADA;Venda;Venda #685929;170;Pix
2024-01-08T18:52:00.000Z;ENTRADA;Venda;Venda #685929;135;Pix
2024-01-08T18:48:00.000Z;ENTRADA;Venda;Venda #685929;8;Pix
2024-01-08T18:30:00.000Z;ENTRADA;Venda;Venda #685929;90;Pix
2024-01-08T18:23:00.000Z;ENTRADA;Venda;Venda #685929;135;Pix
2024-01-08T18:19:00.000Z;ENTRADA;Venda;Venda #685929;16;Pix
2024-01-08T18:18:00.000Z;ENTRADA;Venda;Venda #685929;90;Pix
2024-01-08T17:53:00.000Z;ENTRADA;Venda;Venda #685929;170;Pix
2024-01-08T17:50:00.000Z;ENTRADA;Venda;Venda #685929;8;Pix
2024-01-08T17:49:00.000Z;ENTRADA;Venda;Venda #685929;16;Pix
2024-01-08T17:41:00.000Z;ENTRADA;Venda;Venda #685929;120;Pix
2024-01-08T17:32:00.000Z;ENTRADA;Venda;Venda #685929;255;Pix
2024-01-08T17:20:00.000Z;ENTRADA;Venda;Venda #685929;8;Pix
2024-01-08T17:20:00.000Z;ENTRADA;Venda;Venda #685929;360;Pix
2024-01-08T17:19:00.000Z;ENTRADA;Venda;Venda #685929;24;Pix
2024-01-08T17:18:00.000Z;ENTRADA;Venda;Venda #685929;90;Pix
2024-01-08T17:08:00.000Z;ENTRADA;Venda;Venda #685929;45;Pix
2024-01-08T16:48:00.000Z;ENTRADA;Venda;Venda #685929;170;Pix
2024-01-08T16:48:00.000Z;ENTRADA;Venda;Venda #685929;135;Pix
2024-01-08T16:33:00.000Z;ENTRADA;Venda;Venda #685929;120;Pix
2024-01-08T16:32:00.000Z;ENTRADA;Venda;Venda #685929;170;Pix
2024-01-08T16:30:00.000Z;ENTRADA;Venda;Venda #685929;255;Pix
2024-01-08T16:19:00.000Z;ENTRADA;Venda;Venda #685929;360;Pix
2024-01-08T16:19:00.000Z;ENTRADA;Venda;Venda #685929;24;Pix
2024-01-08T16:05:00.000Z;ENTRADA;Venda;Venda #685929;240;Pix
2024-01-08T15:53:00.000Z;ENTRADA;Venda;Venda #685929;8;Pix
2024-01-08T15:48:00.000Z;ENTRADA;Venda;Venda #685929;16;Pix
2024-01-08T15:46:00.000Z;ENTRADA;Venda;Venda #685929;255;Pix
2024-01-08T15:43:00.000Z;ENTRADA;Venda;Venda #685929;360;Pix
2024-01-08T15:43:00.000Z;ENTRADA;Venda;Venda #685929;24;Pix
2024-01-08T15:31:00.000Z;ENTRADA;Venda;Venda #685929;85;Pix
2024-01-08T15:06:00.000Z;ENTRADA;Venda;Venda #685929;135;Pix
2024-01-08T15:04:00.000Z;ENTRADA;Venda;Venda #685929;240;Pix
2024-01-08T15:02:00.000Z;ENTRADA;Venda;Venda #685929;360;Pix
2024-01-06T03:00:00.000Z;SAÍDA;DESPESAS OPERACIONAIS;Folha de Pagamento - Mês 1;-28000;Dinheiro/Banco
2024-01-06T03:00:00.000Z;SAÍDA;DESPESAS OPERACIONAIS;Compra de Insumos Reposição;-2192.0706991538177;Dinheiro/Banco
2024-01-05T22:49:00.000Z;ENTRADA;Venda;Venda #685928;240;Pix
2024-01-05T22:38:00.000Z;ENTRADA;Venda;Venda #685928;255;Pix
2024-01-05T22:22:00.000Z;ENTRADA;Venda;Venda #685928;240;Pix
2024-01-05T22:16:00.000Z;ENTRADA;Venda;Venda #685928;90;Pix
2024-01-05T22:10:00.000Z;ENTRADA;Venda;Venda #685928;8;Pix
2024-01-05T22:10:00.000Z;ENTRADA;Venda;Venda #685929;255;Pix
2024-01-05T22:08:00.000Z;ENTRADA;Venda;Venda #685928;360;Pix
2024-01-05T22:04:00.000Z;ENTRADA;Venda;Venda #685928;255;Pix
2024-01-05T22:03:00.000Z;ENTRADA;Venda;Venda #685928;255;Pix
2024-01-05T21:35:00.000Z;ENTRADA;Venda;Venda #685928;120;Pix
2024-01-05T21:05:00.000Z;ENTRADA;Venda;Venda #685928;240;Pix
2024-01-05T21:05:00.000Z;ENTRADA;Venda;Venda #685929;255;Pix
2024-01-05T21:01:00.000Z;ENTRADA;Venda;Venda #685928;360;Pix
2024-01-05T20:16:00.000Z;ENTRADA;Venda;Venda #685928;120;Pix
2024-01-05T20:14:00.000Z;ENTRADA;Venda;Venda #685929;240;Pix
2024-01-05T20:10:00.000Z;ENTRADA;Venda;Venda #685928;255;Pix
2024-01-05T19:47:00.000Z;ENTRADA;Venda;Venda #685928;360;Pix
2024-01-05T19:34:00.000Z;ENTRADA;Venda;Venda #685928;8;Pix
2024-01-05T19:32:00.000Z;ENTRADA;Venda;Venda #685928;170;Pix
2024-01-05T19:26:00.000Z;ENTRADA;Venda;Venda #685928;90;Pix
2024-01-05T19:18:00.000Z;ENTRADA;Venda;Venda #685928;360;Pix
2024-01-05T19:17:00.000Z;ENTRADA;Venda;Venda #685928;45;Pix
2024-01-05T19:09:00.000Z;ENTRADA;Venda;Venda #685928;255;Pix
2024-01-05T18:52:00.000Z;ENTRADA;Venda;Venda #685928;8;Pix
2024-01-05T18:51:00.000Z;ENTRADA;Venda;Venda #685928;120;Pix
2024-01-05T18:50:00.000Z;ENTRADA;Venda;Venda #685928;120;Pix
2024-01-05T18:26:00.000Z;ENTRADA;Venda;Venda #685928;135;Pix
2024-01-05T18:22:00.000Z;ENTRADA;Venda;Venda #685928;120;Pix
2024-01-05T17:55:00.000Z;ENTRADA;Venda;Venda #685928;120;Pix
2024-01-05T17:46:00.000Z;ENTRADA;Venda;Venda #685928;8;Pix
2024-01-05T17:43:00.000Z;ENTRADA;Venda;Venda #685928;170;Pix
2024-01-05T17:15:00.000Z;ENTRADA;Venda;Venda #685928;170;Pix
2024-01-05T17:09:00.000Z;ENTRADA;Venda;Venda #685928;240;Pix
2024-01-05T16:54:00.000Z;ENTRADA;Venda;Venda #685928;24;Pix
2024-01-05T16:18:00.000Z;ENTRADA;Venda;Venda #685928;120;Pix
2024-01-05T16:13:00.000Z;ENTRADA;Venda;Venda #685928;24;Pix
2024-01-05T16:10:00.000Z;ENTRADA;Venda;Venda #685929;90;Pix
2024-01-05T15:54:00.000Z;ENTRADA;Venda;Venda #685929;24;Pix
2024-01-05T15:53:00.000Z;ENTRADA;Venda;Venda #685928;90;Pix
2024-01-05T15:44:00.000Z;ENTRADA;Venda;Venda #685928;16;Pix
2024-01-05T15:32:00.000Z;ENTRADA;Venda;Venda #685928;90;Pix
2024-01-05T15:09:00.000Z;ENTRADA;Venda;Venda #685928;8;Pix
2024-01-05T03:00:00.000Z;SAÍDA;DESPESAS OPERACIONAIS;Aluguel Mensal - Mês 1;-12000;Dinheiro/Banco
2024-01-04T22:53:00.000Z;ENTRADA;Venda;Venda #685928;120;Pix
2024-01-04T22:48:00.000Z;ENTRADA;Venda;Venda #685928;8;Pix
2024-01-04T22:42:00.000Z;ENTRADA;Venda;Venda #685928;135;Pix
2024-01-04T22:36:00.000Z;ENTRADA;Venda;Venda #685928;45;Pix
2024-01-04T22:36:00.000Z;ENTRADA;Venda;Venda #685928;16;Pix
2024-01-04T22:35:00.000Z;ENTRADA;Venda;Venda #685928;8;Pix
2024-01-04T22:31:00.000Z;ENTRADA;Venda;Venda #685928;16;Pix
2024-01-04T22:09:00.000Z;ENTRADA;Venda;Venda #685928;85;Pix
2024-01-04T21:49:00.000Z;ENTRADA;Venda;Venda #685928;24;Pix
2024-01-04T21:49:00.000Z;ENTRADA;Venda;Venda #685928;120;Pix
2024-01-04T21:40:00.000Z;ENTRADA;Venda;Venda #685928;255;Pix
2024-01-04T21:36:00.000Z;ENTRADA;Venda;Venda #685928;16;Pix
2024-01-04T21:27:00.000Z;ENTRADA;Venda;Venda #685928;120;Pix
2024-01-04T21:20:00.000Z;ENTRADA;Venda;Venda #685928;120;Pix
2024-01-04T21:18:00.000Z;ENTRADA;Venda;Venda #685928;24;Pix
2024-01-04T21:03:00.000Z;ENTRADA;Venda;Venda #685928;90;Pix
2024-01-04T21:01:00.000Z;ENTRADA;Venda;Venda #685928;90;Pix
2024-01-04T20:50:00.000Z;ENTRADA;Venda;Venda #685928;135;Pix
2024-01-04T19:54:00.000Z;ENTRADA;Venda;Venda #685928;120;Pix
2024-01-04T19:39:00.000Z;ENTRADA;Venda;Venda #685928;85;Pix
2024-01-04T19:39:00.000Z;ENTRADA;Venda;Venda #685928;90;Pix
2024-01-04T19:32:00.000Z;ENTRADA;Venda;Venda #685928;255;Pix
2024-01-04T19:28:00.000Z;ENTRADA;Venda;Venda #685928;8;Pix
2024-01-04T19:26:00.000Z;ENTRADA;Venda;Venda #685928;135;Pix
2024-01-04T19:24:00.000Z;ENTRADA;Venda;Venda #685928;45;Pix
2024-01-04T19:20:00.000Z;ENTRADA;Venda;Venda #685928;8;Pix
2024-01-04T19:20:00.000Z;ENTRADA;Venda;Venda #685928;170;Pix
2024-01-04T19:15:00.000Z;ENTRADA;Venda;Venda #685928;24;Pix
2024-01-04T19:12:00.000Z;ENTRADA;Venda;Venda #685928;170;Pix
2024-01-04T19:03:00.000Z;ENTRADA;Venda;Venda #685928;45;Pix
2024-01-04T18:54:00.000Z;ENTRADA;Venda;Venda #685928;16;Pix
2024-01-04T18:52:00.000Z;ENTRADA;Venda;Venda #685928;240;Pix
2024-01-04T18:50:00.000Z;ENTRADA;Venda;Venda #685928;360;Pix
2024-01-04T18:41:00.000Z;ENTRADA;Venda;Venda #685928;45;Pix
2024-01-04T18:38:00.000Z;ENTRADA;Venda;Venda #685928;16;Pix
2024-01-04T18:37:00.000Z;ENTRADA;Venda;Venda #685928;85;Pix
2024-01-04T18:35:00.000Z;ENTRADA;Venda;Venda #685928;90;Pix
2024-01-04T18:34:00.000Z;ENTRADA;Venda;Venda #685928;360;Pix
2024-01-04T18:28:00.000Z;ENTRADA;Venda;Venda #685928;135;Pix
2024-01-04T18:26:00.000Z;ENTRADA;Venda;Venda #685928;120;Pix
2024-01-04T18:23:00.000Z;ENTRADA;Venda;Venda #685928;90;Pix
2024-01-04T18:22:00.000Z;ENTRADA;Venda;Venda #685928;45;Pix
2024-01-04T18:18:00.000Z;ENTRADA;Venda;Venda #685928;90;Pix
2024-01-04T18:14:00.000Z;ENTRADA;Venda;Venda #685928;360;Pix
2024-01-04T18:13:00.000Z;ENTRADA;Venda;Venda #685928;240;Pix
2024-01-04T17:44:00.000Z;ENTRADA;Venda;Venda #685928;255;Pix
2024-01-04T17:38:00.000Z;ENTRADA;Venda;Venda #685928;16;Pix
2024-01-04T17:18:00.000Z;ENTRADA;Venda;Venda #685928;120;Pix
2024-01-04T17:12:00.000Z;ENTRADA;Venda;Venda #685928;135;Pix
2024-01-04T17:05:00.000Z;ENTRADA;Venda;Venda #685928;16;Pix
2024-01-04T16:58:00.000Z;ENTRADA;Venda;Venda #685928;135;Pix
2024-01-04T16:56:00.000Z;ENTRADA;Venda;Venda #685928;240;Pix
2024-01-04T16:49:00.000Z;ENTRADA;Venda;Venda #685928;135;Pix
2024-01-04T16:39:00.000Z;ENTRADA;Venda;Venda #685928;360;Pix
2024-01-04T16:37:00.000Z;ENTRADA;Venda;Venda #685928;85;Pix
2024-01-04T15:51:00.000Z;ENTRADA;Venda;Venda #685928;120;Pix
2024-01-04T15:00:00.000Z;ENTRADA;Venda;Venda #685928;170;Pix
2024-01-03T22:49:00.000Z;ENTRADA;Venda;Venda #685928;8;Pix
2024-01-03T22:42:00.000Z;ENTRADA;Venda;Venda #685928;16;Pix
2024-01-03T22:40:00.000Z;ENTRADA;Venda;Venda #685928;360;Pix
2024-01-03T22:40:00.000Z;ENTRADA;Venda;Venda #685928;24;Pix
2024-01-03T22:16:00.000Z;ENTRADA;Venda;Venda #685928;8;Pix
2024-01-03T22:02:00.000Z;ENTRADA;Venda;Venda #685928;135;Pix
2024-01-03T21:54:00.000Z;ENTRADA;Venda;Venda #685928;85;Pix
2024-01-03T21:13:00.000Z;ENTRADA;Venda;Venda #685928;120;Pix
2024-01-03T20:57:00.000Z;ENTRADA;Venda;Venda #685928;45;Pix
2024-01-03T20:52:00.000Z;ENTRADA;Venda;Venda #685928;360;Pix
2024-01-03T20:46:00.000Z;ENTRADA;Venda;Venda #685928;16;Pix
2024-01-03T20:43:00.000Z;ENTRADA;Venda;Venda #685928;90;Pix
2024-01-03T20:41:00.000Z;ENTRADA;Venda;Venda #685928;90;Pix
2024-01-03T20:39:00.000Z;ENTRADA;Venda;Venda #685928;135;Pix
2024-01-03T20:26:00.000Z;ENTRADA;Venda;Venda #685928;24;Pix
2024-01-03T20:20:00.000Z;ENTRADA;Venda;Venda #685928;120;Pix
2024-01-03T20:18:00.000Z;ENTRADA;Venda;Venda #685928;360;Pix
2024-01-03T20:13:00.000Z;ENTRADA;Venda;Venda #685928;45;Pix
2024-01-03T20:12:00.000Z;ENTRADA;Venda;Venda #685928;90;Pix
2024-01-03T19:44:00.000Z;ENTRADA;Venda;Venda #685928;255;Pix
2024-01-03T19:40:00.000Z;ENTRADA;Venda;Venda #685928;16;Pix
2024-01-03T19:27:00.000Z;ENTRADA;Venda;Venda #685928;90;Pix
2024-01-03T19:19:00.000Z;ENTRADA;Venda;Venda #685928;24;Pix
2024-01-03T19:14:00.000Z;ENTRADA;Venda;Venda #685928;240;Pix
2024-01-03T18:47:00.000Z;ENTRADA;Venda;Venda #685928;24;Pix
2024-01-03T18:36:00.000Z;ENTRADA;Venda;Venda #685928;240;Pix
2024-01-03T18:35:00.000Z;ENTRADA;Venda;Venda #685928;45;Pix
2024-01-03T18:31:00.000Z;ENTRADA;Venda;Venda #685928;120;Pix
2024-01-03T18:25:00.000Z;ENTRADA;Venda;Venda #685928;90;Pix
2024-01-03T17:56:00.000Z;ENTRADA;Venda;Venda #685928;170;Pix
2024-01-03T17:56:00.000Z;ENTRADA;Venda;Venda #685928;85;Pix
2024-01-03T17:55:00.000Z;ENTRADA;Venda;Venda #685928;120;Pix
2024-01-03T17:54:00.000Z;ENTRADA;Venda;Venda #685928;240;Pix
2024-01-03T17:33:00.000Z;ENTRADA;Venda;Venda #685928;360;Pix
2024-01-03T17:18:00.000Z;ENTRADA;Venda;Venda #685928;240;Pix
2024-01-03T17:00:00.000Z;ENTRADA;Venda;Venda #685928;255;Pix
2024-01-03T16:49:00.000Z;ENTRADA;Venda;Venda #685928;240;Pix
2024-01-03T16:33:00.000Z;ENTRADA;Venda;Venda #685928;135;Pix
2024-01-03T16:30:00.000Z;ENTRADA;Venda;Venda #685928;360;Pix
2024-01-03T16:21:00.000Z;ENTRADA;Venda;Venda #685928;45;Pix
2024-01-03T16:07:00.000Z;ENTRADA;Venda;Venda #685928;24;Pix
2024-01-03T15:50:00.000Z;ENTRADA;Venda;Venda #685928;45;Pix
2024-01-03T15:50:00.000Z;ENTRADA;Venda;Venda #685928;255;Pix
2024-01-03T15:44:00.000Z;ENTRADA;Venda;Venda #685928;24;Pix
2024-01-03T15:43:00.000Z;ENTRADA;Venda;Venda #685928;90;Pix
2024-01-03T15:42:00.000Z;ENTRADA;Venda;Venda #685928;255;Pix
2024-01-03T15:38:00.000Z;ENTRADA;Venda;Venda #685928;8;Pix
2024-01-03T15:31:00.000Z;ENTRADA;Venda;Venda #685928;120;Pix
2024-01-03T15:28:00.000Z;ENTRADA;Venda;Venda #685928;360;Pix
2024-01-03T03:00:00.000Z;SAÍDA;DESPESAS OPERACIONAIS;Compra de Insumos Reposição;-1910.8976121236437;Dinheiro/Banco
2024-01-02T22:54:00.000Z;ENTRADA;Venda;Venda #685928;170;Pix
2024-01-02T22:51:00.000Z;ENTRADA;Venda;Venda #685928;85;Pix
2024-01-02T22:33:00.000Z;ENTRADA;Venda;Venda #685928;170;Pix
2024-01-02T22:13:00.000Z;ENTRADA;Venda;Venda #685928;24;Pix
2024-01-02T22:10:00.000Z;ENTRADA;Venda;Venda #685928;90;Pix
2024-01-02T22:10:00.000Z;ENTRADA;Venda;Venda #685928;135;Pix
2024-01-02T21:58:00.000Z;ENTRADA;Venda;Venda #685928;24;Pix
2024-01-02T21:56:00.000Z;ENTRADA;Venda;Venda #685928;135;Pix
2024-01-02T21:39:00.000Z;ENTRADA;Venda;Venda #685928;170;Pix
2024-01-02T21:36:00.000Z;ENTRADA;Venda;Venda #685928;90;Pix
2024-01-02T21:30:00.000Z;ENTRADA;Venda;Venda #685928;120;Pix
2024-01-02T21:27:00.000Z;ENTRADA;Venda;Venda #685928;8;Pix
2024-01-02T21:12:00.000Z;ENTRADA;Venda;Venda #685928;240;Pix
2024-01-02T21:08:00.000Z;ENTRADA;Venda;Venda #685928;135;Pix
2024-01-02T20:27:00.000Z;ENTRADA;Venda;Venda #685928;120;Pix
2024-01-02T20:27:00.000Z;ENTRADA;Venda;Venda #685928;120;Pix
2024-01-02T20:13:00.000Z;ENTRADA;Venda;Venda #685928;24;Pix
2024-01-02T20:11:00.000Z;ENTRADA;Venda;Venda #685928;24;Pix
2024-01-02T20:08:00.000Z;ENTRADA;Venda;Venda #685928;8;Pix
2024-01-02T19:52:00.000Z;ENTRADA;Venda;Venda #685928;16;Pix
2024-01-02T19:44:00.000Z;ENTRADA;Venda;Venda #685928;170;Pix
2024-01-02T18:54:00.000Z;ENTRADA;Venda;Venda #685928;240;Pix
2024-01-02T18:31:00.000Z;ENTRADA;Venda;Venda #685928;360;Pix
2024-01-02T18:30:00.000Z;ENTRADA;Venda;Venda #685928;360;Pix
2024-01-02T18:26:00.000Z;ENTRADA;Venda;Venda #685928;85;Pix
2024-01-02T17:46:00.000Z;ENTRADA;Venda;Venda #685928;45;Pix
2024-01-02T17:42:00.000Z;ENTRADA;Venda;Venda #685928;90;Pix
2024-01-02T17:30:00.000Z;ENTRADA;Venda;Venda #685928;170;Pix
2024-01-02T17:25:00.000Z;ENTRADA;Venda;Venda #685928;8;Pix
2024-01-02T17:19:00.000Z;ENTRADA;Venda;Venda #685928;360;Pix
2024-01-02T17:16:00.000Z;ENTRADA;Venda;Venda #685928;85;Pix
2024-01-02T17:16:00.000Z;ENTRADA;Venda;Venda #685928;85;Pix
2024-01-02T17:13:00.000Z;ENTRADA;Venda;Venda #685928;360;Pix
2024-01-02T17:11:00.000Z;ENTRADA;Venda;Venda #685928;360;Pix
2024-01-02T17:05:00.000Z;ENTRADA;Venda;Venda #685928;85;Pix
2024-01-02T16:53:00.000Z;ENTRADA;Venda;Venda #685928;85;Pix
2024-01-02T16:47:00.000Z;ENTRADA;Venda;Venda #685928;170;Pix
2024-01-02T16:42:00.000Z;ENTRADA;Venda;Venda #685928;45;Pix
2024-01-02T16:35:00.000Z;ENTRADA;Venda;Venda #685928;16;Pix
2024-01-02T16:33:00.000Z;ENTRADA;Venda;Venda #685928;255;Pix
2024-01-02T16:32:00.000Z;ENTRADA;Venda;Venda #685928;240;Pix
2024-01-02T16:22:00.000Z;ENTRADA;Venda;Venda #685928;90;Pix
2024-01-02T16:05:00.000Z;ENTRADA;Venda;Venda #685928;255;Pix
2024-01-02T15:58:00.000Z;ENTRADA;Venda;Venda #685928;16;Pix
2024-01-02T15:50:00.000Z;ENTRADA;Venda;Venda #685928;170;Pix
2024-01-02T15:32:00.000Z;ENTRADA;Venda;Venda #685928;45;Pix
2024-01-02T15:29:00.000Z;ENTRADA;Venda;Venda #685928;255;Pix
2024-01-02T15:06:00.000Z;ENTRADA;Venda;Venda #685928;120;Pix
2024-01-01T22:54:00.000Z;ENTRADA;Venda;Venda #685928;170;Pix
2024-01-01T22:46:00.000Z;ENTRADA;Venda;Venda #685928;120;Pix
2024-01-01T22:33:00.000Z;ENTRADA;Venda;Venda #685928;135;Pix
2024-01-01T22:23:00.000Z;ENTRADA;Venda;Venda #685928;120;Pix
2024-01-01T22:12:00.000Z;ENTRADA;Venda;Venda #685928;120;Pix
2024-01-01T22:08:00.000Z;ENTRADA;Venda;Venda #685928;170;Pix
2024-01-01T22:06:00.000Z;ENTRADA;Venda;Venda #685928;120;Pix
2024-01-01T21:57:00.000Z;ENTRADA;Venda;Venda #685928;45;Pix
2024-01-01T21:52:00.000Z;ENTRADA;Venda;Venda #685928;135;Pix
2024-01-01T21:46:00.000Z;ENTRADA;Venda;Venda #685928;255;Pix
2024-01-01T21:24:00.000Z;ENTRADA;Venda;Venda #685928;85;Pix
2024-01-01T21:09:00.000Z;ENTRADA;Venda;Venda #685928;240;Pix
2024-01-01T20:38:00.000Z;ENTRADA;Venda;Venda #685928;45;Pix
2024-01-01T20:32:00.000Z;ENTRADA;Venda;Venda #685928;255;Pix
2024-01-01T20:15:00.000Z;ENTRADA;Venda;Venda #685928;120;Pix
2024-01-01T20:12:00.000Z;ENTRADA;Venda;Venda #685928;16;Pix
2024-01-01T20:10:00.000Z;ENTRADA;Venda;Venda #685928;16;Pix
2024-01-01T20:01:00.000Z;ENTRADA;Venda;Venda #685928;135;Pix
2024-01-01T19:31:00.000Z;ENTRADA;Venda;Venda #685928;120;Pix
2024-01-01T19:19:00.000Z;ENTRADA;Venda;Venda #685928;120;Pix
2024-01-01T19:03:00.000Z;ENTRADA;Venda;Venda #685928;90;Pix
2024-01-01T18:58:00.000Z;ENTRADA;Venda;Venda #685928;255;Pix
2024-01-01T18:57:00.000Z;ENTRADA;Venda;Venda #685928;85;Pix
2024-01-01T18:55:00.000Z;ENTRADA;Venda;Venda #685928;360;Pix
2024-01-01T18:54:00.000Z;ENTRADA;Venda;Venda #685928;8;Pix
2024-01-01T18:43:00.000Z;ENTRADA;Venda;Venda #685928;170;Pix
2024-01-01T18:18:00.000Z;ENTRADA;Venda;Venda #685928;45;Pix
2024-01-01T18:00:00.000Z;ENTRADA;Venda;Venda #685928;255;Pix
2024-01-01T17:54:00.000Z;ENTRADA;Venda;Venda #685928;240;Pix
2024-01-01T17:52:00.000Z;ENTRADA;Venda;Venda #685928;120;Pix
2024-01-01T17:50:00.000Z;ENTRADA;Venda;Venda #685928;45;Pix
2024-01-01T17:45:00.000Z;ENTRADA;Venda;Venda #685928;255;Pix
2024-01-01T17:31:00.000Z;ENTRADA;Venda;Venda #685928;135;Pix
2024-01-01T17:21:00.000Z;ENTRADA;Venda;Venda #685928;8;Pix
2024-01-01T17:20:00.000Z;ENTRADA;Venda;Venda #685928;120;Pix
2024-01-01T17:20:00.000Z;ENTRADA;Venda;Venda #685928;45;Pix
2024-01-01T17:20:00.000Z;ENTRADA;Venda;Venda #685928;85;Pix
2024-01-01T17:15:00.000Z;ENTRADA;Venda;Venda #685928;16;Pix
2024-01-01T17:04:00.000Z;ENTRADA;Venda;Venda #685928;8;Pix
2024-01-01T17:02:00.000Z;ENTRADA;Venda;Venda #685928;255;Pix
2024-01-01T17:01:00.000Z;ENTRADA;Venda;Venda #685928;16;Pix
2024-01-01T16:57:00.000Z;ENTRADA;Venda;Venda #685928;24;Pix
2024-01-01T16:57:00.000Z;ENTRADA;Venda;Venda #685928;170;Pix
2024-01-01T16:55:00.000Z;ENTRADA;Venda;Venda #685928;24;Pix
2024-01-01T16:41:00.000Z;ENTRADA;Venda;Venda #685928;90;Pix
2024-01-01T16:17:00.000Z;ENTRADA;Venda;Venda #685928;135;Pix
2024-01-01T16:13:00.000Z;ENTRADA;Venda;Venda #685928;90;Pix
2024-01-01T16:01:00.000Z;ENTRADA;Venda;Venda #685928;360;Pix
2024-01-01T16:00:00.000Z;ENTRADA;Venda;Venda #685928;360;Pix
2024-01-01T15:50:00.000Z;ENTRADA;Venda;Venda #685928;120;Pix
2024-01-01T15:28:00.000Z;ENTRADA;Venda;Venda #685928;90;Pix